PC1,PC2,Cluster
0.8226070798770869,-0.6285566486737697,1
-0.339245902512209,-0.48141409502247423,0
0.14387368827887628,-0.8728166444137408,0
0.470524671752154,-1.0617910139164888,1
-0.42522406521851597,-1.002600607517258,0
-1.3669820160764972,-0.8414201766269569,0
-2.70869831682676,-0.7531268469942298,0
-2.8146779801232107,-0.7924316340866334,0
-3.4673783383852803,-0.6754105931788319,0
-3.53015766563114,-1.2702267028515861,0
-4.515222529698395,-0.5279738195956262,0
-4.638745831610857,-0.4049816540846713,0
-4.076410483316658,-0.5983089803068186,0
-2.637505390296011,-0.9271900634357497,0
-0.3689170634540719,-1.1231736966571992,0
-0.20760970940498996,-0.8900632872098656,0
-1.2811410459115609,-0.907553435689985,0
-1.9964436755028458,-0.9042979903681028,0
-1.7427718141877133,-0.988071775898421,0
-0.7699494985805558,-1.1849931636648903,0
0.714166384952337,-1.2663108976828874,1
-0.005492347188743761,-1.2442089685322824,0
-0.08763513781296312,-1.1980128118733127,0
0.890269298501004,-1.209946473357639,1
3.282835112706738,-1.0071352091681751,1
5.1729164870817295,-1.1919109661108076,1
4.324378428103674,-1.2269836071112712,1
1.2436040723140953,-1.331995979817809,1
-2.1013347190789444,-1.0902304478536775,0
-3.3934867462744243,-0.7988292039688052,0
-2.0681472046127536,-1.2770186309816967,0
-1.9304605604340674,-1.4379053469265939,0
-2.8981126169596205,-1.3278558744874962,0
-3.79957566991259,-1.679350685725729,0
-5.200101351502253,-0.9789228225343565,0
-5.047507861215382,-1.0433766785244134,0
-4.086728404325963,-1.194948465610912,0
-2.3325729428096746,-1.5008978360441292,0
2.3571898605306685,-1.5974660521074675,1
2.8412332243761056,-0.8152998304534002,1
1.013413191172085,-0.8162670501324035,1
0.5660932624784211,-1.0111523200823263,1
-0.2925645793893084,-0.6215134174079471,0
0.06468519676499865,-0.519766151146932,0
0.6101435425125068,-0.47972073081615924,1
1.1289250800723312,-0.5220500118911717,1
0.725601462339961,-0.5255493252001908,1
0.31859333024742265,-0.4059317745078223,0
2.7057041935875583,-0.6534388881160953,1
2.5898189142138075,-0.7469733965716711,1
6.012293780074291,-0.7828723802016948,1
3.4170937199560307,-1.0270720302274505,1
2.1316014620573274,-1.2308243680490898,1
3.846471363180754,-1.0800484565536954,1
-0.07002929285587274,-1.313362023549413,0
-0.9895914292588356,-1.1995025750849777,0
-1.739157225408992,-1.1317813680108233,0
-1.4744770151499054,-1.5504662617556508,0
-1.576702427001741,-1.2925914359955553,0
-3.195984719082285,-1.032540862703143,0
-2.934614186064868,-1.1405575308668274,0
-1.8914375719246925,-1.352628853015565,0
0.4707221843565784,-1.4352168145715252,0
1.6351632795888624,-1.2623757373926088,1
1.410024360314515,-1.1073453648941456,1
2.518369141937541,-1.0065053073005477,1
1.750079261760452,-0.7623967645804718,1
0.5323685885974138,-0.26770017523000295,1
-0.7320294296288336,-0.20155601662768308,0
-0.3086912243635296,-0.2612454901880395,0
0.2219401940184672,-0.43712750515348864,0
0.423776738335876,-0.4830906402008236,1
2.127308720633296,-0.6953501177461479,1
3.407510296723302,-0.8229514133849949,1
3.4589019422208067,-0.8249361382639975,1
3.5308271780556266,-0.9473356276865736,1
2.0571298833411267,-0.833513700810593,1
1.3828747216167214,-0.7938951719637588,1
1.0499459908776452,-0.9762765487169277,1
1.0225856712312125,-0.7662614546516205,1
-0.052716552724760446,-0.8261721765684179,0
0.21065775288845448,-0.9110214923249258,0
-1.6563667313741344,-0.5949904399339482,0
-2.4411472397320457,-0.5847495268890841,0
-2.886207489679927,-0.5533004993445496,0
-2.8952478607677645,-0.7256554018861198,0
-1.8483902912419634,-0.7273809427776422,0
-0.9147232918330342,-0.5728873466958574,0
0.03755952449732174,-0.45071719666881044,0
0.9802055533676044,-0.3383554451698296,1
0.8082707376040886,-0.14121593026730453,1
-0.5699502234890909,0.08429232638370875,0
-0.8705804135626891,0.1330283054875019,0
-0.5551383376099928,0.12630423873033927,0
0.9090830831128722,-0.027938057888325676,1
1.081359716327487,-0.0932840523732597,1
1.1950786658470127,-0.11579153675755983,1
3.948323244316307,-0.41223430059700183,1
4.958466454969953,-0.6061391372334483,1
2.6047164576713167,-0.5295060435554244,1
0.7329593090966945,-0.4392166058440943,1
0.7044883609769005,-0.5436782609850799,1
-0.44700856142123013,-0.47830207751255444,0
-0.6318512209047277,-0.5048848565788165,0
-0.6408431564173577,-0.48190194626394045,0
-1.3443401292822506,-0.8632431964845492,0
-1.83113393199476,-0.45685605631263393,0
-1.7971615849652864,-0.5552680834770874,0
-0.8460590250494392,-0.6132853793699917,0
0.4619790368593264,-0.7448695799024672,1
4.589910083347307,-0.4923182816401051,1
7.2050067113595455,-0.4259141345964113,1
5.279919814261324,-0.49503792064056307,1
3.7356503079416457,-0.35242773051056697,1
2.003111836482707,-0.011791611108146605,1
1.8955943655708958,0.3676780573412946,1
1.7230253812228684,0.5132899805681121,1
0.8626588555248716,0.5204673591147005,1
0.6556624905706234,0.5662641693709753,1
1.7660838663507419,0.5455841864227511,1
6.213005552304443,0.355736326768513,1
7.934938288578392,0.0852999250462219,1
6.371448892167353,0.010832782724430145,1
3.8514848845311835,-0.24516120470890304,1
2.423239591264401,-0.25693828108261296,1
-0.219022197709526,-0.19563972766544288,0
0.5013820135747499,-0.3281199191672686,1
-1.4838609594998096,-0.27208394696678245,0
-2.7851045580228377,-0.0856070201103175,0
-2.5628375315367244,-0.7814378609187161,0
-2.869230711230844,-0.37724421404000646,0
-3.218814370928778,-0.2655922019553087,0
-2.3443950873770567,-0.5545536075077856,0
-1.5597531830685467,-0.6487173555415237,0
2.118980768281667,-0.7064942540087871,1
2.775680690735767,-0.2631510098042303,1
4.824804576717907,-0.4519852885379641,1
3.604432729002509,-0.3269954696381669,1
2.7908347991608804,0.05992298098691921,1
3.7898824597905056,0.14506015966112193,1
3.1137192704242027,0.07018341440498786,1
1.313411836064555,0.32487332014976855,1
1.908756670269665,0.4502004156413888,1
1.8954578739284265,0.37047407789667797,1
2.245601153827297,0.12559370519027505,1
2.860749011369386,0.08602118278786462,1
2.2695537264403156,-0.12327593041672551,1
5.240941278857607,-0.5308434046263302,1
2.060688105137654,-0.3946029831469603,1
0.5520776295361074,-0.36059812692839427,1
-0.1802524185856399,-0.49438372449835766,0
-1.4210174322936762,-0.3763405043360264,0
-2.1342173931298127,-0.42146530763032475,0
-2.4273851448312085,-0.9416801837999983,0
-3.3368441608713955,-0.44638367011248775,0
-3.8206846529297547,-0.3642727026290709,0
-3.4617267235571823,-0.4759857267430267,0
-0.7812968961807012,-0.9124714674134057,0
3.111329584686768,-0.8569726381868874,1
6.233041394859887,-0.279322257220573,1
3.409257549819355,-0.3505521330846197,1
2.1603751210796003,-0.1915716338809275,1
1.5356897071939588,-0.054512628095735344,1
2.1551664938745976,0.059666094441190455,1
1.4543075150971518,0.4121127172153453,1
-0.0014913994327849737,0.3732180072308375,0
1.453760513881784,0.4004791574539662,1
0.3950789034891574,0.3450240231136918,1
4.049266873039667,-0.06303533379653616,1
7.544054804756984,-0.2844502910873872,1
7.2178095236980235,-0.2057560132773097,1
5.604526823097209,-0.46441649834829263,1
2.490345166851848,-0.5528764551899324,1
2.6513288213016972,-0.4604370660213722,1
1.138848307849658,-0.621653295046075,1
-0.545827319783431,-0.58818817927315,0
-1.5273730470934717,-0.43329861625876487,0
-2.012243666563667,-0.8713704280374702,0
-2.6507641664129307,-0.7083135598972438,0
-3.0476441974353703,-0.4844826740158601,0
-2.6821282214043074,-0.7371256209954195,0
-0.757258079502269,-0.8171006314961775,0
3.69250044844468,-0.8762119384041596,1
6.583090222269138,-0.6207667467830864,1
3.8435382145937704,-0.6115381488722791,1
2.1196465097686485,-0.37866078758098104,1
1.2996814574030886,0.009406884474977208,1
1.1368318953247547,0.15700757123932554,1
1.0557440731999115,0.3040256994654258,1
1.0255249045561288,0.2831720188586331,1
2.4214138564315735,0.1843981164245552,1
1.6329545095472597,0.16976087060373826,1
3.1747515814761704,0.04917397744875493,1
4.5100540635828645,-0.20354237914550075,1
4.444747469586293,-0.4863720329661068,1
1.8249388565157778,-0.49111796643218614,1
0.8009602967743978,-0.5070604156398345,1
0.000619896038000283,-0.4701968550945925,0
-0.30861325806264334,-0.6960390686187218,0
-1.2678498995300065,-0.6371193790819217,0
-2.8508681616839158,-0.26531458598848257,0
-3.021719504070276,-0.8432544794915573,0
-4.002566170607021,-0.07986930992211745,0
-4.427846101098485,-0.03566495628631333,0
-3.4121844996589723,-0.3170795831224647,0
-1.216163702940942,-0.5437851970196027,0
3.9076168845755577,-0.8110756489583241,1
5.589481404557824,-0.5699494234645904,1
2.659250706823762,-0.6579253905354098,1
1.914278465105994,-0.529595462888393,1
1.1634712761441115,-0.44308018068325306,1
1.3584055311082341,-0.2634827406282965,1
1.9153002166543072,-0.32106164823475886,1
2.5186683691604927,-0.28066738453992146,1
2.858760277007063,-0.42494980652424935,1
3.3257075360303476,-0.5025144555321261,1
2.8796107508834172,-0.40182636091822654,1
3.279093218108101,-0.4302198100611129,1
2.9166172309164757,-0.3851637440582245,1
2.4922642245551203,-0.5888181691643083,1
0.20366359093833636,-0.4156227324456904,0
-0.06436762350539967,-0.45217109105404985,0
-1.6429127539147186,-0.4972603486383689,0
-1.991535478453775,-0.39773096260307955,0
-2.524535080715562,-0.3766651411320458,0
-2.485008351967716,-0.7583338797570557,0
-3.3422256904538297,-0.15750117785863318,0
-3.1873555691996738,-0.14195726258094915,0
-3.1438864655459997,-0.273676901563462,0
-1.8914568764056847,-0.5065322235089463,0
0.11919037915678432,-0.6438722334212397,0
0.5296518532467568,-0.4143964824353537,1
1.2304817783057918,-0.38634528239174215,1
1.483442546297046,-0.45083601601505685,1
1.4177446651991565,-0.3234596512733386,1
1.3188792189545455,-0.1964232924023002,1
0.3311054521729054,0.11440037999185036,0
-0.42263501410289994,0.26026905581158255,0
-0.8983852613296611,0.37850337511526044,0
0.24122178923656434,0.22249518339059735,0
1.1988340574332141,0.11444439795574295,1
2.7930669418884726,-0.1917884608020175,1
2.8064639595408187,-0.3201690875012367,1
2.034497639100593,-0.2778422164691081,1
0.7123335729467629,-0.1278921624938076,1
0.3063435813351368,-0.019846598633423966,0
0.6036545208133453,-0.3007848592028302,1
-0.5906422613034025,-0.26095223219648334,0
-1.2599355931293343,-0.12327662472536059,0
-0.9012611664951854,-0.43999948209274314,0
-1.5104580715089693,-0.09265216996460977,0
-2.319997209051001,0.01990564746316662,0
-3.411622253492476,0.2248224581288442,0
-2.1927344491058496,-0.023653911738867574,0
-1.2860772785735821,-0.3098258697397236,0
-0.8921709747858201,-0.1708286578412275,0
-0.23724173427719286,-0.042435685773285964,0
-0.4023514941106421,0.37049055862876007,0
-0.541855586298807,0.3880028439162308,0
-0.8301017194737249,0.49638868288726673,0
-2.0310889702141393,0.8771467827229397,0
-0.8077044357295812,0.8790363233890656,0
-1.1130325164303478,0.30557034045411996,0
-0.19440516135915195,0.14810137797352332,0
1.8664494815554227,0.09677723153821398,1
1.4148433289802085,-0.11870436847867814,1
2.794962383689515,-0.4699209645535002,1
0.8614722449448147,-0.2711420320695509,1
-0.05638483535288841,-0.08043264167747326,0
-0.08617755830940264,0.02251526024664722,0
-1.108655415166963,-0.0037365508592024596,0
-1.615733958793378,0.05948905790140772,0
-3.7797208071807904,0.4031052318291061,0
-4.047352502196449,-0.3839913437992819,0
-4.620923089787579,0.3981281770599721,0
-4.739669409392446,0.4477794864343531,0
-3.568177548381637,0.29438113491332424,0
-1.6294821045169412,0.03669002375939076,0
2.353210950615216,-0.17030369736473,1
2.1556889965743307,-0.07176008062367066,1
-1.2295488187868786,-0.06270815317204419,0
-1.0681717168733729,-0.02245647823006949,0
-0.48568913657162416,0.2016179722051232,0
-0.4663025720562194,0.30634515829004744,0
-0.21406493116409245,0.14274512683470778,0
-0.31169232042224104,0.12750558934721043,0
-0.22208403302704657,0.018495971728328925,0
0.15897869015207577,0.029831967393092212,0
2.4879328460391728,-0.22676533727670792,1
3.158837049137486,-0.4342870952804695,1
3.1124415967779244,-0.5146086323852989,1
1.5887246682881182,-0.5393650699634682,1
0.028812169707056544,-0.6098431456423309,0
-1.7135610612572398,-0.34273870278191493,0
-2.6312329794188294,-0.41314397082377147,0
-3.0249605417321845,-0.3626592490564173,0
-3.0345450540130616,-0.4761175960216017,0
-3.487134431269619,-1.0900318611211939,0
-4.651953567892857,-0.37047679112277937,0
-5.156570427427236,-0.4818311183045559,0
-3.960270466114099,-0.5582985368621836,0
-2.0745624004054957,-0.8557905713504695,0
1.3990052674237365,-1.0455496732814518,1
2.9379884658875346,-0.6996695195058011,1
1.8773947935972524,-0.8579500838341881,1
1.5649912189003383,-0.8110332353136623,1
0.9797849318414744,-0.758251378945748,1
1.892017289444836,-0.6380002842121504,1
0.48294512732625483,-0.3917628277253196,1
-0.2598137714792456,-0.4284655820904499,0
-0.5186815007647603,-0.6137847922956214,0
0.9638154069215524,-0.5690335045881253,1
-0.6363659392466722,-0.4641868229426361,0
0.756991413482558,-0.7053886163956016,1
1.4190492842125848,-0.9037502008590317,1
-0.6313337678627552,-0.6551708722238826,0
-1.4636332425719596,-0.7678309252109308,0
-1.3106357131268913,-0.7323764218180577,0
-2.0267848057896636,-0.7996632450045621,0
-2.246977987266318,-0.7746397891703882,0
-3.1475296187806734,-0.593777993115231,0
-3.264194665103396,-1.267505289825748,0
-3.565072263818145,-0.7910952129439378,0
-3.967268397475794,-0.6325545152173745,0
-3.6523940379990285,-0.6882973380860908,0
-2.115914790409423,-0.800414955868102,0
0.9191267372155457,-0.8322607633316602,1
3.3611988131127886,-0.6737064593916345,1
1.3352858095532194,-0.8309834402219584,1
-0.6819911734537667,-0.4374745465160734,0
-1.2082288559646084,-0.39269282198581573,0
-0.7419480747604333,-0.3421771888282968,0
-0.08613113377893293,-0.3547130370965502,0
-1.208174025637856,-0.6447685101507807,0
0.9782437038234195,-1.0592960852167361,1
1.4543073705285745,-0.8118598584825426,1
0.6709913498047,-0.7574421788801686,1
2.981846210974921,-0.8539843197266678,1
1.339679944912556,-0.9702184295925563,1
0.06071827177012457,-1.063220383504778,0
-1.1733292523334529,-0.9912610092610274,0
-2.0618384384531607,-0.7926143898652975,0
-2.541235029303492,-0.9425351087851933,0
-3.6294291024415273,-0.6350242858281206,0
-3.951907394155495,-0.7809914488856234,0
-3.651276481875547,-1.360097795860329,0
-4.809781422560616,-0.5133853567663179,0
-5.271259370209683,-0.4364778619624196,0
-4.206946396979285,-0.865271962682778,0
-2.5497722306749635,-1.0466416079198695,0
0.39409831225024144,-1.1017030487662027,0
1.7655330622779828,-0.9728890932987186,1
-0.6452123456003,-0.9440890123549683,0
-1.2316197229433343,-0.8448878353430915,0
-1.6363065383501945,-0.47591645283311623,0
-0.6746393154829784,-0.42243223669230007,0
-1.173736971247471,-0.3335436128582767,0
-0.855244313840676,-0.28391456945981025,0
-0.3562639039356042,-0.23574929528983304,0
-0.6301592493318992,-0.13827204883446484,0
0.8463399192183183,-0.3331737009288951,1
3.5063384898306933,-0.6396456627508371,1
3.0065060096750194,-0.7012394699562765,1
0.37014197578754215,-0.9410232160532541,0
-1.2906637266394638,-1.0367548998779248,0
-1.8887988222541434,-0.9749902433429324,0
-1.9755288670364646,-1.1287338933653785,0
-2.2369447207541717,-1.051864118065471,0
-2.733067002047427,-1.0324413695261365,0
-3.5258870641322644,-1.5394068141952155,0
-3.640619481627539,-0.9716579279563504,0
-2.758818290629785,-1.165806824203381,0
-2.1750783940637186,-1.1889461741080807,0
-1.219854991523791,-1.2083498631672998,0
1.5533930595351724,-1.0350578753898572,1
2.4240312704540163,-0.8965700404477553,1
1.459565205001386,-0.6949655416600058,1
0.7601919446220176,-0.5076597922417412,1
-0.5275312210461425,-0.14848702106515732,0
-0.23870997168198277,-0.14823513300831634,0
-1.3598482728536618,-0.380391418941897,0
-2.3589093831254186,-0.5299331841593008,0
-0.9571175351986689,-0.5804493920909248,0
0.04333404577518623,-0.51057301561213,0
0.1133434479181646,-0.7661410377990713,0
0.05525832960726306,-0.9015124068240598,0
-0.2721194036138056,-0.9554038157928818,0
-1.6581966132327746,-1.0724262687098536,0
-2.221135849861903,-1.0450420848308148,0
-2.426844747963655,-0.9122214657723765,0
-2.371232382112837,-1.156088810329148,0
-3.22413377872939,-1.1779879574924832,0
-2.3730238769533485,-1.2074401623689643,0
-2.207888305847964,-1.6368070821068745,0
-2.799513963656142,-1.1400964520315433,0
-3.796466408120195,-0.9561213139591671,0
-3.428924026364934,-1.246512575301851,0
-2.90684939590165,-1.2209129233571614,0
-1.5230245368247564,-1.1911447482277664,0
-0.6465783807446537,-0.838440675998721,0
-0.4870387257188267,-0.49399873207595546,0
-0.8320983975370401,-0.3752540875288615,0
-1.0846943301999104,-0.28080188928470423,0
-0.8524616087137599,-0.15457430591198212,0
0.0857522269841964,-0.3593762447954348,0
-1.3214348997119267,-0.43957454395904255,0
-0.21254652250237366,-0.2599996775167506,0
-0.20678676303768886,-0.4765726151423845,0
0.4224776525416906,-0.6239346462581358,1
1.1635163335542087,-0.8821904112591454,1
0.862271409860696,-0.7902974647818543,1
-0.2826134561283124,-0.8695731305553471,0
-0.8888685800570251,-0.839151584950973,0
0.10605662841442207,-1.040832468260964,0
-0.45269123596969396,-1.1122647681153197,0
-0.6181117552871771,-1.1298863928153735,0
-1.493773164224941,-1.0710389462543892,0
-0.6932802149375633,-1.4224104116109277,0
-2.2086475593376202,-1.0170708439029235,0
-3.46234561353309,-0.7620803234917719,0
-2.789649513550315,-1.0667457428751577,0
-2.6237871553237118,-1.1982902149571661,0
-2.100970541883775,-0.966875778313745,0
-0.8567722293051168,-0.7216367990575208,0
-0.39091307817710275,-0.3958847917511575,0
-0.3561435578919684,-0.17264617207539282,0
-1.2483164567269858,0.11035840910200866,0
-2.320460445505874,0.0859915681357911,0
-3.225163036542263,-0.05349960421206217,0
-2.6182543220431325,-0.1376671165397076,0
-2.662715386064037,-0.16748263628437496,0
-2.6259138120930294,-0.3041390386132749,0
-2.2654492790582355,-0.4511021728662706,0
-1.5064376334657676,-0.6190763034176548,0
-1.4971833096846734,-0.814863178601065,0
-2.7245873309842286,-0.6979290617445099,0
-2.765956594418528,-0.7563105254133502,0
-2.9487148179330838,-0.7798582611370738,0
-3.9312638044001353,-0.8526307077105552,0
-4.810055575897969,-0.6691967184343244,0
-4.799944635563368,-0.7497338255008871,0
-3.8049901466621465,-1.5402929469986717,0
-4.1094464644903335,-0.7949793918186595,0
-3.612601806238255,-1.0245845590109655,0
-2.921476889432129,-1.0957140209213931,0
0.8360517527105779,-1.269324927699011,1
2.2668106809705213,-1.2532310703851737,1
-2.0192482609293627,-1.11858955185359,0
-2.048132050437263,-0.9089150668874812,0
-1.853885830657553,-0.7382178847142952,0
-2.218274671215569,-0.44603516779462976,0
-1.8123769545390078,-0.3315316457649661,0
-2.046546012236086,-0.4431854305017017,0
-2.1815716446019504,-0.3587215551951173,0
-1.882468927367802,-0.3771223458098699,0
-1.2175690995601274,-0.4357449948784211,0
-0.16013252580642282,-0.6228581948245276,0
-0.669633943928351,-0.7391964449478475,0
-1.5530283170953962,-0.8586889298379558,0
-2.4492013546312785,-0.8931936182776882,0
-2.6771839145239995,-0.8349132018201241,0
-3.1134559588965667,-0.8866774972728843,0
-3.886683078256512,-0.9928902914048229,0
-4.195748128327189,-0.9868088332235425,0
-3.7355082858414215,-1.089654030526085,0
-3.22575992063784,-1.525658297573887,0
-3.8222406445852224,-0.9533382523095231,0
-3.3172593428892214,-0.9187887501197429,0
-1.6520941071535054,-1.2587060563657624,0
0.919818300956794,-1.1956147346669617,1
3.501643292401653,-0.9588289300693087,1
3.3497870408452375,-1.0255375768774642,1
3.463957263255891,-0.9642551425589955,1
2.5215124521813164,-0.8126593517560087,1
2.4470503921200706,-0.4785446735404621,1
1.89103187146135,-0.2779561649574884,1
-0.16896783038837765,-0.26102116518542196,0
-0.9094813133293986,-0.31978879077024114,0
-1.5136586349357724,-0.2759231841208152,0
-0.004806301196869618,-0.32224674082379695,0
0.03245547275036912,-0.4338538189469742,0
0.7873715620212418,-0.3796584673917089,1
0.13350239458789068,-0.4542697302422964,0
-1.5213292704903718,-0.4091152795267802,0
-1.908416555747153,-0.40081047091575084,0
-1.441586804123409,-0.5090771578507558,0
-2.6442657782946117,-0.5766043776900673,0
-3.3146433436404785,-0.42565925404310706,0
-2.998112811041774,-0.491160871026165,0
-4.120336966490376,-1.1766498893247204,0
-5.003726182893667,-0.28266922706547626,0
-4.037326228985284,-0.5163907394651681,0
-2.4672794919743186,-0.7580424664318614,0
2.30683865437904,-0.5331865945686225,1
2.9018233035173835,-0.5809835128745611,1
0.1316420327871622,-1.1799794591447061,0
-0.5946998761737905,-0.9861096666788329,0
-0.15395776300287572,-0.7495144869442938,0
1.2287721781888932,-0.7594066362984222,1
0.15595800929871304,-0.7846773108319022,0
0.8756144678320895,-0.44267918097890135,1
1.5165349908698724,-0.3991356295017204,1
0.35348403289067454,-0.3743005171179608,0
0.5622053102534609,-0.26646785194876343,1
0.7638217327610105,-0.22327308012812594,1
0.6550844203524822,-0.4468236097779513,1
0.0956971055428783,-0.6074069803210295,0
-1.2966440727832067,-0.6158644888047943,0
-1.5737951239357397,-0.5212493222099109,0
-1.6837564811541987,-0.5550927786968342,0
-1.2555230327053517,-0.52839325498751,0
-1.8115357149130225,-0.4696138240957106,0
-2.233866367298571,-0.40691754303998046,0
-1.9024036718597146,-1.143581435080196,0
-3.0685177839246154,-0.4751679734732017,0
-2.6303058736455682,-0.4214677230174837,0
-0.958581445976698,-0.6294198181309323,0
2.6462741767711417,-0.8241619061429942,1
5.344794543589998,-0.344498516368261,1
3.4402830783695797,-0.36996405246158764,1
0.9157583672354678,0.03731975509881362,1
-0.9526560125436234,0.26198032282269484,0
-0.9974376784317983,0.5586953806375821,0
-0.7422599251289785,0.6941411617957992,0
-0.6155026571934713,0.3191696745707193,0
-0.5235931721381769,0.2435194321142648,0
-0.392765224469761,0.12506013780938524,0
1.0575006540104466,0.01209629112886009,1
3.245523128288847,0.5429861861133969,1
4.385506431139832,0.07008204603144105,1
3.5700245183413353,-0.3455841442179437,1
0.7653196957864717,-0.26297226577876853,1
0.4974863960073641,-0.25021428403861895,1
0.1307056374357506,-0.2780477077140711,0
-0.709639784978611,-0.44799580441536235,0
-1.3916368785280044,-0.4468899003618995,0
-2.7969739160089016,-0.13915421451283028,0
-2.1439463495236177,-0.8442301660640187,0
-2.9701787455098008,-0.3021717726868978,0
-2.7508909788340827,-0.35286602485887714,0
-1.740677425034297,-0.48611486179095437,0
1.068708144038504,-0.36741039213536525,1
2.6779097000968135,-0.1529933310466322,1
3.2870625673595244,-0.38444238115933854,1
2.0226945696608474,0.0005496511451071254,1
1.657714398780141,0.17599038022092767,1
1.8934316628170276,0.4271698275452139,1
1.6470975768645173,0.5004157543544103,1
1.3788404277895072,0.6718145104856702,1
1.130436954754071,0.7611472683223345,1
0.8234329213483997,0.7618012470052657,1
2.3084055040200666,0.6155753865442977,1
3.5801033915303377,0.316851454612434,1
4.081694966323022,0.32307640906891816,1
4.70235881748575,-0.08338358278980514,1
1.9240264524102217,-0.23023228727978037,1
0.8529148815413242,-0.09639773959630081,1
1.7038948138835075,-0.14362026521822635,1
-0.026521316877857515,-0.06240271707147119,0
-1.045767637581477,-0.011540332728937432,0
-1.343945941381641,-0.11408795824477021,0
-1.6034085871688986,-0.4820698580831399,0
-2.41345482085817,-0.12766129116529804,0
-2.3002688620685734,-0.11353228275497038,0
-2.142927841224776,-0.16017404574586735,0
0.10624062747946969,-0.30379033097093844,0
1.7583021905899319,-0.058943276721616776,1
1.844866486781576,-0.032774241693790965,1
1.230922992870476,0.1627971108304072,1
1.2652679380964433,0.3179439432161667,1
1.497146836215794,0.6301141933213673,1
0.4239775386563537,0.4930977014224148,1
0.17827089374687785,0.5252991470578195,0
0.5928200710052337,0.6129318416097402,1
1.058063304913381,0.7441702664668569,1
1.4368131009470217,0.6755119512366228,1
2.0803432355527662,0.5688013195921726,1
4.189071536414958,0.8712539918634981,1
1.9297119402117069,0.46206942842881604,1
0.3438805347785577,0.18588636643122114,0
1.8993589152202386,0.3470085575877312,1
0.6470284680938521,0.09881984425118509,1
-0.4985853653505132,-0.08856978054456371,0
-0.7765138339137857,-0.18577852509070195,0
-1.3164772711988908,-0.2574615834344122,0
-1.1764778242505316,-0.2975864414557902,0
-1.936312413584004,-0.390565612808485,0
-2.1849184272088467,-0.4676954036271704,0
-1.3866423197266722,-0.5710610207575312,0
-1.8046220945381035,-0.5294137300348741,0
-1.391069115549103,-0.340696970229799,0
0.03182093619959763,0.06327796339281394,0
0.29251708661241693,0.41751153347928366,0
-0.08685354474422437,0.5526897141324881,0
0.0010973935158266714,0.756421301720319,0
-0.7412483931367094,0.791597296892989,0
-1.2215077654381261,0.7527114600521239,0
0.21938695766768648,0.9045606790389502,0
0.5285525950436758,0.8264067292982967,1
0.31403256071564595,0.6013450682974146,0
0.3072104984265496,0.5600410524162613,0
1.3419823494090726,0.3940148364049942,1
0.8093019591539421,0.19354017766029918,1
-1.0074394829557913,-0.041551893227637235,0
-0.347465437816602,-0.09316793701476639,0
-0.4320108571947838,-0.16178385823157623,0
-1.4946212890249886,-0.3517257807657283,0
-2.6602059536636524,-0.426869292736618,0
-2.5396341898502954,-0.38961024430138674,0
-3.309351436525858,-0.42422808808697576,0
-3.4608235606960003,-0.39579320778473853,0
-1.980220526201767,-0.5890935957543119,0
-0.709147144632574,-0.5909581703665111,0
1.327307906739124,-0.3601582175771155,1
4.0782184169038755,0.20962849199161487,1
2.6707536591200465,-0.03023512378768285,1
2.173547579999102,-0.31954692983068933,1
2.0266357621969755,-0.12430765629115839,1
2.445513866217549,0.08999572027350564,1
2.347855013202998,0.20343440847003175,1
1.608515497103919,0.36022810035397973,1
0.69578808194492,0.6881481347387564,1
0.2551098020707167,0.8142205045657139,0
2.2248603646995275,0.49404987066574696,1
3.234169202739598,0.36716563341763647,1
2.831270042914542,0.32585579660026415,1
1.7841199772170124,0.14863670417630742,1
0.38338397818981973,0.16753079380497793,0
-0.06960619700007548,0.2876519446003956,0
-0.2311644141200402,0.2134310305139671,0
-2.1773130318193457,0.22799727267208736,0
-2.9279028251907646,0.3161060486729005,0
-3.5909564062370496,0.2852015475377254,0
-2.6843704269118707,-0.4785766431749213,0
-3.4959227184285493,0.25657117235490595,0
-2.4289803541520465,0.052522724674989495,0
-0.12018856141740655,-0.23077800189311296,0
4.133702428373173,-0.2316820470777329,1
5.804489577612911,0.2965403789830729,1
3.56227625255929,0.16811378447796066,1
1.5497262413533053,0.285141870387103,1
-0.496058302727071,0.4990186607980265,0
1.408583978169065,0.579675907239351,1
1.1187914704853623,0.17766589891027829,1
0.5961205872299743,-0.09401960253389131,1
-0.44489721070476557,0.020966658606609807,0
-0.19573986947534203,0.2281772173490555,0
0.9995542820135259,0.026424835218271065,1
1.3809675075835801,-0.017939454582570773,1
1.6497098565170634,-0.1425280824634722,1
1.7389659845184813,-0.1862891631537773,1
-0.4810647441211729,0.021473360402799947,0
-1.3061537086622064,0.07715313708987978,0
-1.6511584504016659,0.040277128443612795,0
-2.720009766525964,-0.004122346137397129,0
-3.6534885436274664,0.11203707127393178,0
-4.341942286992286,0.21526402603150802,0
-4.281854011527846,-0.5993273785338232,0
-5.154476559822498,0.32348737631826446,0
-4.764868160467924,0.23556052135363598,0
-2.845584245673925,0.08051310128162278,0
0.6367130575109187,-0.14468776158273114,1
1.1449694176657188,-0.010184996787848795,1
-0.3338666032560922,-0.43662556490218113,0
-0.8771719215015591,0.0451498013247419,0
-1.2389491842236005,-0.13226344052179462,0
-0.8969963406934874,-0.13936339543874426,0
-0.4203325380972991,0.16949957616311367,0
-1.6701248728672706,-0.11343228993297336,0
-0.5159206021886815,-0.6204867355990915,0
-1.6756286774463884,0.20594494883526016,0
0.2795375027513828,0.14892976985860257,0
0.9591820898344482,-0.3593368346879235,1
1.2764150505957383,-0.6066341902846897,1
0.4691177179064784,-0.8209823311372527,1
-2.5889158570576667,-0.6000546731062384,0
-1.872439376835134,-0.708756486094111,0
-0.5687347389207957,-0.7733683387609577,0
-1.9535026109649998,-0.9441820016782724,0
-1.658874673006335,-0.8501203521095245,0
-2.360118685803814,-0.8365589947612317,0
-2.3967332942625705,-1.3870957713112126,0
-3.6415050545253935,-0.7704411607776639,0
-3.1664255248051707,-0.8618614196768783,0
-2.403665726013545,-0.8048617944129244,0
0.561243698581932,-0.7975873135331689,1
3.9124185151678024,-0.6828732814844621,1
2.738945701370255,-0.7726094112158575,1
0.716874839344951,-0.3659201471376326,1
0.7757825513928959,0.0037748203169612393,1
-0.09906214659435679,0.26030439077660456,0
0.7742343683576605,-0.10362785789094477,1
0.5880193267047408,-0.2387631510953603,1
0.19604681316886824,0.10325486391889041,0
-0.42637914562055207,0.16395332676206442,0
2.184554503916234,0.024315349417828085,1
3.460023607448665,-0.20943901551334576,1
5.12135541047654,-0.44178411581379073,1
2.011868597558657,-0.6204708134634725,1
-0.9072994021023332,-0.2975228520588201,0
-0.9000115619250977,-0.4684024551481819,0
-0.16115417723705552,0.033017292811507545,0
-0.6843515947567684,-0.11059611824911073,0
-0.7868064901177474,0.03468069977343948,0
-0.9206077406587403,0.21394405127393162,0
-0.5747740722703535,-0.13796420553918431,0
-0.8562416349818283,0.20920007091318205,0
-0.7312849402504766,0.10495950560321207,0
-0.6599759265993368,0.05838389826619027,0
-0.3644290991986185,-0.24161971241532576,0
-0.35562573215771554,-0.22989318464978586,0
-0.2689650054407981,-0.29550839403599605,0
-0.33272937083798965,-0.19992242909874958,0
-0.25405574795330466,-0.25392598949803286,0
-0.08323097777441159,-0.40561442910224593,0
-0.07106677064096575,-0.39964821317805427,0
-0.25830820406260785,-0.16411446901283575,0
-0.02607658162060482,-0.3919613168138025,0
-0.032832425845041875,-0.35980062169085236,0
-0.2507772853982389,-0.08618767342725697,0
-0.12920186520920188,-0.19294429344097916,0
0.0012110860600890736,-0.3086144571294151,0
-0.044857782726822885,-0.22257921299649588,0
-0.19021447539215386,-0.024549335359506742,0
-0.17338313561947538,-0.007881723490693111,0
0.12638683817725938,-0.5218479044305732,0
-1.7238293567908174,-0.45260757919230243,0
-1.098436006750347,-0.47145228920965543,0
-1.3606830521519937,-0.44349169834203583,0
-2.1741221093481853,-0.9188534069467481,0
-2.834294342289739,-0.3283219144298017,0
-2.386856585531791,-0.43561931121653846,0
-1.4603574353048436,-0.45098488586971364,0
-0.7808438896171109,-0.4376051688230403,0
-0.19059653507058763,-0.2425592664062779,0
-0.5233041418369477,-0.07507648894173852,0
-0.6615503013460148,-0.036926937994971584,0
-1.120557597224894,0.05857026268999209,0
-1.2135231227136536,0.27130145846746795,0
-1.9302701507120603,0.06629833134035176,0
-2.5527812546456405,-0.024494230668120297,0
-1.8835326000078123,0.15734600298323936,0
-1.9016182877703103,0.16298193690362245,0
-1.393381304626778,0.04193376233769449,0
-0.8282222616595163,-0.17903581383643838,0
0.14851010646810492,-0.5021409371708542,0
0.2692019416834005,-0.648040873459464,0
-0.3422471168758342,-0.6250730929114887,0
0.9091048051041585,-0.7830597497092391,1
0.5210756683415368,-0.8497534605617426,1
-2.0664654608066826,-0.7585170669863968,0
-2.7595546888202636,-0.5583687149503396,0
-2.787649398745608,-0.7813190226184376,0
-2.4180057157950605,-1.2579052867123433,0
-3.308260561286019,-0.7831411765042794,0
-3.3644949078898736,-0.7445074551312115,0
-3.3113943941281043,-0.7972846340034693,0
-3.1650166745070534,-0.7484243813873601,0
-2.846547261713753,-0.6996867337998363,0
-2.8517091295267565,-0.20146125964794598,0
-1.6625567895442317,-0.03854149355510965,0
-1.2208403115956856,0.08084210953168394,0
-0.47540046309556017,-0.05497441815868496,0
-2.8085425181764565,0.26419947848908076,0
-4.169007750725743,0.4368604598978137,0
-3.746402550747922,0.3474260675778003,0
-3.3931239819850845,0.26157946434859813,0
-3.1317000700224926,0.16316343900015734,0
-2.603471396942436,-0.09118399829543045,0
-1.7471264162178484,-0.3058593179186614,0
-2.792813206292476,-0.25512885351398845,0
-2.7797014454975706,-0.22992204001152905,0
-2.9651272584018176,-0.33785480272396307,0
-2.854566201682643,-0.432126980328116,0
-4.26720794208885,-0.46718735910651216,0
-4.684506937878207,-0.5090612112294162,0
-4.1319170189951,-0.34206574640135556,0
-3.7025065308894574,-1.031788559098499,0
-5.467418747978106,-0.3180833447546695,0
-5.5031493257792,-0.2490925158816676,0
-4.773026512546663,-0.25801925546493,0
-4.29632823502637,-0.235149888383225,0
-3.6900942565797266,-0.22794132434238473,0
-2.9184907152381943,-0.3262434041602306,0
-2.4986754905113036,-0.3788984920721123,0
-1.7384527844523303,-0.5294777535835989,0
-2.5687362768046214,-0.4663370596427635,0
-3.6104443829772106,-0.4239245510472739,0
-3.4336720553008573,-0.47269491525253643,0
-2.3172697299741767,-0.5541796471510791,0
-2.364756470715577,-0.7834082584473949,0
-2.303104876933517,-0.6867835891297412,0
-1.9485481510992997,-0.7591970984669183,0
-1.4122614448342525,-0.8285990104710412,0
-2.2525930849211195,-0.7291172327043974,0
-2.821201555888239,-0.6752598243827206,0
-2.8614288259322205,-0.6467645491977073,0
-2.9882527750593466,-0.5941547530483154,0
-3.803650178319935,-0.5835647235421705,0
-4.4240535453105085,-0.4177868832242944,0
-4.61390950969911,-0.33782869408608573,0
-3.5876075407111,-1.1166738802368956,0
-4.623620654792141,-0.2698720824299227,0
-2.919235751734256,-0.593420776630994,0
-0.9120377830240807,-0.8590746808887619,0
2.8435300695746264,-0.8851106665901393,1
3.1989015284342037,-0.6472863223178685,1
0.6321381187284226,-0.776761607616795,1
-1.0629457351076004,-0.6445323493584159,0
-0.8021052805717717,-0.5059715569620853,0
-1.2226763042206774,-0.27744506919177864,0
-1.2063490218003619,-0.1708994245861285,0
-0.5978821546781329,-0.08647480077495116,0
-0.16734248779040317,-0.33159942757072264,0
-0.785668899907315,-0.1391291815007504,0
1.5776663612606159,-0.22084619346584927,1
3.3293405132604774,-0.3381357737522896,1
3.5565636945935033,-0.5377145205678301,1
1.7928667891778634,-0.5969340716067298,1
0.3596974629236562,-0.5278401097750254,0
0.41220442866434187,-0.6168018287803465,1
-0.47407822762389634,-0.6214353734454795,0
-1.845058610718359,-0.6105335544080718,0
-2.3198874846858577,-0.6466469413484178,0
-2.9426128551696507,-0.5271946466419852,0
-2.9247627361474215,-1.117632691653953,0
-3.493609624433986,-0.5510472554300435,0
-2.6883853536873143,-0.6289399950259226,0
-1.0482372804850209,-0.5895750525713415,0
2.187508946123926,-0.6252051137892528,1
4.046747459330706,-0.05807229897848361,1
2.5322278613087477,-0.3458341649258516,1
0.7882538337093143,0.006015266864923559,1
-0.32798573277137677,0.14326797235386945,0
-0.11925624638749104,-0.0021648395091736572,0
-0.17809294945140708,0.04410541557994825,0
0.6466539616527612,0.16961665053483016,1
0.7589566585595008,0.11608434308941676,1
-0.2819132616360396,-0.047130105881347154,0
0.4380153615302439,-0.11054747366124641,1
0.8117436686829472,-0.12395464452492198,1
1.0729593257293408,-0.1812313144886685,1
2.525981072740882,-0.11866015855732562,1
1.5822692189257692,-0.4238570797222195,1
0.1834192339713881,-0.7134210992154019,0
-0.5471467545077129,-0.7336682564056219,0
-1.5638710810653593,-0.9701273460481241,0
-2.29389924534029,-1.0758935903945452,0
-2.7027446486190794,-1.1941821667280281,0
-3.007921760553893,-1.2380060019956247,0
-3.297905740257132,-1.2171247643680727,0
-2.5886900948467906,-1.279350157819651,0
-0.578705403094432,-1.1568317855132915,0
2.7900304284776443,-0.6406159693584977,1
3.0756208478975187,-0.47521541894109576,1
2.873819985356636,-0.6727770185043088,1
2.6623725763302852,-0.7221967385696354,1
2.756838361874052,-0.5573318326808084,1
2.4186119085464735,-0.3782393695004864,1
1.9827861022281519,-0.03614551126947822,1
2.6486573115375056,-0.05913893590440948,1
1.4332514263623037,0.2091703563500289,1
1.4783204731422424,-0.1609112789424842,1
4.060857294246061,-0.07179035860667037,1
5.380788546985498,-0.013015311252543469,1
6.643024508656485,-0.09410968113259066,1
4.911902055424236,-0.3496958508530564,1
3.789194011148644,-0.32575926587476767,1
0.773771126736509,-0.3313994067504694,1
-0.0019676143430340746,-0.36282536949885313,0
-0.5620991343745043,-0.45905367286448373,0
-0.7710787911160357,-0.29304377806171045,0
-1.1057710319404184,-0.2776846879055023,0
-2.2206917374365465,-0.7081616145582149,0
-2.0173983963919926,-0.3611041549924895,0
-1.3457025158630458,-0.4125609822220997,0
0.26892079784089656,-0.4655509308375506,0
3.8461510068108464,-0.35338612262147506,1
2.4913533259164535,-0.4673176050091549,1
0.13627087558771686,-0.37281460280938167,0
0.24618825118717563,-0.19225494207725566,0
0.6212391802861656,-0.05515034232933334,1
0.3104519207088728,0.2369154055363884,0
3.0810648941367433,-0.16280551348562955,1
3.274141522185678,-0.2604036746668737,1
2.632492716639947,-0.08601194981764453,1
2.7860011646400955,-0.21190174706855386,1
3.9858732715465752,-0.11571377100736725,1
3.3861895642640256,-0.2052251283020218,1
4.79504443108136,-0.14281991459013396,1
3.4010638511412434,-0.3176828837735178,1
1.4565341393273497,-0.2376932030411322,1
0.5927815768135812,-0.22847667298414256,1
0.7537737299305418,-0.24023320578289434,1
-0.42084894017853713,-0.3867479225961037,0
-0.8140091170574222,-0.26400312206734894,0
-1.0828245164441532,-0.20156103864773334,0
-1.2431368057586718,-0.5509119061984447,0
-2.353660657933537,-0.5459369439935253,0
-1.6974504095093528,-0.47963259093754346,0
-1.3590928222195104,-0.5131342163836285,0
-0.36485775164113177,-0.40179991085874905,0
-0.09985130351346921,-0.33640612957163546,0
-0.534037035042449,-0.3261121526710007,0
0.2484697532588127,-0.11063652030222797,0
-0.9855416099526345,-0.024137171232709847,0
-1.5517591902280319,0.12641504391270905,0
-0.7671122179760729,0.1943103200352605,0
-2.0031087225061706,0.13267477288388022,0
-1.5695785669933964,0.17693474187206848,0
-1.3705827606733625,0.15650228133690247,0
-1.5046405293388436,0.010681804825906187,0
-1.284504437322249,-0.06972115184836548,0
-0.386930368817339,-0.09136128041601867,0
-0.2319600654959579,-0.1173882565356044,0
-1.127389018629514,-0.13498610965889318,0
-0.10074086797220501,-0.034842395976180454,0
0.9749432869988682,0.0124078200728071,1
-0.8421326915454405,-0.1892350453698315,0
-1.3390474022738759,-0.20295617605769029,0
-1.5154959247068798,-0.23277102762542246,0
-1.597811743186018,-0.24734066619044193,0
-2.391536278043042,-0.33160838933668557,0
-2.999965116962418,-0.4072987154880133,0
-2.798903163955872,-0.39179393731168066,0
-2.6898631752704762,-0.3403005384465375,0
-2.2223755205801825,-0.2679017952873867,0
-1.5972505892498559,-0.2150255699555709,0
-0.345839757293123,-0.11736924985095588,0
-0.18466032420813924,-0.09422760676412387,0
-1.0112973429417738,-0.11413638137216901,0
-2.1057229577496286,-0.11798055702916847,0
-2.1228658016376394,-0.04046895974608604,0
-0.6780627500924391,0.022285622086148225,0
-0.48021090248819187,0.1300337568387542,0
-0.4097939287575463,0.08258217181534497,0
-0.14091882163862118,0.10116245482150574,0
1.3935958141175457,0.17226265908739224,1
0.26589290676319915,-0.02679361954815383,0
0.17055065388510235,-0.05831826959886904,0
-0.3977324094397119,-0.1193847825682146,0
0.42497590040342065,-0.09853989860496196,0
-0.34894407192027577,-0.30334836254022246,0
-1.5113530166989422,-0.4514176553353993,0
-1.949895000869445,-0.42233722562069836,0
-2.7770162060679384,-0.5366944380767217,0
-2.5041496616340475,-0.5256988553923194,0
-2.4372323521120167,-0.4211833549713421,0
-0.44182390302989405,-0.3121172582184436,0
2.0534170353585357,0.0818071925317976,1
2.191771949464948,0.21860000035008492,1
-0.33364053194315985,0.1144980917263725,0
-0.9899875116107374,0.09024449905970502,0
-0.8111901230263256,0.07697892709077228,0
0.3022791185930191,0.10487710672932313,0
1.074091303458179,0.16449598798073845,1
-0.48254982521549783,-0.5416296877824187,0
-0.2634820113957403,-0.6576993001402719,0
0.6185579206883222,-0.6748844981506897,1
0.6642393252581525,-0.76691206841553,1
-0.3588228637763505,-0.7509722701950474,0
-0.4612095970421587,-0.837084709792041,0
-0.776158636306518,-0.9591922986409599,0
-1.4933036971073939,-0.9182169727145919,0
-1.2680440223316698,-0.9366774878621078,0
-1.0317164545162565,-0.9305236263187064,0
-2.2606328124648307,-1.0669837262265613,0
-2.681585887472517,-1.1041864156347312,0
-3.4786387047461598,-1.1330719426750293,0
-3.8395309504167945,-1.128747844805935,0
-3.505674602062177,-1.0866101749060213,0
-2.477203768283304,-0.9962849735423497,0
-0.6383421784428582,-0.8055967193089244,0
2.6319768598330757,-0.35708791877008117,1
4.4169708526029625,0.08975262395571151,1
2.600814986180787,-0.070302659666484,1
2.154499295085958,-0.04461771766639093,1
2.5142487705747687,0.34134480454252836,1
2.417205080536757,0.7671697515299838,1
1.6939072625257958,0.5882799050536908,1
0.18151994345225478,0.3951225386547763,0
-0.7092731355014791,0.4733700193333573,0
0.7342369090671873,0.8003217896116742,1
2.395253192228159,0.9983575928522583,1
3.7003933565689886,0.981145253753273,1
3.4577886603123797,0.6585368324510055,1
2.7271961751435567,0.2783118873570017,1
0.8848503314218811,-0.036546299784358784,1
-0.388887207981556,-0.2218227818022907,0
0.13228110619384398,-0.38208266688431125,0
-1.985226962269606,-0.6048624942264743,0
-1.265082426805494,-0.7824186749362578,0
-2.3275966400186827,-0.7337913542563467,0
-2.4317750288092674,-0.9824514152369578,0
-2.9111365023387665,-0.9817651854641337,0
-2.1838020690968616,-1.0298570958600364,0
-0.49451057994270603,-0.8901153094652452,0
3.76785703025164,-0.16204442402405325,1
6.18839777703495,0.4882087704605483,1
2.7578608888581866,0.11014247823448134,1
2.199744946800471,0.4818415788890647,1
0.4998534442400262,0.501301684602076,1
-0.08027456079968472,0.5885699829154831,0
-0.18532453034440077,0.6052455278785377,0
-0.4311928561043022,0.5788061742908402,0
-0.5361582460535586,0.5503376431612987,0
0.15395329775804248,0.5943528023989649,0
2.0781103559994305,0.7399062509372054,1
4.938141460377553,1.143023397928586,1
5.193541663282851,1.13767528642923,1
3.7098865068644433,0.6418383762808176,1
1.6621807648102855,0.21678765398871086,1
0.5309828578578105,0.01995649572676047,1
-0.2982160834566669,-0.024939092519791435,0
-1.1870574648399443,-0.2741000663003712,0
-1.722757174502665,-0.3975629778660336,0
-2.2686816420694766,-0.43746867688993424,0
-2.7194284899567696,-0.6227574124131529,0
-2.9511872822693164,-0.7468804789995951,0
-2.7604175735388536,-0.7426410096875514,0
-1.292314127977706,-0.7817494462690897,0
0.8872775872799468,-0.4027555819804874,1
2.7220155166208926,-0.04561456558931047,1
3.872587779359226,0.4640361925610481,1
2.481625842033076,0.6420038230118766,1
1.4264533019937555,0.6651906521340931,1
0.9306711409472321,0.8437076787404313,1
0.11289792880686322,0.8280781011863142,0
0.02287322044085069,0.7083065135553722,0
1.151400983073589,0.9426695729037223,1
1.600928259240303,1.0317676973149508,1
3.472814895580101,1.2148922901925574,1
3.6726325637041404,0.9111009333622649,1
4.985462055212038,0.9708617904124995,1
2.9453617797617118,0.5646640752445938,1
0.9667293851224817,0.1672078796992149,1
-0.5567441240277403,-0.0393198697067418,0
-0.5630215794437876,-0.1418890479246529,0
-0.16543032618338116,-0.2173029863314478,0
-1.1245258659198862,-0.4047372618317675,0
-2.323089705444847,-0.4740333492377594,0
-2.5846056983816528,-0.6607018563308373,0
-2.6367419121706703,-0.7467138853278106,0
-2.9627734709409923,-0.18421714701274092,0
-2.0638212043957536,-0.1396434449429357,0
3.050218706854131,-0.06080364391691503,1
5.199462065121126,-0.03179646554296116,1
3.9329812261530894,-0.2837350682514682,1
2.786198270789605,0.17810949326984665,1
3.546516789134107,0.3200791778865976,1
2.4769719198334617,0.7790740334884807,1
2.0854324341417954,0.8625461266878153,1
2.5635956871427523,0.7651138680237638,1
3.9244966129382735,0.3671497658507132,1
4.094124457707599,0.3935099061385709,1
5.45252898999483,0.534581699591564,1
4.5721559051552685,0.41849471450759174,1
5.949548454035343,0.49577222852044106,1
3.5404888700704964,0.23263252560313236,1
0.6186880185961338,0.3968372388766947,1
1.2900072285467037,0.22293631304831035,1
1.1996011171546852,0.18219644631830506,1
1.2737281710444655,-0.03642997591977974,1
1.1449457485280317,-0.060108063936987845,1
-0.2816437175632827,-0.00975785183855208,0
-1.0441706960322754,-0.4525845984931992,0
-2.2546051986625124,0.21691459409628266,0
-2.240272120646428,-0.07841105701011455,0
-1.5027152687421548,-0.10661862789107429,0
-0.23418487535813506,-0.020503875894338174,0
1.3510105494483478,0.17999981679810084,1
1.934100382523468,0.3587216068003821,1
0.994850621955662,0.5777299900447598,1
1.47087214510394,0.9306873052871407,1
1.6188816653345524,1.1901864389560188,1
-0.2895696579372501,1.3070736068999118,0
0.8375549008858871,1.110787011815413,1
-0.17969399094080232,1.1334862996097195,0
0.3340136838315634,1.233404937642823,0
0.07875035208116732,1.288979549062839,0
2.1999931802400763,0.9558333639774184,1
3.1643257231544935,0.6734627032548982,1
2.703661328820805,0.5504208773135285,1
-0.5689136251229124,0.3386706757134619,0
-2.426108832929526,0.10443413367379792,0
-2.367774833231198,-0.28058150216875455,0
-3.1628298563659585,-0.3423437253289946,0
-2.8168053486042175,-0.3529799742871274,0
-3.021742650103521,-0.37334396820915183,0
-2.2030733892524856,-0.798108818450153,0
-4.795498534191447,-0.24296265187686056,0
-5.398021934225223,-0.1365976247962859,0
-4.937507992337182,-0.22136387060074306,0
-4.322000799705399,-0.23490368540877565,0
-4.258604963173498,-0.10838007623195398,0
-3.830314201967953,-0.05273758980866267,0
-3.6210708831128517,-0.002004288412089139,0
-3.5913735158110844,-0.0030775728423634075,0
-3.573251982880241,0.04845904335611599,0
-3.8928020129169147,0.03263165265633921,0
-4.210860785866021,0.07784906531996516,0
-3.4170433876487425,0.10414601409059834,0
-2.7971840566182196,0.027524304954096374,0
-2.6750770195016544,-0.03256661126183606,0
-1.9055484159933704,-0.09437931006830874,0
0.01943073489310029,-0.1556966074560785,0
-0.7668929082357929,-0.39206974917232357,0
-1.923418548737372,-0.4078969078225691,0
0.1945777643256361,-0.18156911066140977,0
-1.4231455973589922,-0.30878100872195197,0
-3.107446319413582,-0.25650050341707675,0
-3.9063648112888028,-0.14557220458545297,0
-4.572641959832483,-0.05274894004501722,0
-4.307603505613885,-0.9514636391231085,0
-5.337410625893683,-0.03669776083366306,0
-4.443082478495231,-0.2437243932037256,0
-3.001878148953171,-0.3736956852025233,0
-1.1914271294663599,-0.44583032245006765,0
-0.859748192495428,-0.36993436718446776,0
-1.946851961411068,-0.3130966964841967,0
-2.007324805234464,-0.14260072572005747,0
-2.164264180555977,-0.034593657314941996,0
-1.6301567653088245,0.12708734960107454,0
-1.5193115311490493,0.25945351777941317,0
-1.9614610084710502,0.18392940828841797,0
-1.7197621204589952,0.3048579369645105,0
-1.533012742572432,0.21879826379927442,0
0.02588440573209165,0.07150859392786998,0
0.9490355037588385,-0.09289241071191875,1
0.5809763223958764,-0.11623728859684235,1
-0.20999912011068514,-0.24179608040994108,0
-0.952372196421429,-0.17004670981896503,0
-1.525400445439094,-0.2081056863606084,0
-2.177918923116708,-0.12001276646945894,0
-3.826625253683237,-0.09633566903443973,0
-4.20436190768953,0.0330929734372548,0
-4.13402110349249,0.10142943980867411,0
-3.4576766604416185,-0.714709115537413,0
-3.274054963916801,-0.04323405622465577,0
-2.590302681064411,-0.14814061188676214,0
-0.40251735910768055,-0.20317049406447285,0
3.725002783742598,-0.3031686987481234,1
3.4533164149770594,-0.07739616889177932,1
-0.7627496918031549,0.040070167742906046,0
-0.7686290172165663,0.23385443475124412,0
-0.9253721368340376,0.612146893399811,0
0.5428175027398641,0.8903090740955395,1
1.525708607199576,0.8845472312424281,1
-0.02218686731512648,0.6318229809015954,0
0.8418161166389619,0.570171264156192,1
0.19955166683919023,0.7853617235273361,0
1.119650429093135,0.6970327024649772,1
1.9434143185585522,0.49440402498916036,1
2.8768462273315563,0.5530006555733821,1
2.432751601699165,0.20449757710357275,1
0.9248215826504851,0.062162226888530146,1
-0.26351096477840963,0.10897541232850974,0
0.47003543459978897,0.02546738885329507,1
-1.044289053908716,0.061480427953402826,0
-2.0514625319251585,0.12838386746844382,0
-2.774265178258114,0.07237745178649876,0
-2.470232245060959,-0.6826825317392572,0
-3.3433716167890357,0.11271462541611363,0
-3.181924653983207,0.322460624556201,0
-1.0720681357448663,-0.09836248575542016,0
4.916720022606242,0.11695385422889934,1
3.388153638505545,0.03963886506640178,1
4.666986461886039,-0.11154183504281594,1
3.2074390417530334,0.15622329316386419,1
2.401580504898601,0.5785536136804561,1
1.4334883195123072,0.8406617755322718,1
1.534488585049952,1.0985601437570287,1
2.867978179539435,1.0074729153606967,1
2.7610640056745654,0.7359337367792933,1
1.6318114130642842,0.9836893999699345,1
2.93006908803333,0.8145406980637899,1
5.049039876210577,0.7180134865070885,1
5.16292468049569,0.6926886368490006,1
4.6545037859102605,0.27084894822246514,1
1.5513835758722425,0.1726649151337929,1
0.15165445857590948,0.41394738403845793,0
0.6214272673845145,0.33787095796086325,1
-0.6106640338933302,0.14235816002591178,0
-1.618819389983306,0.3237184622271587,0
-2.7033689717206815,0.2419013496180673,0
-2.3976264059112444,-0.4102710062600236,0
-3.0061861349241963,0.1589049498848592,0
-2.0961151563477958,-0.08589897351606957,0
-0.476624085996407,-0.20574104363698228,0
4.642498179824148,0.25694403948730815,1
6.258371265252203,0.1744194361364435,1
2.7811368795539653,-0.1688611947036062,1
0.3227355769007861,0.2916529571368831,0
-0.8119812639576883,0.611925537287503,0
0.5449233824511951,0.8814845611044667,1
3.0618832398681697,0.7150252664590122,1
3.07050711683138,0.5750469019436101,1
4.016835294777566,0.4692783370626957,1
3.5878661485452494,0.4166572771961661,1
4.288107194218375,0.40806121338193113,1
5.172760563902472,0.4395682639656189,1
6.23003494186325,0.5292897629765951,1
3.5449468495450183,0.27449715930783825,1
2.589870253590343,0.3374243819520609,1
1.894087098620197,0.375984860331639,1
2.0870441477505497,0.39795531225480485,1
0.5805289998270098,0.4135117094978941,1
-0.4952810133828516,0.39095071654927444,0
-1.0361539730814922,0.3690584098759249,0
-1.0523226890324586,-0.056972279992987415,0
-1.905999325065561,0.468069162959945,0
-1.7255131254222424,0.384445973837733,0
0.14565964392744038,0.2481086004053069,0
2.446539566593053,0.28111658984108256,1
2.474587516832733,0.6746255391690577,1
2.1345335950718343,0.31938479406787285,1
1.324829571439496,0.11896453209686994,1
1.4752361234650224,0.22302803147460276,1
1.9723373716145738,0.3979487326956684,1
2.529405248055253,0.6743235123654185,1
1.6371237430872883,0.979074820237262,1
2.27819206823247,0.8235973080409865,1
2.9853456356709507,1.0002455883947174,1
3.075091528404216,0.9044783646420763,1
3.5231378904020096,0.7913347483406652,1
4.939359133695369,0.6840742474846911,1
3.3747173634241805,0.4468633539038173,1
2.29278759551018,0.48790100260818076,1
2.1582464444155307,0.5405277731839483,1
1.9997612361343413,0.4077227514158654,1
2.1655134198920347,0.44819726229369633,1
0.08840749143380958,0.5854059932072716,0
-1.0613971063748775,0.643048086872091,0
-0.9359700361357403,0.15018646419965112,0
-2.7476008479645206,0.8473303694155303,0
-3.255998903366229,0.9566303572563716,0
-3.027680806796059,0.9493225191779596,0
-1.2409434217424393,0.7718313078711081,0
-1.0935746751396722,0.7572509484830358,0
-0.22266790628395194,0.8200344656456565,0
-0.325534431222413,0.9354996492528594,0
-0.3663459534216156,1.2300831047415763,0
-0.3930269402868171,1.2803653467297218,0
-1.7582603775232906,1.3504825145800892,0
-1.7185450673092442,1.362182589817534,0
-0.8019775210475595,1.3511606492596362,0
-0.7685373492624168,1.2760310050826063,0
-0.8255768363044583,1.121250479700952,0
0.017211064622848788,0.9147629162060972,0
1.5951957721341556,0.4485815005666494,1
0.4899973263402774,0.4834442468626327,1
-0.11665187180421137,0.5455073715659685,0
1.8872385440205168,0.37594755937774216,1
1.7162492559661533,0.22464787100782604,1
-0.4435745508828401,0.28939896787315017,0
-0.8289358210280731,0.5823845432727519,0
-1.9829426936986798,0.6719747048898933,0
-0.9732622526814988,-0.09361590639218771,0
-2.994756959771209,0.6140401633319944,0
-3.2468765199027656,0.531846024977695,0
-2.7196656742322594,0.2608393188183328,0
-2.2079799570079417,0.4601690686863984,0
-1.412208376294953,0.4534377616258586,0
-1.0429691470940317,0.6092852719736258,0
-0.6865257877597201,0.9968619340801276,0
-1.5770627508104598,1.146506800607867,0
-1.6789131191188458,1.2206852802158703,0
-2.1382327786014974,1.1801411666777295,0
-1.476460678419277,1.1861883199425949,0
-1.1253995471352434,1.0496209792180233,0
-1.7864689786267955,1.230105329822781,0
-0.05208033277859664,0.9157612292559402,0
0.8837677562482497,0.7671447960721761,1
1.907836108454089,0.6505930941178449,1
0.9986752493214051,0.6944142656515837,1
0.4304809571745661,0.6369221149187831,0
0.37129924798543434,0.24345013737796503,0
-0.18029360749501736,0.2080754639524834,0
-1.1038320455534896,0.30866067129892116,0
-2.8847470831179574,0.6791209630090911,0
-3.2731390535991913,0.7054785474171474,0
-2.8028880704948853,-0.13081394581112168,0
-3.4865760021803864,0.626313102716447,0
-2.147829417159785,0.5180132698498846,0
-0.06849104963045649,0.3265795739829308,0
3.444801561375952,0.48604280238541936,1
4.617421915498398,0.6454490503294382,1
3.0448324037713066,0.4157408893314567,1
1.3602836222388561,0.5644914067531147,1
0.14931824611155808,0.7214048580978659,0
-0.0689682498019964,0.9904611336513193,0
-0.18476671908880124,1.208141340008653,0
-0.8304577228196555,1.5116375223187628,0
-0.27820362067071086,1.5774528384912307,0
1.3720050405057476,1.3570476955043103,1
3.786734671596469,1.3656094895897377,1
3.7264699896150435,1.207855605880399,1
2.8708272295805712,1.177431587076659,1
1.8027511174750863,0.8654209139670844,1
0.8063646495839889,0.824937282569568,1
-1.0318700444013325,1.0061403411196344,0
-0.13789623794089112,0.9002871316262773,0
-1.161745152535638,0.7930003835334276,0
-1.9145358220649247,0.7673143681595733,0
-2.8489095310801664,0.8966351400492768,0
-2.7669087679252136,0.1516560765027767,0
-3.5376587888440634,0.9791068440110212,0
-2.483521690721328,0.8612075905771933,0
0.6080609337029145,0.6719422288925633,1
3.7865921471466093,0.7432940669772942,1
3.544264767372471,0.6624729581391311,1
2.0305332053530956,0.7362481229242319,1
-0.761752246067637,1.1495949474853335,0
0.630981503819962,1.110205608851086,1
0.9754781969513734,1.063573570804506,1
0.6333232828626002,0.9872583031806491,1
0.7531609930073486,0.934194270829506,1
0.9465839122668839,1.0122270172558365,1
-1.4734462523120182,1.2244201650825626,0
-0.25486555676591105,1.3065302757349007,0
2.897734785198161,0.9207793091863793,1
3.3992196065650946,0.6977830450676679,1
3.6489469700187014,0.413409102926859,1
1.1766569737817072,0.45967745327524084,1
-2.0828714836300444,0.9800270975700417,0
-1.693294620454945,0.834566818421551,0
-3.587596990816829,0.8814413916590447,0
-4.382353482462581,1.0196004011190314,0
-4.125371120704978,0.7327924847756951,0
-3.0113521924479567,-0.08258003363055404,0
-3.376037595680812,0.6258307202952318,0
-2.4999900770147563,0.5658096788698225,0
-0.9441866001890347,0.37876448775078714,0
2.683469767440827,0.4454368187428993,1
3.25850440146267,0.7644779090695062,1
2.7690241199597776,0.4748184720468024,1
1.1562151437127361,0.27556278951638674,1
1.0650879248885827,0.4227150323366351,1
1.2965015271703704,0.5419858625833422,1
2.5581308202773956,0.6597881227637201,1
2.4580851454032024,0.5509846158153492,1
1.9662047081823582,0.4108920989179231,1
0.1728431902211903,0.6618027390386427,0
-0.45414927561570156,0.8270994690081286,0
1.5132533590427426,0.5412161409443098,1
-0.6477077324742109,0.9314463820871598,0
-0.10017809667581952,0.6727474157782342,0
-0.6900286830212737,0.42839642033777314,0
-2.3193959856915876,0.3355753766121264,0
-1.6058663460493916,-0.005586525664031713,0
-2.452879422450369,-0.03579875320196996,0
-3.180927869150069,0.049514653393940816,0
-4.479792342546741,0.28520043481531676,0
-4.005841609625979,-0.52208040889457,0
-4.689193665238567,0.38787654134530414,0
-3.700568967053568,0.17069252580214025,0
-1.6543204847662474,-0.14722159063477439,0
1.391384955474106,0.2113153682070317,1
2.2570315259449636,0.18605952803519168,1
1.5635925591347402,0.09090742082923164,1
0.34257116486061207,0.3718580916811672,0
-0.4421052831478337,0.33491129802747927,0
-2.3000025636606565,0.17689971876483815,0
-1.011129240088435,0.30233954789026035,0
1.1636374276169095,-0.17534314065671278,1
1.123802650870213,-0.3791019358875388,1
1.6050312825641921,-0.3392329056560031,1
0.69248732156544,-0.086907605212811,1
-0.4826345511159975,0.30416625478738896,0
0.17557821779360439,0.2560503786974593,0
-0.2658994936104011,-0.04353298675669416,0
-1.1912077857335026,-0.22445775295746262,0
-2.1890695912203415,0.37075944837931235,0
-0.7800309353662466,0.19640402803296866,0
-0.7580247693570735,-0.2225805596682816,0
-1.0349455883982999,-0.1085231294581874,0
-2.9146312211861485,0.22583177984157873,0
-2.7720444787796676,-0.35777561647770234,0
-3.4961508075265915,0.39028696535910595,0
-3.399835822771325,0.33497107641178386,0
-1.4932505783801062,0.2472673256953651,0
1.8812001621301773,0.20286578549436388,1
2.3602565501397694,0.42826897286965515,1
1.194380719510329,-0.08249507176869922,1
-0.5321345977961964,0.157534053856184,0
-1.965311181272539,0.2702419928917178,0
-1.67510566075883,0.4078446886983137,0
-0.7049802792739688,0.1480755541803054,0
-1.1641000912870374,0.22558823660177243,0
-1.1663711871067255,0.255003049472002,0
-0.38303669351254754,-0.1339455879517912,0
1.8302053058255763,-0.07276504740041911,1
1.8990750606935223,-0.26521656389792125,1
-0.2364327789997646,0.061807939385230104,0
-0.9863568020103931,0.06924837625146071,0
-0.49625520322065697,-0.09482853648206477,0
-0.5733190276741966,-0.12886901600166245,0
-0.6596818382056924,-0.22451297128395287,0
-1.7301862292208008,-0.13260065035813237,0
-2.1063127543845845,-0.1285992196130667,0
-4.466859584485686,0.30656412318463305,0
-3.7780646803339244,-0.537229853509019,0
-3.976882096301616,-0.9014572301714623,0
-3.6068800601019273,-1.2743200627219728,0
-2.828667225203923,-1.0646131332613618,0
-1.5286332468635186,-0.7525040906625963,0
-0.4359398273187583,-0.6132478046665581,0
-0.5014456414839558,-0.31252150624710306,0
-0.6075413048642766,-0.19361375575163703,0
0.41779041823844515,-0.09451156198004805,0
0.6389334997401056,-0.07729429754175476,1
0.07221505942259829,0.10094229220287246,0
-1.7129695937765306,-0.08460302893375785,0
-1.2323765764067383,0.28656942889565623,0
-1.7908953006376418,0.09367423312327708,0
-1.3870688854933506,0.1041248593353217,0
-0.6114165486874874,0.0017890003849585381,0
1.4084973211283178,0.19804927379411305,1
1.4848869912152232,-0.02256879665869668,1
0.12719590388055277,-0.257596845870203,0
-0.028999927402076596,-0.30111049244982097,0
-0.6985407751136183,-0.41043607805754545,0
-1.042046261505599,-0.44686067533555385,0
-0.5188743438089372,-0.49804245834954447,0
-0.7691805399782282,-0.4445117536079589,0
-0.556998392799722,-0.48609539890498493,0
-0.6079722957456034,-0.46756089159954206,0
-0.5163761808205815,-0.5785542533636898,0
-1.5257992280540242,-0.6965267081518819,0
-1.7449238552104032,-0.5609901051697632,0
-2.830514490641385,-0.24342537529429964,0
-1.8374629391820605,-0.009331578882214626,0
-1.6441734237492387,0.03551459058627829,0
-1.4094827321121857,0.14820380333588049,0
-1.0522072278799928,0.19375234120893134,0
-1.6648219970443678,-0.10214197194714397,0
-1.3629670724144662,0.025749203332825252,0
-0.6217070792226245,0.2351664059526076,0
-1.6851779096389283,0.03815415907992223,0
-1.5103539404139954,0.03307632656075134,0
-1.167873312490167,0.03102931068974084,0
0.04253425178715075,-0.01409646063838389,0
0.18867564555892583,-0.08863989874433549,0
-0.3513493837007378,-0.16194662745541985,0
-0.011347120008926282,-0.2606222226123903,0
0.070554513857056,-0.26475486553649963,0
-1.1131437614086648,-0.43805929267265,0
-2.3681848365056606,-0.4065313683726369,0
-3.0765679537278876,-0.43151638299318773,0
-3.365825163167377,-0.4932717901402129,0
-2.88014238156775,-0.42372302948106844,0
-2.427775774256227,-0.4359447621984862,0
0.09466701335326139,-0.25922648555551747,0
4.854204683072229,0.5318483636975292,1
5.400364756084564,0.8499868074351431,1
2.9266515544204803,0.2878569148540082,1
1.0389641801133658,0.5286942191294048,1
0.494398431649093,0.6666164320759473,1
0.7757666382069297,0.7888959817135274,1
0.6638574577025702,0.6634745319093542,1
0.7492161389042641,0.7809919920767282,1
0.719034645125693,0.9335931424477684,1
0.5909678306841879,1.089185539283739,1
1.3728893805081437,0.950325974980291,1
2.669031199191551,0.6193443484392956,1
3.3763103510015022,0.48136597967050143,1
1.6975874505778958,0.29308415136474625,1
0.715452915037273,0.24960775640525668,1
-0.06855843101802445,0.21687000385766533,0
-0.9612964564059362,0.24159384064907308,0
-1.574634470497249,0.03572167236717999,0
-3.0687939678194565,0.25224891106328073,0
-3.7922694934699597,0.24350289419728244,0
-3.030697517365927,-0.6595312138987309,0
-3.411596149531707,-0.21006020181088936,0
-2.6926197469166833,-0.04457223200074205,0
-0.8144921280963912,-0.21288569527832352,0
3.978589271467051,0.042976213182968986,1
5.100194464341279,0.04801566326569248,1
4.577591212628484,-0.14794462224030652,1
3.7564403694988315,0.07546090368971795,1
1.937996255223722,0.64957576849965,1
0.7997740190918692,0.8731258008347462,1
0.7829570802644851,0.9114007441268547,1
0.08863660507902298,0.969202876967313,0
0.3555224455345671,1.127835448224045,0
0.4683784467306118,1.025733211848239,1
2.693783237504166,0.9746015121403769,1
4.7213007249211545,0.9298319458151493,1
5.8606072706561925,0.7203163522576872,1
4.657915821886796,0.2925288796531423,1
2.9012553413467224,0.4504417775328859,1
2.1163885113162455,0.41082904219126176,1
1.505347472343681,0.3808695849739179,1
-0.298375723544844,0.27713970353730943,0
-1.653906833268018,0.5586009996889449,0
-1.788378560938528,0.34617033066644265,0
-1.9151899923734512,-0.2651319941059425,0
-2.808631074085719,0.43410721845767297,0
-1.822657596485407,0.20137449009286,0
-0.06971976295390404,0.19608161839171903,0
3.436491257295134,0.3255013300500479,1
6.29151385709136,0.7463564540593693,1
4.546427588860841,0.48023285994198894,1
3.499020276004221,0.672073874640038,1
2.7163935765479614,0.4304926163135149,1
3.5611245080838367,0.8900856649626904,1
5.385813453385406,0.8883810850401529,1
2.0971698179106406,0.301987364012308,1
1.3055754632607108,0.3182734759627991,1
1.3288380441488454,0.28786878481528805,1
1.205648227950836,0.3597652019752715,1
0.8177147262380359,0.2630454258405276,1
1.3396291601490218,0.09125136255703775,1
0.0022978108830704704,-0.02582836083892545,0
-0.922711085651148,-0.0008027484147705835,0
-1.4873579793828444,0.10974897025301764,0
-1.2970446223292151,0.1479873096850878,0
-1.5589714401108299,-0.027691539069573987,0
-2.4123455474890663,0.22025640682881567,0
-3.452777724865759,0.40724970028488033,0
-3.486526404684744,-0.29719545291820654,0
-4.564361438168002,0.564074785559203,0
-3.8510026343413104,0.41729778933826883,0
-2.088336517698543,0.14601234784512865,0
-0.08466261658725967,0.0229276516030133,0
2.4133331470860884,-0.0515448526299069,1
0.4043446350999455,-0.07334923642926303,0
0.6497438389865193,0.010547975456385085,1
-0.9376776976487279,0.2807316925611082,0
-0.48039557701851693,0.2704564036728203,0
0.20826735297320242,0.4712479327856585,0
-0.6815957723810778,0.502178377126964,0
-0.14327064608666884,0.5138763972068672,0
1.9056003296270592,0.48841779511348865,1
3.5058457235759355,0.4104220439718676,1
3.161581399697309,0.37483588366080417,1
3.3024856008879286,0.564886985942107,1
3.6476341947060704,0.39939397233807744,1
2.4623093212620892,0.23503948912585795,1
1.3136731819569396,0.2111583078431473,1
2.51370078971693,0.3336482806031941,1
1.3246451627220897,0.3511891558006276,1
0.22545571202032277,0.20839061294188657,0
-1.1295083969080795,0.17754159954367868,0
-1.554018042216511,-0.16464182907736827,0
-1.3714257175987148,0.12232454994787592,0
-1.0317741479403228,-0.007299025946121347,0
-0.7319990161919148,0.27901549725410374,0
3.229138818242855,0.25169551381877164,1
4.298523795552036,0.940116614553044,1
1.2699489465230451,0.05596665641865592,1
0.36095152638566824,0.39385128253102153,0
-0.5216182968980447,0.7064822388919731,0
-0.5367675204547188,0.7643546778409397,0
0.36370452893527766,0.8020382333139022,0
0.16129640796801653,0.7520333815308905,0
-0.19872599923229875,0.9398640354907755,0
0.37279343960097766,0.8595957361873756,0
0.9123609781222668,0.7799313174950957,1
2.273032595592457,0.3991705573186173,1
3.245696342463779,0.19095852592626786,1
1.814101682957484,0.12771951789136718,1
0.457591220242304,0.2415503606614098,1
0.9016816141507775,0.288055293497538,1
0.46098843932754546,0.11827499471512781,1
-0.30567537560004077,0.052884076969099414,0
-1.836241260054948,0.13129827567563854,0
-1.9279762758526544,0.18068919101600453,0
-1.5533351835299045,-0.5019097772128949,0
-2.5553363990661517,0.00653293388988248,0
-3.294137384029732,0.21332058619222585,0
-2.7446434582451533,0.16650785740623106,0
-0.7271382576419092,0.18186739825679668,0
1.0704751924837381,-0.03748521025558833,1
1.6452636377106207,0.20984657515911928,1
0.8788385864436112,0.26401137005162395,1
-1.0960311328228114,0.6620855256573639,0
-0.8895696846362006,0.705339500199086,0
-1.0129262027231112,0.7428417327916956,0
-2.040584726598207,0.8086680924114036,0
-1.485911168905612,1.0180497890125824,0
-1.3020521591941732,0.9381841712936344,0
-1.0012551364847895,0.7498595766881766,0
0.1566429109460131,0.4360209281132163,0
0.5161669792145078,0.3761405918117655,1
1.8313053043381426,0.011012079565456108,1
0.3357421828413957,0.12993973229521538,0
-0.10223195855981537,0.36920222824036664,0
0.9386930814947496,0.11802741773324663,1
-0.25990116598695967,0.09555828137243635,0
-1.321096932797546,-0.010877034847729823,0
-2.5929420694095993,0.277519404802042,0
-2.2919813704397196,-0.4386094138215573,0
-3.620535932402883,0.15544730876625357,0
-3.761673212842344,-0.051537330470966015,0
-3.7277253588971564,0.023929800352759503,0
-2.491170931072011,-0.07967180496587868,0
-1.8969204011178773,0.0842772314064322,0
-0.9010186526579921,0.15037381231537403,0
-0.5297014986516742,0.45523998644705543,0
-1.2712968907630162,0.8375350889641743,0
-1.4183925235846788,1.1509412271476116,0
-2.58771592802947,1.470238540850171,0
-2.2512342582185263,1.535886855155527,0
-1.3861638824729483,1.7704985260578174,0
-0.43881777264007754,1.7376191378759736,0
0.06671133028781043,1.5388898061021534,0
0.14551913144713624,1.267240693311023,0
1.7925056798139516,1.1011145757748988,1
0.579757233393877,0.8245002723708943,1
-0.7986510491061558,0.7708956233524029,0
-1.2694960526761132,0.3986242235263509,0
-1.7787797473226334,0.1780719531792643,0
-2.3237663038350718,-0.06080750577496411,0
-3.3080301061499497,0.02601771325601293,0
-4.376612897256446,0.20468371702194102,0
-3.9293444111466007,-0.6192281905298733,0
-4.287985915346193,0.01946836117043077,0
-2.4385725219578167,-0.3202084395509743,0
-0.9897736801671945,-0.41569830634334626,0
1.0511053774775945,-0.2505436499277259,1
-0.4356694728083803,-0.5098196003905351,0
-1.0093084182876477,0.021205573938807815,0
-1.0239464969965002,0.1754337194700786,0
-1.1454421471514695,0.39526859447250406,0
-0.5183569857614327,0.4825242373657638,0
-0.9802544408926365,0.606897503628048,0
-1.1801833130164618,0.644226294423884,0
-1.2114897790586403,0.4224577155139637,0
-0.8082007766212533,0.5060214200828672,0
0.340701682152785,0.5752751064106154,1
1.0303876387749573,0.3212513906800611,1
1.7067083126404055,0.26467900244645404,1
0.6079743337177849,0.026095769789825335,1
-1.5316637723865891,0.31196358918838174,0
-1.2906808169588577,0.4500655957226388,0
-0.9242804857680568,0.3560394793116061,0
-2.441251318760391,0.32256522754863126,0
-3.3393430626033203,0.4750413044185415,0
-3.561370955572626,0.482756721809032,0
-3.411083634626066,-0.04464951322436837,0
-3.9395211483974366,0.6152101087549897,0
-2.9620486884493027,0.44996127809002034,0
-1.4283744481391507,0.3509706157860494,0
2.437946394944913,0.2528473963698825,1
6.639935739356462,0.386157536388609,1
1.8561134186267014,0.08939224778917063,1
1.1075281948379043,0.43213414709207215,1
0.3025498300826145,0.810571238025585,0
1.4584865834567249,0.9718653583181215,1
1.7937672032321736,1.0528555114788776,1
0.5950180089350872,1.2277503451491334,1
1.0572319854094656,1.1870590528548448,1
-0.005741221406863618,1.3343030215515561,0
2.387236935138368,1.2554008874649267,1
3.5473928223164206,0.7048275356263413,1
4.1074048597449,0.5950281936747855,1
1.830232164014795,0.42401556660268774,1
0.9483983187969026,0.3807037495575744,1
-0.4332473873680932,0.681816758157186,0
-0.19861817710739274,0.35767866312093116,0
-0.8764781295462263,0.3946671907120678,0
-2.146031841329057,0.4565498126031923,0
-2.583642247775226,0.38281200035939567,0
-2.800282441528682,-0.14316456547173195,0
-3.2113521411662083,0.3014979816912019,0
-3.278882829143188,0.4144163973280539,0
-1.8355508863957088,0.3911057234251989,0
2.6501582436164535,0.3646551528637486,1
6.3598133516317095,0.3342752455844465,1
3.7275182325434484,0.022543960506228117,1
1.415503457421078,0.6274926686870752,1
0.623596329060768,0.8524299213113408,1
0.7318483748186947,1.2258098205771912,1
1.1880326358436206,1.4279806788761569,1
0.764885082085999,1.3659961081811818,1
0.9203987935808357,1.3589572192209465,1
1.4943022570906765,1.2833671480357547,1
2.591253987205223,1.0588504544333162,1
3.2989837446458914,0.7394715862255153,1
3.0354809122137483,0.6780821455485831,1
2.7643838882419955,0.42273181637638524,1
0.2975130033428832,0.4208059884919856,0
0.24853003016728573,0.5243988096241479,0
0.7633209507264868,0.32473056126740857,1
-0.46876609875841435,0.2560816115381378,0
-1.5483777292171006,0.4850731654192753,0
-2.5342574380048997,0.5771795896535724,0
-2.788481655859446,0.09486693111711311,0
-3.7100593286236805,0.9595580397796397,0
-3.182917392959943,0.6696476171256025,0
-1.1147349234003456,0.2813419579219822,0
2.6938563026996762,0.3756648637923262,1
5.748523116064803,0.5852003086757886,1
2.414625624666965,0.8715736133622344,1
0.8213850148091341,0.8509710103259037,1
0.8661670724504423,1.0730906792938504,1
0.5052154155106403,1.3399912382855368,1
0.8001018293634726,1.5031235464104151,1
0.6069597917860452,1.2938452032780239,1
1.8367712476538929,1.198076094967954,1
1.185403184970226,1.2171027468990852,1
3.0331611970399246,1.1541940750966955,1
3.592290808297387,0.7206382413545256,1
3.5484776759997763,0.4170011561677552,1
3.1990223543380516,0.12476956451429025,1
1.5442587889430095,0.17809428166095134,1
1.454496127359992,0.15296995384934467,1
1.3692438991069709,0.3178129576349556,1
-1.0133231840455608,0.41084694617610573,0
-2.4456459559722705,0.5866521799574501,0
-3.096788363809059,0.6016851481123754,0
-2.4335518146247077,-0.3371493774053459,0
-2.969426404433053,0.33886890647477524,0
-3.0732942493804107,0.32068964607411266,0
-1.4018152360406975,0.13338699900044573,0
3.968257506819134,0.1487031832505085,1
4.506481159801484,0.27318880880714796,1
3.1516260897384587,0.16415042944537092,1
2.4181490678673048,0.5170880412397636,1
0.5278400567431113,0.8942332070513138,1
0.5709158699448627,1.2113382425210617,1
0.8891956383485962,1.5512682279581005,1
0.8630422174121483,1.506881044374437,1
1.0253063207313062,1.4783709850927562,1
0.9338937495724308,1.3390970550100154,1
0.3452040582462855,1.0408640760116505,0
2.9166240769540943,0.7733860622500885,1
2.3365348750478145,0.53574249211354,1
2.289916621566272,0.3537671998641297,1
1.3105878794262524,0.3387688871176719,1
1.3612499184473665,0.15916627697450583,1
1.745756458795051,0.14958494744778775,1
2.0711096107412117,0.062143009090169815,1
1.6744814071197849,-0.05198557980714461,1
-0.22910243988356505,0.16295264531031975,0
-1.1632274109969023,-0.1278113794104888,0
-2.3021648962982084,0.315977166464959,0
-2.440490026477246,0.19635527098168506,0
-1.882260437308284,0.24201992078014203,0
-0.2485782478705646,0.34375923866925767,0
1.3266050827179323,0.5941893847586978,1
1.0174935281796536,0.5254914090288975,1
0.7857323853920515,0.9210010864266275,1
0.3455742045538256,1.1396677020904076,0
0.8396195812340406,1.107549120583203,1
0.656943732305552,1.4187076672484917,1
-0.5248065223836337,1.470335940121303,0
0.2675305646346526,1.522296686320138,0
0.8308422957282101,1.5026765108140956,1
2.3019512439523666,1.2850144096853047,1
1.8173004946355837,1.178246484796619,1
1.7632589536374943,1.3126683356288755,1
0.6408622350201905,1.0729300802100352,1
-0.88123178278876,1.056955501212485,0
1.0889103815609655,1.1078965356916337,1
1.9926120253782802,0.9442568662629384,1
2.783090409108247,0.7679445712026197,1
1.8959182245263557,0.6051369363013371,1
0.10852618959383153,0.8188623234445908,0
0.897992430665162,0.5063476930282503,1
-1.9736226353325375,0.7308695614751602,0
-3.51810399351109,0.7805523642822381,0
-3.3461538387139957,0.6212805640721908,0
-2.148983821562207,0.4943750673379297,0
-1.9417274478323918,0.7707504019709625,0
-2.5309553755861542,0.6935368820268204,0
-2.4187000695498564,0.943298108141701,0
-2.3797133311426673,1.3416461010476444,0
-1.9082749388861866,1.2516949452793205,0
-2.4171901320705875,1.364359952716469,0
-3.0651575750855296,1.570430247308331,0
-2.146183398806965,1.3447509328610245,0
-1.5102007587382766,1.1151509629382539,0
-1.1348366143222641,0.9942346541637935,0
-1.0394706381974075,0.8438510708889986,0
-1.2492002799753792,1.374630172676204,0
-1.4074388919682022,1.3990608789843153,0
-0.9401697754807944,1.018427222745528,0
-0.8881290210399453,0.9047016312795958,0
-1.9297456157675141,0.4587807031369596,0
-2.7813832662348275,0.36146377387958684,0
-3.6066973944879916,0.3371796143730895,0
-4.696281528854315,0.30853945380086695,0
-4.517565073288391,-0.6691056412762387,0
-5.435057473106144,0.30092726365413025,0
-5.183191524515559,0.11930521894253925,0
-3.269502842113107,-0.08439867251148735,0
-1.14124670479048,-0.42422600209593764,0
-1.0253939565545889,-0.16267426921173006,0
-2.0402796791571753,0.0729974293872695,0
-2.2963208342306487,-0.13470257870167213,0
-2.4707579711144474,-0.05940244989162852,0
-2.1621304140065223,0.0634879152905754,0
-1.9990411866151574,0.09937397401013334,0
-2.0709690113114703,0.17095853137423808,0
-1.8654432329437807,0.30027607414753893,0
-1.587457050603114,0.2196322966852899,0
-0.36514903205661486,0.13187431513022332,0
0.05689988005782892,-0.05500536466767138,0
-0.07749414167297519,-0.18216626813796133,0
-1.5782958029661545,-0.2610147210357575,0
-2.295301032201859,-0.11836727173013627,0
-2.381352859303695,-0.15830042646658546,0
-2.1753412980644224,-0.4061938737496384,0
-2.7202974738793744,-0.43500079577075873,0
-3.394449072580161,-0.2941879374747937,0
-4.754201440879766,0.08908243631484333,0
-3.9258647615809044,-1.09952760139095,0
-4.858133501316765,-0.22748378635810484,0
-4.0656506652640285,-0.5983461839057648,0
-3.726959863320852,-0.3724308805786368,0
-1.138908356928597,-0.3822217064026463,0
2.1190508446865928,-0.2601876345750885,1
0.3195406173957669,-0.23354840409771144,0
0.6003872765453496,-0.2526187539260827,1
1.777443601838276,-0.26633241164387045,1
0.15415228438179665,0.2175536980783012,0
0.7113143015254209,0.39419726759437307,1
1.5900165142017413,0.5057260841857275,1
0.06460958479605124,0.560202394682589,0
-0.03015710259178271,0.571845491502028,0
0.8035286024114379,0.6869573063259257,1
2.864398879010572,0.8167440809980995,1
-0.11671764695340348,-0.0724381007361177,0
-0.09295712879607648,-0.06868567785822229,0
-0.06919661063874949,-0.06493325498032688,0
-0.04543609248142255,-0.0611808321024315,0
-0.021675574324095573,-0.0574284092245361,0
-0.599993594770729,-0.14189127169975388,0
-0.576233076613402,-0.13813884882185848,0
-0.552472558456075,-0.13438642594396308,0
-0.5287120402987481,-0.13063400306606768,0
-0.504951522141421,-0.12688158018817228,0
-0.48119100398409415,-0.12312915731027685,0
-0.4574304858267671,-0.11937673443238145,0
-0.4336699676694401,-0.11562431155448603,0
-0.4099094495121131,-0.11187188867659063,0
3.4612557283860195,0.08599611786547917,1
0.5084768051275286,0.12338599510891339,1
0.4434389279547406,0.4507100066227878,1
-0.14020823730650553,0.6769533935623931,0
0.018590524618067303,0.9054312573420632,0
-0.6948448511918982,0.7645649345173063,0
-0.6586128022246279,0.7928972174535294,0
-1.205920795637439,0.7812052917361552,0
0.9447578686432354,0.925922383085486,1
1.7886905665877941,0.8823525212365716,1
1.7766190900547676,0.7045697701243226,1
1.5893616290826569,0.6443143575675977,1
0.2925348655097817,0.29845259662453727,0
-0.22674743894676572,0.1394222645382058,0
0.530030489128197,0.15694381210900563,1
-0.8170749765201791,-0.05836130423519785,0
-1.5770372330777842,-0.22313963479955917,0
-2.635090550669479,-0.2809092864861853,0
-3.126981367116501,-0.24824482533677497,0
-3.302444704642502,-0.33320552500869627,0
-2.263742550992016,-0.47365817932696236,0
-1.367200517479424,-0.38359606847364197,0
2.994095909865959,0.29062752196896474,1
4.607355288405124,0.7267979420744861,1
2.9744708805582563,0.6709458732906164,1
-0.5255435285281825,0.5698712430180018,0
-0.9703282298760975,0.5004094571763441,0
-0.022327287961897802,0.747967148536035,0
-0.1351570263159756,0.7146189481715314,0
-0.5435189965179877,0.8636645562674955,0
-0.01584135403790173,0.9926339921673639,0
-0.35696705015260527,0.9311456499653541,0
1.837917147522222,1.1351630461342055,1
2.8719619885287484,1.082594991489686,1
2.0068482541929105,0.9450441630554285,1
1.0934727853868516,0.6147572436685013,1
0.5771310557241369,0.33919494449504906,1
-0.17389382725663638,0.2041002615814945,0
-0.25195322263514897,0.08926520504231975,0
-1.2155818737146515,0.007045222274637096,0
-1.8251920118363767,-0.18019490085960793,0
-1.6936474442169704,-0.24817814651782238,0
-2.6007273299578326,-0.3524639988747995,0
-2.8939302797484188,-0.48007752337502496,0
-2.712371935385872,-0.4138977380165565,0
-1.0218121999162904,-0.31167845798607713,0
1.6244697676791804,0.15583960384566356,1
2.206077053481834,0.4763164218510275,1
1.8901782651219372,0.7007259388072004,1
-0.42067323209424695,0.727769953320578,0
-0.44908845520095714,0.8579912010332785,0
0.6560383910998527,1.0933455271968824,1
-0.03367529589918517,1.0747403697290479,0
0.5533514917722968,1.1320759875295812,1
-0.19989362681440348,0.9352276842701082,0
-0.07785624226897599,0.9111028674310944,0
0.5237133502684088,1.0846564688412914,1
1.0121641172010516,0.8288074957785989,1
0.256067448100267,0.8919075366832828,0
0.09505451131718066,0.48750020620211054,0
-0.9815375986615478,0.546220426437012,0
-1.0676062415809155,0.5675994216702746,0
0.26318684760725364,0.531236484937537,0
-0.840095259326593,0.20629756425554177,0
-1.7505558892673954,0.2698351645483205,0
-2.437565338913997,0.3942065555181112,0
-2.7775362110190116,-0.015179173002817736,0
-2.8359157508865405,0.5443770407198211,0
-4.495876674901597,0.6758445816188583,0
-4.2696206084691015,0.5226188396989305,0
-2.9258663934264693,0.27851491763203623,0
-2.9624438647604294,0.34077593066831574,0
-3.071706112518324,0.41050971479791915,0
-2.986909584897378,0.5868767634793822,0
-2.7824432926311955,0.6356820687764075,0
-2.2687700018509807,0.6979585820760629,0
-2.7973501041822493,0.7951306773862028,0
-3.1802225546508875,0.8120673007968646,0
-2.987262742491619,0.79243430390534,0
-2.5078769351076273,0.7903748085437651,0
-2.294545218809227,0.7364492802189162,0
-2.0929906239299982,0.6399300161242725,0
-1.6466270930011562,0.4791254290172558,0
-1.150552527274442,0.21594083309885034,0
-1.6338273596093449,0.21747331231396047,0
-1.0646066574302535,0.3525959764535333,0
0.43800647722158914,0.29471254086172916,1
-0.05038984385762874,-0.017678534371278528,0
-1.2804834374757528,-0.0018412880757678874,0
-2.153257193967842,0.43146233263951494,0
-1.9922692102491444,-0.11324046209214993,0
-2.7331888738186727,0.3734606699069017,0
-3.6090530698962935,0.5038746998019455,0
-3.565464807787207,0.4724388436814291,0
-3.065585003138576,0.4726191852547492,0
-3.560570600068696,0.4649090838225848,0
-3.572112139254391,0.6571542223645285,0
-3.2028344625155887,0.9253234457708571,0
-3.2017087923383882,1.092067693767565,0
-3.083332166510661,1.2120677076915733,0
-3.9329636611462866,1.3099408057452753,0
-3.798901153210226,1.3030554795996698,0
-3.2743532907149175,1.4493317952002882,0
-2.189074116632186,1.1612732767523621,0
-2.3020423659217912,1.2069308720025793,0
-1.4219083207263554,1.0732408650976,0
-1.0128652880297386,1.023751305102977,0
-0.35848477613534624,0.6977823872150449,0
-0.29822901098182,0.4580547758403991,0
-0.7265690720821157,0.4168773565231445,0
-2.20697881224605,0.8301098862530525,0
-3.2350226486685023,0.9435420787817925,0
-2.6496094503985823,0.7557265916960448,0
-4.012571575001913,0.9600507504103897,0
-3.465102732556933,-0.12867680972083909,0
-4.219651281126017,0.6576752400255496,0
-3.433818921713778,0.2580975019593056,0
-1.7853716174272949,0.38376479749331827,0
0.6022779751072906,0.3911121725101405,1
2.842254692085586,0.4172339777856122,1
1.6624873179893394,0.3846513129583693,1
0.9520125237744418,0.9163969967725354,1
0.3498345598395249,1.0927942128477846,0
0.1668761760866399,1.251743175155753,0
0.5213842838743463,1.4641510816773355,1
0.5774181034319547,1.470577267732623,1
-0.024386978899620035,1.383113065582707,0
1.1617955684362011,1.2256675825223753,1
2.6365660261245205,0.9582463209296603,1
3.473511017888098,0.9679711964920681,1
1.4909075252703015,1.0667643171137533,1
0.04592760832971684,0.9834673575896328,0
-0.6167914146946765,1.2006494986958849,0
-1.3277305340136305,1.1758156520446066,0
-0.9141618698746613,1.2216510303450032,0
-2.188916269846493,1.4676620578188198,0
-3.2133665540492236,1.6850732286584793,0
-3.499452747544579,1.5033936008459086,0
-3.396445230124149,0.48158821585716033,0
-3.890496615834697,1.2885307630603247,0
-3.018901010001933,1.226869545260069,0
-1.2486954359815388,1.1125424676035172,0
1.0359050766114382,0.9026366007153535,1
2.556957876990967,1.0630520002055617,1
1.6225734725489318,0.9441828875701309,1
0.9543745994622818,1.1105895338598524,1
1.0376253183704627,1.2709178544553439,1
2.0111794214448353,1.5869263721898939,1
1.858275004754623,1.706219055367895,1
1.0199478077426243,1.9191608574020953,1
0.9411230423153369,1.7969326994127908,1
2.1821033532101466,1.7860161735060704,1
3.278419862634987,1.6911909187710665,1
2.8441917250757123,1.7891205819612135,1
4.609471334162714,1.9447610795102723,1
2.957004814696343,1.6763357597391337,1
1.8874123310482733,1.688891066676215,1
0.9904702075476007,1.571723616086597,1
1.211154867089598,1.4199293472584493,1
-0.7133867344572359,1.4663534778078133,0
-1.2127003216809469,1.531956439734835,0
-2.1424750610118157,1.518695984956754,0
-1.3788536553566018,0.7530176499957396,0
-2.826372132854114,1.5081263890227006,0
-3.1949339899327436,1.6884154913179206,0
-3.0494540345746084,1.6857435258360063,0
-2.316221228342206,1.5986111080570555,0
-1.1167898920088979,1.7391995265003248,0
-0.5546953543880174,1.787744494674928,0
-0.42687768720230806,1.992527768298791,0
-0.38352684643176727,1.909997921553382,0
-1.0829083445687364,2.2444796840320884,0
-2.1984258215130965,2.4482122330073945,0
-2.2799803933811975,2.5621718412261836,0
-1.336222482931535,2.730709544975037,0
-0.5744691424497976,2.6251871907786244,0
-0.9084974011206182,2.4235298403575207,0
-0.0031169332611212324,2.4000441384281483,0
1.4990014624906576,2.1027851352317435,1
0.8006574154018259,1.8375035329075484,1
-0.13462066955908097,1.7338998119210793,0
-0.21314761887131203,1.8703168221814432,0
-0.9461038205617516,1.9735303711125727,0
-1.2439088152794409,1.714790627560009,0
-1.2140326591467232,1.779043751248278,0
-2.163538844826596,1.7439756070331613,0
-3.5344390934585537,0.396560784437514,0
-3.957806714663138,1.394646327130545,0
-2.7861646105144184,1.007142160241343,0
-0.21198736950462452,0.9235216940955631,0
2.1369907577664105,1.274053870343396,1
2.35029413041703,1.2733208336164856,1
3.2888270680721283,1.0306284440502351,1
1.8565335575427075,1.4746029466047323,1
0.2616886490895647,1.255847275577902,0
0.03351169975755984,1.269867977566391,0
0.18134700052425223,1.37143712544086,0
-0.8173821475516433,1.3533029306524509,0
-0.6305946652451695,1.238975234292424,0
-0.39681600686928387,1.2180799774886233,0
1.0650100589945093,1.432080043754025,1
0.7849643727934157,1.295540359447846,1
1.7362272203777271,1.2369631381174424,1
0.9170797811743153,1.1041252551931178,1
-0.566635870331346,1.0059989835446794,0
-0.5363593738366509,0.8505065405820309,0
-0.41973066198409814,0.7858522946928725,0
-0.8094118231946416,0.6745543862794615,0
-1.71296564151816,0.6804109512904845,0
-1.9624626868871413,0.7032353813705636,0
-1.415900035548567,0.620063405650363,0
-1.8067162453187693,0.41203270544189824,0
-3.6863400214573168,0.31167610044487215,0
-2.3976908036305953,0.4414133052398652,0
1.5762508749944806,1.0668037951707747,1
-0.3654015551739649,0.7757242082955537,0
-1.580599600986487,0.7038805160473219,0
-1.8212473793682276,0.8058137745522567,0
-1.3631848168944207,0.9549381385608484,0
-0.7229167147039046,1.104051256940974,0
-0.20154405344515056,1.2372849165332778,0
-0.8935347183933469,1.1481793361240784,0
-0.24687148358130787,1.1923557116662211,0
0.513580085900901,1.2906704814780108,1
1.2932118584642271,1.516969019840105,1
1.3310644667680347,1.3453507814810624,1
1.4910115455888777,1.3876797175120839,1
0.649757510805395,1.1316085942625893,1
-0.35140569674553257,0.9190358900281694,0
0.039239610433542106,0.8699377791934414,0
0.9548031652545861,0.9513042782433556,1
0.288053028945261,0.8565109298729313,0
-0.9910359440909611,0.7103446442796276,0
-0.4096854470360285,0.6697528568469926,0
-0.97008254100917,0.5878518392523313,0
-2.266357927543603,1.0890930898547018,0
-1.982401632643953,0.9969689029415761,0
-0.692277204628956,0.957935212830604,0
-0.7476891519619119,0.900170384026821,0
-0.5691561355911827,0.9849309897731142,0
-0.9099119815911061,1.2929446541764844,0
-1.9566601720646297,1.4697927001618254,0
-2.1446943037633432,1.7721607270065245,0
-1.3053673837009587,2.0133983356357166,0
-1.2921910919803157,1.8848654392245747,0
-2.1032936502647286,1.8793238189542412,0
-1.3284916820929018,1.8780900424840072,0
0.436417883207642,2.1656698853208467,0
-0.23925779265933234,2.114131793016083,0
1.0433845373297856,1.8486915250258837,1
1.543272995654043,1.7754498675551074,1
-0.4764031615244252,1.2962814511048895,0
-2.463046445287401,1.9684047920437278,0
-1.6423626279582269,1.8162907908803057,0
-0.6035146821878384,1.5629199273402168,0
-2.049271652726485,1.5203555087204463,0
-2.9732952749605515,1.7472491330593616,0
-1.427052756431118,1.3531463621548594,0
-0.9463324704253663,0.8440863229152311,0
-1.832460752316082,1.2413084644228418,0
-3.214754533561596,1.2793658823203282,0
-2.7903976153722936,1.1953802784285605,0
-2.018574182372431,1.1956317249807764,0
-1.7750006708901387,1.279775647246199,0
-3.274883533821051,1.2500320047113134,0
-3.0038051711478233,1.2778718444540036,0
-3.338644643844134,1.429638726193451,0
-3.2525726199433382,1.56939685750097,0
-3.7952145735139635,1.4310286897567261,0
-3.5945503857408276,1.6268018859546236,0
-2.8900388196194897,1.3834580497395064,0
-2.6764994837549096,1.531867947929793,0
-2.324042957525955,1.5190716867085508,0
-1.8986272546718816,1.3379621281100305,0
-1.4187923235564674,1.144853426485316,0
-1.1486518928642881,0.9442550376883733,0
-1.3674109720368823,0.9264684778657098,0
-0.9783839497119516,0.8095762041269925,0
-0.6596125239187128,0.7805302969821389,0
-1.56874936158907,0.6000811451010603,0
-2.8596876531397237,0.7628467021820765,0
-3.4276665317686468,0.8978278457167906,0
-2.866591079831368,0.2485382845886131,0
-3.5385722013221166,0.898441127121147,0
-3.3445885644497073,0.9387243096757094,0
-0.4877467163903596,0.6353454168826536,0
1.0062258689568546,0.8946201223484098,1
3.1715969332837233,1.0996820291109302,1
1.298792821799672,0.9360023123084812,1
1.7176630934904125,1.4299104018541688,1
0.8640334000734894,1.5784129573492065,1
0.17677165375593748,1.5584817162608284,0
0.9871073315385168,1.9399881208391392,1
1.2477212594383817,1.7820889414546428,1
1.4755219494364662,1.9531976738037198,1
0.9763032219473974,1.9192832721733342,1
1.9374238264232186,1.726890473672189,1
1.7096296186365945,1.7085491360337655,1
4.225637076179973,1.703009702948435,1
0.99331961911794,1.5270291429682314,1
0.35600190538587845,1.3721521649265633,0
-0.1778519786350635,1.2968703458186577,0
-0.19980218651428364,1.1712842182157348,0
-1.2339229658114863,1.1000342808074837,0
-2.5516164907874903,1.3116715974884812,0
-3.2907314305158772,1.347920369195095,0
-2.9481876790845636,0.6303002156953132,0
-3.9378945729492134,1.4799378853909064,0
-3.1429049359229273,1.2817546241106739,0
-0.7667746516574878,1.0205949788856807,0
2.378495296161069,0.9759328155858621,1
5.5933642093029405,1.520943437106887,1
4.720139590211583,0.8330183253670904,1
3.036481852182656,1.1139942492989896,1
2.1726448924530812,1.5958848984819871,1
1.5955241824336612,2.0771879969917677,1
0.9467292616218447,2.1629083927121338,1
1.4953372446575837,2.19566937627295,1
1.2806323523903875,1.9868505172234396,1
0.6453939638956425,2.173828572061308,1
3.086360616470124,1.9815897501270343,1
3.515016072262122,1.8504521546198518,1
3.7875254025460023,1.5138745022127527,1
3.2976576356917744,1.4711634818765333,1
1.9388410606953803,1.3996545534783023,1
0.5441072111822833,1.5668300903202126,1
-0.5648011169566242,1.721819972408421,0
-0.360121240731042,1.4862993261646862,0
-1.4182474501660438,1.5831248851942843,0
-1.6162318698580298,1.5073014193827112,0
-1.9473790368355068,0.8281851666981438,0
-2.5901323172993145,1.3391187525667108,0
-2.267671413309389,1.220558678309663,0
-0.8956238957322264,1.2291892370227584,0
3.0016398386535936,1.2609662873853835,1
6.384879886143261,1.3237982550393999,1
2.510859274337319,1.0590350924813714,1
3.100369762481924,1.4761694296107715,1
2.502397204076873,1.971415799988441,1
2.752220507392489,2.180020487501894,1
2.461962090424911,2.1654317461608272,1
1.0883482744553608,2.2395506927111137,1
0.21754487486654397,2.416964421043792,0
0.2525417258029591,2.1009827355143114,0
3.3470915977588067,1.8901851182508103,1
5.275884494182314,1.9457633645530887,1
4.671025156114686,1.6313924905159634,1
2.8791816648903628,1.6807335076156726,1
1.7790962014440717,1.665027268675606,1
0.7024212050872237,1.6109714788525338,1
-0.3894785768510148,1.636289578735049,0
-1.6274706602755924,1.6545562911625735,0
-2.463729376990389,1.795286961004662,0
-1.698542602335762,1.4527488002797961,0
-2.0046349664442564,0.7393923462599691,0
-2.7786343670158575,1.304424043780371,0
-1.649252544650857,1.0561907304421072,0
-0.6980354453080618,1.1318994587155422,0
2.2994756692287623,1.326840697493431,1
4.704290454249543,1.5971656256502744,1
4.130132644062859,1.3552303560672578,1
2.292677023741571,1.6457327712730916,1
1.2964132189068853,2.0367833842675163,1
1.9897784774857556,2.2142858194900463,1
1.48944066206755,2.6300358535177937,1
2.0044997546051677,2.4935416809166995,1
1.251962388057077,2.431243538582498,1
1.279857686074149,2.4761403718118253,1
3.2911562040646194,2.1194364744826046,1
4.585416952832096,1.613827493814332,1
4.6081890634617535,1.3238886012203577,1
4.006943628451293,1.3231073445035848,1
0.7950861719927625,1.3988227712147039,1
1.4307570503421179,1.3123963499471034,1
1.3986244657755316,1.1398135865552956,1
-0.2432638988091509,1.2868991376436973,0
-1.100339964729573,1.276918649214215,0
-2.6085787325537706,1.374887657354712,0
-2.5899220427743535,0.6956438084764017,0
-3.0329194105368513,1.2133938674234563,0
-2.2433682766611267,0.7959308660714685,0
-1.312411168920274,0.971632874505163,0
3.6122391448317273,0.779962087177613,1
4.390818289415974,1.1106553407454285,1
3.1121506952427858,1.0053996062119885,1
0.8310309629617594,1.5508449601495453,1
0.46985138507380153,1.9290328335250837,1
0.5802139085115415,2.141722524667271,1
0.6231094309555746,2.275990067498374,1
0.2071621174512294,2.1354013201009185,0
0.7827639328392679,1.7885445788710963,1
0.2236949503959363,1.790027569498899,0
0.9179220133224101,1.4255450241437604,1
1.8240273686584858,1.2794884463146736,1
2.165651488663407,1.0493627358238558,1
2.125733159290914,0.8741181981059778,1
1.5008096763125882,0.7096220970003931,1
1.160841872103371,0.6564386986384485,1
-0.8801951788417627,0.7878883110588512,0
-0.9129660807218847,0.8139455741698012,0
-1.7895270298210018,1.0033943856911807,0
-2.7111944538562898,1.176639264184496,0
-2.4333746014398625,0.3988574983954864,0
-2.552080137701168,0.8932968478278925,0
-1.524718047807441,0.5821828859975037,0
-1.822638203975307,0.8638465498688108,0
-2.05033778956461,0.9616539779238925,0
-0.5833470451853268,0.8696136450835784,0
0.7182824443463353,1.1405468492613948,1
1.0275061653185495,1.3734433198909284,1
0.22278409297955987,1.884851031671267,0
0.05498409631452489,1.8911625790883175,0
-0.2790987637699259,2.242844533921333,0
-1.1049602088111854,2.462892417795458,0
-0.5027905922316692,2.603665323178872,0
-0.27722050859453207,2.484207473220795,0
-0.7615852783079613,2.4567486823347466,0
-1.236533019716117,2.431402488316352,0
-1.2240626032420647,2.301507759487441,0
-1.0515256075163206,2.0525171812131013,0
0.6365197053974623,1.8506624534389926,1
1.3396864552409085,1.5830899414586075,1
1.4971125892746442,1.5232209153923226,1
-0.42161754528654605,1.5909101423395846,0
-1.770020059645686,1.9677606558182794,0
-2.8496244819991645,2.131458141039313,0
-1.8327753079124567,1.2295787369762585,0
-2.8441325536562974,1.9430716990899675,0
-3.3506896833987936,1.825738582061863,0
-4.054785493198371,1.3885107852013405,0
-4.21570229815535,1.3367009132629881,0
-4.274149092999183,1.106859141212832,0
-3.974160997069204,0.9367785307910703,0
-3.4433043673162755,0.962572557258393,0
-3.1549094936677715,0.8296515343690612,0
-3.2318617297034176,1.0300381674598915,0
-3.63365105951628,1.1782392012604417,0
-3.80032427234453,1.3134676865996537,0
-3.3344583175290587,1.2117441968518974,0
-3.0724657727561495,1.1755817750225617,0
-2.9021015321394112,1.1398597723518045,0
-2.8544382374864754,0.8977165156619938,0
-2.6875224028739204,0.8303305874572691,0
-2.477687456919374,0.7993830730180213,0
-2.50966858124364,0.8837214756688461,0
-3.247223188668408,0.9561517021695157,0
-3.0828184827111182,0.9188576002355336,0
-3.8573538405790657,0.8515538759889836,0
-4.512906218219815,0.9714037871552765,0
-5.101654835280975,1.0785258997962732,0
-4.542873519338797,0.12082702573760644,0
-5.195651699457498,1.1121276407072072,0
-4.617550257615024,1.0921082682803591,0
-2.5689630382967996,1.0185988299538138,0
-1.0056426968341197,0.8083506716153707,0
-0.49781330129263224,0.8696161439164463,0
-1.3434195901677712,1.033201662267181,0
-0.9581960433289795,1.3324285697736094,0
-1.6484708840885884,1.364325577135372,0
-1.6548665249021839,1.5353130469513547,0
-1.5532037851378413,1.6236695222453614,0
-2.3226904632631458,1.5532476190502442,0
-1.6568252566521047,1.4448134920158426,0
-1.1787071201324413,1.2486339495342558,0
0.5239485104598217,1.3706749650703087,1
0.14311478240446776,1.1344596051085265,0
-1.0800633066166223,1.1911643155236535,0
-1.484947663277136,1.1788001040582823,0
-2.085755651641385,1.22349914650459,0
-1.7802612001155882,1.1842646233119372,0
-1.612132187352291,1.2094011292741818,0
-2.0422976413117535,1.0333880483717555,0
-3.2998211009735567,1.2613379683991082,0
-4.165701665375067,1.2313512250372232,0
-3.6078013718299045,0.43970551275753456,0
-3.577258379631304,1.2489213702175186,0
-2.692717014048211,1.1549089954655656,0
-1.0432268555373254,1.0168527772662537,0
3.504845496428206,1.051002695470213,1
3.2709496841104824,1.2626660923228943,1
0.12599346292446212,1.1971619057865877,0
0.43718118699589864,1.4550105698838194,1
1.4649726610813714,1.6864827802610767,1
1.2939573240036655,1.8278702775333167,1
0.5783818124689943,1.8524053759060817,1
0.29361270755542074,1.9857732981058107,0
1.3163726980555923,1.674609982305235,1
1.522950647980911,1.823003842305134,1
2.1035003062333106,1.7586440126940122,1
1.7032468228632582,1.6371000359104115,1
2.6745774040691885,1.4202346625080209,1
1.4936218146242317,1.4285138757064393,1
0.47311430251195646,1.4406002976463896,1
-0.016130621897153738,1.2762526037095148,0
0.46063533976633203,1.1045568802263217,1
-0.20903066528395944,1.2410091222164568,0
-1.139637767675515,1.2976055411594263,0
-2.4393910019907317,1.5222377943266336,0
-2.1911454388658593,0.7601399650266073,0
-2.961273653664326,1.4043480561755273,0
-3.077019421033487,1.5300943378182061,0
-1.190909077711354,1.3212769205459438,0
2.109396198622414,1.4145423704936049,1
4.876123289818235,1.4671025434728107,1
1.6333173989681125,1.1868615671341012,1
0.9136013647005806,1.5978259567351947,1
-0.6260522768551251,1.8401159031472747,0
-0.42704500074196716,2.0073925832783943,0
0.834142102839043,2.0753822734880303,1
0.829532272029986,2.0416347824810215,1
0.4311319088194685,2.107676425183582,1
0.6361391053031727,2.060906975657056,1
0.7033418972571551,2.073434512757656,1
0.46039108329226763,1.8352989107768658,1
2.1393448465140184,1.6303428183309712,1
2.144668158097013,1.244947611197217,1
1.0818317001607847,1.1581827376150904,1
1.1502211145100094,1.2345985603649139,1
0.9978696796014123,1.2719872504560903,1
0.45260470524045593,1.1588594634819105,0
-0.3257419009298744,0.9754363277040619,0
-2.217061391702423,1.0873830889057818,0
-1.7771017976385308,0.4816915274109396,0
-2.6946067106495897,1.0379938823910038,0
-2.734878044682979,1.2397376197525503,0
-0.4657738323742959,0.8854526909215179,0
3.0891879834708167,1.1536135470817455,1
4.121932582148471,1.2298066930206333,1
3.583168852782805,1.079445465493689,1
0.3031129693558656,1.4190658412788684,0
-0.07077764448830096,1.4418982219018452,0
-0.043416597160051695,1.631356008602302,0
-0.21920101818112117,1.8080508371877622,0
-0.1605641057148584,1.9015346186764746,0
-0.23518052086869326,1.9062595751514753,0
-0.2079926225597227,1.9617074932527423,0
1.5450259687928645,2.022499579508275,1
2.4950531134331033,2.0113259241999293,1
1.6381023782660582,1.7475608761539638,1
1.3784483610963656,1.5984446169525677,1
-0.3413498791071363,1.5814456126261305,0
-0.15403836137576007,1.6335239032330708,0
2.0130721397121127,1.490934057004419,1
-0.00960510376374634,1.316127034846408,0
-1.5067041034868993,1.4010773192484558,0
-3.010626998715561,1.7042640298104754,0
-2.747807031409059,0.8179366204220417,0
-3.6734431906171316,1.63278210842454,0
-3.2471055080366353,1.516046096509623,0
-1.6977246132036201,1.2550855176291735,0
1.0118471154090471,1.1259212650156276,1
4.0852080241133315,1.5452619815570527,1
3.1695151857088377,1.2050000802575707,1
1.7398430070728301,1.5637688166512074,1
1.9091565922207814,1.9658839934793628,1
1.2248633273140699,2.1664454086953526,1
0.40383727189783175,2.4314750675634715,0
0.7987250072974397,2.456674274700816,1
0.6373638091093509,2.4483625631448516,1
1.2803763815532414,2.2782747421555123,1
2.3989460174941075,1.9165695962343858,1
1.6340542285417377,1.6407687351557703,1
2.922789689618156,1.4561143491609108,1
1.8270204696933283,1.5852564885468534,1
-0.6540547421809185,1.7349594102659498,0
0.22736755400529662,1.799662871308143,0
1.351301828791668,1.6771495521614153,1
-0.3053991743134157,1.5761051880401058,0
-1.4108190979168869,1.4562834012120387,0
-2.3488097926431566,1.6000945283806598,0
-2.1366116216348248,0.9263023488521236,0
-2.471119441991305,1.3959447012847235,0
-2.799770811593117,1.3816177298662478,0
-2.599505085662017,1.4260398603876534,0
-1.5534190093038798,1.4857656721965449,0
-0.34308042087919194,1.51546773169894,0
-0.009103077619070973,1.7529036686069828,0
-0.08049611524027066,1.9196561569761443,0
-0.0089071153690399,2.1328409058333175,0
-0.20270119274392623,2.537469523555429,0
-0.20894181707787637,2.5643733844136474,0
-0.7673196957496468,0.5195182779399613,0
-0.7814197147578572,0.5673832926702731,0
-0.7439879035810243,0.5549762694196543,0
-0.7412632876767482,0.5823160914883254,0
-0.7631429123176288,0.6403981898973425,0
-0.5700576851380814,0.4484785927079225,0
-0.43734181922383153,0.32574457717414707,0
-0.5887976974755609,0.531111382569167,0
-0.3742615716438375,0.3128152555725276,0
-0.17738007352285085,0.12062258247041602,0
-0.7521093212276073,0.03728120939072859,0
-1.1292759350756238,0.4975616087426953,0
-1.1448488759305433,0.5469122140854593,0
-0.6278025802741023,-0.004942784023867999,0
-1.0954399213700554,0.5501423386123542,0
-1.0853506962322346,0.570054207618764,0
-1.019310875369243,0.5252372668068859,0
-1.062433900462737,0.6083013297149006,0
-0.9494885131543916,0.5090636880676704,0
-0.9196288094106663,0.5054791831875348,0
-0.9230033790927886,0.5401559330142371,0
-0.9459409291812532,0.5969344914192628,0
-0.9207074891772172,0.599201323684706,0
-1.0666866764412355,0.8014148972463604,0
-1.050498265717016,0.813989838494739,0
-0.8887593937174828,0.6560567747832609,0
-0.7377459710440374,0.5113119759753926,0
-0.6004038413900981,0.38272662329603835,0
-0.3219095815512002,0.09636640403928452,0
-0.39575646722602065,0.2092333045005756,0
-0.5127126484047554,0.37624782988452754,0
-0.5026234232669344,0.3961596988909372,0
-0.4157551983504545,0.3291499241965052,0
-0.22349996396915722,0.14280858823997225,0
-0.6700237550889852,0.11083214447043992,0
-0.8071858457225212,0.2958558078122803,0
-1.1510977516949183,0.7261513190025093,0
-0.4479021121037704,-0.04190089183577421,0
-3.945383417686352,1.151398634428469,0
-2.746800903532129,0.9542957439032719,0
-0.9750515705860986,0.9149152458188301,0
1.4539546802366263,1.0046848849003773,1
2.891742759329814,1.1561187273721922,1
0.7408384981035572,0.9514479884476533,1
-0.3559707884671339,1.0985638357119907,0
-1.197602594563334,1.1536817955786733,0
-1.201764546996941,1.1601084320256316,0
-1.72048673121103,1.3983551422956435,0
-1.2923290425631733,1.319448638785058,0
-0.7137600364773352,1.3479692882686942,0
-0.8859608601938374,1.235307252298118,0
0.24504467318741716,1.1313713615142689,0
1.29415489723862,0.9328269407169734,1
1.4062275294172213,0.9263046207037015,1
1.0802489170694642,1.027524201297292,1
0.42692305622039733,1.0795049689376137,1
-0.11606031268423536,1.1045405363802756,0
-0.8270372482448044,1.0909658996436271,0
-1.6541032504743924,0.9426814136943275,0
-2.670900769211356,1.090094902978628,0
-3.536423761579703,1.3190442282046884,0
-3.210433444360767,0.4368295151144437,0
-3.964056000891749,1.0363803108651966,0
-3.435456039567215,1.0066378640270321,0
-1.458728622728644,0.7196969374708956,0
2.206800481043851,0.44916178901460224,1
4.652768169276181,0.7644379497463631,1
1.5431305397466426,0.6565199022179549,1
1.6541709642298692,0.9358195601483275,1
0.790358519750191,1.509834389506545,1
2.0657679632732906,1.477559589187322,1
1.9795349542926244,1.3907848579264595,1
0.7270234228601756,1.5953792581508177,1
0.17413313085879034,1.943314399875563,0
0.9987452469197119,1.8214701378587512,1
2.678958705327144,1.7344031894729595,1
2.671325858204567,1.7024572322963805,1
3.2374197187478173,1.4679445624876348,1
2.763945509332574,1.3380381939371053,1
-0.15565422203593865,1.2961705017699707,0
0.29728529594382114,1.2534543572047026,0
1.1208370192350372,1.1839627019582328,1
-0.9267007248064526,1.1344636286861756,0
-2.1370896604597807,1.2027915105896994,0
-2.715267056938268,1.2075237666070626,0
-2.557980805679006,0.5579640326314899,0
-3.325810887410316,1.2481959935847273,0
-3.2228406023412504,1.2864153903421038,0
-1.462413587767546,1.2613455221196463,0
3.180084120095464,0.9104203338909361,1
2.5611974709582377,0.9116329213995055,1
3.1676958105443904,0.8943079461256778,1
2.331894175042058,1.0514642751158652,1
1.1373250867875644,1.5991271893856578,1
0.7303128996469669,1.9485277343071068,1
0.2919984361625417,2.0409083784556614,0
0.6870768554903967,2.071128040564274,1
1.2781447284099512,2.054433108412258,1
1.4261814772941472,1.7910364511463164,1
2.94517692786014,1.6150836403279036,1
3.2760780646846213,1.5691708045681092,1
3.9311483795690827,1.3633647835714584,1
3.7559879393234286,1.2455046830304803,1
1.4584918341717967,1.3969709768264775,1
1.952625014750236,1.3079322309634835,1
2.5783701531572545,1.4612906957540595,1
1.174951766237544,1.6862770481460791,1
-0.5496713778957913,1.9692657369723083,0
-1.750890476079079,2.0214809026428404,0
-1.569301743877451,1.1258908430308638,0
-2.633601975425587,1.9234524785984435,0
-2.3744973567831074,1.5104431017301676,0
-2.0813509846787506,1.529821498201063,0
-0.6861906567884959,1.4228029799953659,0
-0.2226494527766485,1.6152062815304897,0
-0.7771657788691657,1.8213194720916785,0
-0.668683638422425,1.9097874341769563,0
-0.7609551759014163,2.163150015857577,0
-1.7293541030405704,2.4022157623701554,0
-1.5205836020060268,2.5195150229287404,0
-1.332652933271858,2.5403882070696224,0
-1.350116588540688,2.544779557566997,0
-0.7917493290275825,2.53279834464055,0
-0.7426759603995241,2.181996321348361,0
0.2806224946574811,2.049107530221275,0
1.7978040475083161,1.7930387236632341,1
1.4596446163481052,1.605091059193889,1
2.964884325311462,1.8871050049465774,1
1.889839129385299,1.6389391243642168,1
2.8958349443954625,1.555987601719568,1
0.5284299820223054,1.3704178732226715,1
-0.06876012666556654,1.2826501714436958,0
-2.623017644505301,1.640349106204864,0
-2.0685700027213874,0.8439574960400489,0
-2.92345320649336,1.1764017153820099,0
-2.922381646888107,1.4064847966444387,0
-0.3333664289216699,0.9726289132252024,0
1.2710210423772756,1.0622700720303624,1
1.9265465763614293,1.034495735036166,1
1.963851323869443,0.9973830747957955,1
-0.2153674476589435,1.6648254057518481,0
-0.011397946993367807,2.0618611215787594,0
0.04176121732143807,2.0894303718411242,0
-0.2952382244456022,2.219182173247092,0
-0.7952683543653956,2.1776241339540063,0
-1.0785802584883315,2.1214808435206707,0
0.2532164064016329,2.0172870841765467,0
0.3362187255813421,1.6348504552765803,0
0.5421513065611517,1.2198262722512132,1
1.575119817425594,1.084592785451544,1
1.4167686638409547,0.7902285490402967,1
0.9336111265245622,0.6322713649909806,1
1.0572460278880789,0.6553293186778919,1
0.6126348168283976,0.6306156374751342,1
-1.954645913388703,0.8209060823282962,0
-2.3360316510405585,0.8221109769045578,0
-2.6063261398092603,0.7956410111027407,0
-1.8247460793160961,0.0916125025613451,0
-3.179504696966598,0.8111858249683879,0
-3.3354302454868456,0.6442062640836499,0
-1.9063837620035895,0.5467335316283246,0
0.07198239791395472,0.4233612490789404,0
0.6902394512594658,0.6747296603545088,1
1.2107163882040748,0.7609001272293964,1
1.0760116477999528,1.0713232534775876,1
-0.716527344675086,1.6794637370943524,0
-0.8804181623456472,2.0181667155298664,0
-1.0393323458143966,2.1639786643239187,0
-1.7943963926385846,2.329716994288483,0
-1.6563800460925155,2.507984528880713,0
-1.0180263374303298,2.5182533432047713,0
-1.0885132847029781,2.36138199602098,0
-0.8243687756379369,2.2813948311815824,0
0.16334685977557353,2.0550873135506453,0
-0.044952394275472075,1.959078084042738,0
-0.5512465531525512,2.014332375911824,0
0.1585338894090672,1.9993696836070465,0
1.9763860479767228,1.7839355198908098,1
0.5401221196630347,1.7320442403700411,0
-0.2912947320374273,1.8226726247711478,0
-1.4183019402239703,1.9293362030781516,0
-0.6861361781882033,1.154156595007486,0
-2.2570316615997705,1.6976351801922271,0
-2.9273022050906183,1.8204868297931232,0
-2.729554496343803,1.7322290917807264,0
-2.568353407861904,1.6861734225115566,0
-1.4002540764279379,1.8123901847134438,0
-0.28395406700797876,1.6651508159177733,0
0.42618034949836253,1.9373258425311066,0
-0.16517345300544428,2.1895455346177717,0
-1.585302365940179,2.430198686911087,0
-2.9271414772857804,2.350673515050968,0
-2.739063268630961,2.5631713857105543,0
-2.67551396034,2.4691139641675575,0
-1.1232455218413782,2.5743074982001346,0
-0.49542538795787044,2.4079657478515877,0
-0.25346690719590736,2.5767488376743515,0
0.200774329252541,2.2786160279525123,0
0.43363766020870415,1.9422796737793748,0
1.0951001653979888,1.6534744508594241,1
1.0086672563292656,1.476967090966546,1
-0.05559972715615015,1.7424921210065163,0
-0.8508144701114477,1.7051702070657333,0
-1.7897040987119455,1.7145644588711813,0
-2.593067247420245,1.8103197247290155,0
-2.035663694445914,0.8203492878665402,0
-2.7804819815896185,1.6536411914446056,0
-2.4472217848302065,1.4514472249042911,0
-1.8696079394416314,1.5856542856033082,0
2.9189863905602795,1.3448867067988526,1
5.55167054687473,1.4165659921992166,1
4.457218972437394,1.1284738379427457,1
2.681056215704498,1.2687968876684408,1
1.3316220616773071,2.017796368830607,1
0.7795175012769718,2.3364720662891187,1
0.624444094419522,2.630355113019537,1
0.3849677862560094,2.789306256272109,0
1.2367793532446292,2.706562562470396,1
0.8426061733332707,2.5418253473580013,1
2.51221558941567,2.1562253216432268,1
2.9734704603166473,2.1036264122007107,1
2.901648205761397,2.143462204981212,1
1.7427858436900323,2.139817552405095,1
0.6528127361461632,2.000349582704346,1
0.9242931706827465,1.8765348700724624,1
0.9156487352392383,1.8442106177615445,1
-0.13546807706861333,1.8954192840165964,0
-1.24139364048395,1.9231677193494512,0
-2.102989716165597,2.0589276122984574,0
-2.0406864046890782,1.1998697328967511,0
-2.2924636980273956,1.7100456272671911,0
-2.2714341803382188,1.8253353577349103,0
-1.282745449903617,1.8149997305125019,0
3.5773535673779087,1.8088330321953308,1
5.831320721577869,1.8541968827473865,1
2.147471038386354,1.6319445866674869,1
2.1602940992221935,2.009083403692372,1
1.4026377911686083,2.371660432663967,1
2.066565693508385,2.245276734327217,1
1.8890272172155065,2.658372201229534,1
1.138742197163413,2.552653528361911,1
1.902082220288879,2.5431222152182302,1
2.8713581783939564,2.4543785814963024,1
3.7978685061022857,2.259946483709314,1
4.213342341204446,2.5392052892111296,1
5.023517565884491,2.144680832437567,1
1.9882957210405119,2.495318988086731,1
2.0511418697542156,2.4752810093687274,1
1.6010961608009624,2.3689675892642343,1
1.755912790633137,2.4334372040276118,1
1.197908765067028,2.183996592694669,1
-1.3683545743030952,2.471240155975668,0
-1.4079464343178456,2.4157825355952545,0
-1.3648504175584966,1.6891805685551886,0
-2.4314925024718668,2.405789026740878,0
-1.3503489683308592,2.07532968929132,0
-0.48305972973246974,2.247228945895493,0
1.857567320105567,1.9207719644786792,1
2.638006951362235,1.6064137118118262,1
3.1350363339985226,1.5576606079594817,1
3.3488002760066435,1.8012666406840399,1
2.853491293169288,1.8598499720466357,1
1.6763772810533906,2.3186236421737068,1
1.4839729449325987,2.5492029676409826,1
1.394865394314097,2.466381381091218,1
0.5403333270718174,2.330247647586629,1
1.4427107351030732,2.1805043916362403,1
5.149548607340235,2.0111924522247575,1
5.968004099948827,2.2818123141213302,1
4.532511900481407,1.9738595831197212,1
2.9036043871965846,1.8889795656283508,1
1.8321088081636152,2.0799852548687094,1
1.692724530745061,2.1422658453119854,1
1.849524970245834,2.012930689408985,1
0.8375943910791467,2.145589099452513,1
-0.18161993366248477,2.2761076447189827,0
-1.7142261938351302,2.488763224369475,0
-1.947325822848556,1.730747533097368,0
-2.366574870684638,2.329077172878867,0
-1.101355460214394,1.9484149681459162,0
-0.9342182037863648,2.1406493077008593,0
1.9988775969675137,2.271016678345171,1
3.77600625554221,2.258529624437146,1
2.4056634572336417,2.0050916455598067,1
2.1943093608050663,2.1373634340640235,1
0.8610845164399341,2.5029452142961097,1
1.697767160534708,2.765548148483122,1
1.0496027649305077,3.0633490036961857,1
0.5994959108741523,3.1345262967122256,1
1.019896978143723,3.0338986335659333,1
0.5543403572935498,2.640205167065172,1
2.4294194021101387,2.482658052554829,1
2.654985621844757,2.253243499148044,1
3.957410059225189,2.02843321358404,1
2.2054080713091517,1.7827475042979255,1
0.46373004052576444,1.8597056438135358,1
1.0381605893854648,1.9029411989386409,1
2.0043105532335983,1.966505089710992,1
0.982020717587751,1.8405496888383253,1
0.021682577137363154,1.883804223814511,0
-0.4994457315994001,1.7804688871284653,0
-1.7720013423367564,1.486467604476027,0
-2.3326376565172517,2.016283291045745,0
-2.2894389495403353,1.916732766171815,0
-1.3148129282266519,2.0400837664675127,0
2.262785077933412,2.0499137160248067,1
5.2855554106317495,2.120944911863793,1
2.88411278967652,1.8449895278992317,1
2.3585808026621593,1.9364641948762555,1
0.5026711570957026,2.401169279687409,1
0.8516678729035112,2.710699080731558,1
0.8236450190746868,2.569378437219533,1
0.525913676490118,2.688561579920252,1
0.6386635489071328,2.7363140941591375,1
0.6831304519217138,2.245588392275076,1
0.6230148394288471,1.5234577209275106,1
1.068912753848877,1.5271000306260896,1
1.655441937013043,1.1045399795594388,1
1.4283426752557702,1.0255994946013838,1
0.4333806701565136,1.10352618018567,1
0.9926703532128492,1.1783745836464807,1
0.5090187776045066,1.1612340994612493,1
0.8582524285869972,0.887783956883213,1
-1.1961406810443513,1.2616529181892673,0
-1.9921860203244182,1.263959860257479,0
-1.480484067490091,0.7585476362311062,0
-3.0366513156807473,1.4714914194860378,0
-2.0025519849014333,1.059920903323635,0
-1.6060796939426394,1.1385199724557515,0
0.5087275882731246,0.9915145008781489,1
1.636281333999838,1.079198067962633,1
0.8558166377234945,1.2122693178017787,1
0.2125936409433264,1.746079595321141,0
-0.7489104021764634,2.0065480619511984,0
-0.6133594563037431,2.0672493853572353,0
-1.361765706664651,2.037931465268435,0
-1.7698482904170938,2.353825963886981,0
-1.6075653541011732,2.270822197188297,0
-1.1735767420919316,2.4341404976957226,0
-0.8494950686949628,2.2849336073282354,0
-1.1913896623958788,2.005711575457919,0
-0.8890464529842634,1.767462790301096,0
-0.9086597644876105,2.0111372110732506,0
-0.059250295875456244,1.716927029557944,0
0.9370219087901048,1.5396186014791249,1
0.7639008491847816,1.5391070077627746,1
0.8844115161909365,1.6229118292483868,1
-1.276448589949851,1.6533143040673828,0
-0.9457684580580393,1.5423454596035258,0
-0.8870532163813357,1.0622428911316986,0
-2.0680668802333275,1.5987139303479287,0
-2.274524659912446,1.5406364259617051,0
-2.1373785802120624,1.667949294746053,0
-2.046759789910276,1.9804986348403644,0
-1.0280075031483746,1.9246027388754718,0
-1.1752804982139025,2.1115451607053544,0
-1.2088369075225798,2.435106158765047,0
-1.6569673777277991,2.670542977405463,0
-2.040041863201503,2.728748685447883,0
-2.4712882667456912,2.811177822752839,0
-3.083907506043174,2.5605410775584483,0
-2.6175988696109798,2.612426290642551,0
-2.46167523411486,2.573323114261217,0
-2.3785101733274576,2.1359686620547342,0
-2.102449876495096,1.8793134129788047,0
-0.5490926408391938,1.6806009349389277,0
-0.44353594784634753,1.5982522434350483,0
0.189984895669332,1.4759321238999905,0
-0.4339447896486717,1.5377676165348753,0
0.46181573027341155,1.4149630780154132,0
-0.2560423716803121,1.2638583508867605,0
-2.4172537874932147,1.5487432117795001,0
-2.702033481390658,1.3534673918654594,0
-2.234504374409622,0.6216833480568404,0
-2.655067627736589,1.0477356741248043,0
-2.9363103387564133,1.3222580183879205,0
-1.628717694828809,1.2421005116868595,0
0.9379877600511585,1.1661961930368352,1
4.315065105381913,1.1844297275417837,1
2.8315955213717476,0.6584383187980393,1
2.300734171011453,0.7766853398690653,1
0.9682639929606472,1.3575735300911977,1
0.9394405263909775,1.6621642246122823,1
0.8194811249702341,1.8598765828906982,1
0.3262382460622624,2.142579724427397,0
1.0096244252698592,2.1582320363177914,1
0.6469685336237608,2.2583677194391125,1
2.959545863498365,2.2649438318598185,1
4.3626501021017745,1.7014051440458697,1
2.8988765459011625,1.5335720119716136,1
1.3091560182703739,1.8018614176664294,1
0.4667271814744988,1.8747119648613417,1
0.8633440604186041,1.7834732984022799,1
0.5178673281667513,1.5902564238992971,1
0.0836532870063378,1.4801178223791527,0
-1.601792272715933,1.635572404950551,0
-1.9653393815085962,1.5869149070041677,0
-1.705187317027407,1.0068066280365957,0
-3.004762163682665,1.7479258539596565,0
-1.6018413874282367,1.3812470737290428,0
0.45822299507521147,1.1864441526549634,0
3.5427134920523318,1.364127013146167,1
5.455310329440097,1.4007537416031222,1
3.0123892630397884,1.0395157593050266,1
2.1637452500257037,1.55285650555282,1
1.7085331933906482,2.1118039250365817,1
3.252239255805336,1.991968336516093,1
2.873371074753825,1.9270632828097758,1
0.6227263490463079,2.1487162633130352,1
0.8377972755264862,1.8922256778149358,1
1.4638158310052707,1.6363840342036173,1
3.2289865814152976,1.402714472905576,1
5.005245769073344,1.0296729480418074,1
3.618603374859643,1.2267425140558934,1
3.8923532297045838,1.349821745480274,1
1.6717736830552425,1.3520698721487117,1
1.055175389150584,1.352558057875045,1
1.7892748759575738,1.3905113952701398,1
1.0641437855033098,1.4269446232888707,1
-0.15311403413094696,1.2890009826602256,0
-1.6592646518732042,1.3922501451631126,0
-1.9745459842285487,0.7898488346061314,0
-2.7718579566681822,1.5511035181910904,0
-2.1067508327156865,1.3801852272606592,0
0.3502000158962456,1.1410389627237099,0
4.743143465750873,1.0910149537229163,1
4.970907727763009,1.244141921438098,1
4.5172428593831615,0.8774593942111977,1
2.05214271307707,1.2640426631217982,1
1.225258941316546,1.6739511843784904,1
1.194004473304708,1.9566415333571014,1
1.5228175525858179,1.8213609158096582,1
1.3450649881705494,1.893863481344343,1
0.5630540573998292,1.9240215374470577,1
0.40768606225974946,2.2033913146627957,1
3.42156815815865,1.738884007979804,1
4.260541621825938,0.9980188201155398,1
5.848259573563302,1.3155104429426818,1
4.227154431790943,1.3662735004741913,1
4.158523493915754,1.4984418844168472,1
3.0015977773735427,1.7097610131507575,1
2.4166879413604367,1.6959198930588038,1
0.1497017973092348,1.7542916695341757,0
-0.6582904720903694,1.6468937898640938,0
-1.2864407746257778,1.761651624244163,0
-1.2577010659464358,1.0835303893963089,0
-1.3830988875795138,1.471438959638153,0
-0.9665519080852626,1.439857540859464,0
-1.0332505667415854,1.7595856218511667,0
2.4318017787043513,1.2477842121588594,1
3.5949527084892527,1.6433652732705888,1
3.381931823398638,1.1971723011433049,1
3.4337923729953523,1.1696473694997873,1
4.09054584168182,1.2263856583019277,1
0.35414164167559065,2.2202679303643973,0
0.09323294184852378,2.484961435783894,0
0.38638075803394567,2.5533227927323883,0
2.1405740870335666,2.343718647256207,1
2.405982998060115,1.9718337515634665,1
3.4312177495228564,1.6804302562325049,1
3.7983326213183237,2.212974205627658,1
6.235406245458241,2.046339817457437,1
4.623930368247457,1.6055810602411098,1
2.6464533738421814,1.8237370172456353,1
2.3081957660965213,1.6999728241422243,1
2.6910793396066452,1.928123875300176,1
2.878073080405436,1.6306119677540936,1
2.3882721632248822,1.8227856210337885,1
-0.8776502581605737,2.0463989347126854,0
-2.0793101126624842,1.67770456849303,0
-3.044644771506087,2.2956090543100776,0
-2.1832306759245776,2.040419186929492,0
-0.8948872429639966,1.8794622359117379,0
2.3209978923517034,1.5089390431253384,1
1.3455965276847928,1.607900949221244,1
0.06710844294233065,1.3251161522644326,0
-0.1456317549439588,1.271689459394039,0
-0.1675539676150476,1.407076322855222,0
-0.4837578363533682,1.688875747892403,0
-0.2114800697559176,1.6475946882246089,0
-0.4500845322531246,1.7997072812729602,0
-0.09957235605794948,1.5873469507230036,0
-0.2376466607648587,1.4007173456041804,0
0.9503329813513313,0.8689383319649252,1
0.6791811277153545,0.8810609877791092,1
1.612277158637648,0.99409689162244,1
1.2230324630970864,0.8145547129021058,1
0.159555877841308,1.2204633467045696,0
0.06898388365846184,1.338022165803471,0
1.0538961494947006,1.092998524426091,1
0.7192737202183086,1.0488405055855354,1
-0.5853397367544416,1.2900300129465825,0
-1.5379147123141463,1.3812248584055167,0
-2.441522411219873,0.8940532984449898,0
-3.2167358797552636,1.707023215248695,0
-2.5121244572012453,1.5707208797094863,0
-2.2444675884439467,1.3825821725259586,0
-1.3295733063583144,1.3205246892912061,0
-1.147778185953696,1.5638286379084163,0
-0.6230061050222466,1.659571585779999,0
-1.333355158719159,1.698922119639684,0
-1.6523125592363763,1.8439536483632402,0
-2.0013548540496493,1.939444217630161,0
-1.9356397810116035,1.9201429963265242,0
-2.476804321508631,1.8416374592329914,0
-2.629532034558906,1.9848928600376372,0
-2.6683540688754155,1.834938342441801,0
-2.281235886672437,1.7378182076981201,0
-2.082901540139131,1.710634780092331,0
-2.018354997941563,1.6342717829290532,0
-0.8988005052852653,1.6394462598568098,0
-0.7420527759227563,1.3923413778749556,0
-0.3900999311784277,1.2874303529663123,0
0.4249838097238967,1.1829702571391718,0
0.22175544676858308,0.9798620631937088,0
-1.6257996320177215,1.1806497720454439,0
-2.588472391205468,1.36880203873755,0
-1.194700598237646,0.6929139898978653,0
-3.160607352421308,1.323192283173153,0
-3.261211063540081,1.368870006419297,0
-3.3316550825633757,1.4385778228200554,0
-2.7913982813865155,1.3001981366903514,0
-2.8697971020054083,1.6835078118042583,0
-2.431426903356658,1.766353746075351,0
-2.129401989269689,1.9845125506594392,0
-2.578762316049693,1.8969942578328878,0
-2.757498706547938,1.9463548891193811,0
-3.2338906094096207,2.168322184299605,0
-3.613307633212619,2.2171709722396806,0
-3.2702054392588407,2.082468378272164,0
-2.4307289218378156,1.8701135234510382,0
-2.029929027770217,1.6735158073207983,0
-2.347922293640806,1.7220156721044924,0
-1.1127659161755399,1.2646622141428268,0
-0.25092879711863536,1.075980008526114,0
0.4060598339805699,1.0019111517525439,0
1.032195403239683,0.902169094050518,1
-0.03014528569048221,1.0717613863245836,0
-1.111751111790259,1.0240519666715817,0
-1.7741137901811208,1.0283320601648045,0
-3.5993170706240503,1.3971630889479312,0
-3.036661563809364,0.6348168284654643,0
-3.486891041933641,1.210794940043287,0
-2.635558525795027,1.2041973808099473,0
-0.14613635729232557,0.7697379888280103,0
3.0035066126084957,0.7932307494929898,1
2.165118693001537,0.8763898606143764,1
-0.24077214515905385,0.8116148000472391,0
-0.7515944655577285,0.8108867417406207,0
-0.6307672656712727,1.0581115929829035,0
0.4529744707859744,1.4078477597433336,1
-0.27271790952480673,1.233338603461293,0
-0.8401224411038146,1.2524339987991109,0
-1.121065547001475,1.515399548504552,0
-0.43563945897342116,1.0161040205972354,0
1.2466298016207584,0.959197740684413,1
1.4267730138607029,0.9262327988933909,1
1.6372479824401183,0.8580743191788476,1
0.3780114845813065,0.8165342267788268,0
-0.767625785498719,0.874336718869667,0
-1.5307671679329624,0.812320139259825,0
-0.7837265731366567,0.6751698438912875,0
-0.8326904646777412,0.6298835781564185,0
-1.7542293976958816,0.7520012738644464,0
-3.241673128191157,0.8435411039057016,0
-3.071883465581182,0.22927893655310505,0
-2.97748875811317,0.6353570632757756,0
-2.8785173606082632,0.7072183098364094,0
-1.3346054316221,0.5665972728911818,0
3.0821734818182573,0.48388735300487173,1
4.1019758407056575,0.5862204514587764,1
2.1698017400915584,0.41870800949372894,1
1.4485513731914565,0.6691567659219878,1
1.057774816921831,0.9448512968362569,1
1.082235674164229,1.0601689952382372,1
-0.1389961203703091,1.2667177283298972,0
-0.4678919083506439,1.3363652907861825,0
-1.802764401409873,1.4211865766688279,0
-0.7839210240615854,1.1676287963515515,0
0.9307938277332648,1.2503212724844477,1
2.4554563589698617,1.2435469375586212,1
4.074915360784759,1.0331652415517125,1
2.8586117207698645,0.7860789058286717,1
1.2061866608035898,0.8589012881389334,1
0.7169058736033416,0.7879007121111482,1
0.46407879781586475,0.834790653516439,1
-0.8501984616679973,0.9058482917459214,0
-1.7206527678391026,1.0087182707743803,0
-1.6243717696337305,0.9998027713333268,0
-1.759755704717905,0.2757139442784857,0
-2.7945442100218982,0.8592574985985147,0
-1.7534920875279505,0.6411033619363515,0
-0.19665676188280756,0.5926245184386003,0
4.274272697463613,0.4033178200192425,1
4.845630222706677,0.8539261557698427,1
2.986847200266352,0.5303306468958224,1
1.7005381766629768,0.9250969458656578,1
-0.0022271995184141523,1.2896988471113178,0
0.05030558182483963,1.6279799696186015,0
-0.04322983562881008,1.5122075615574444,0
0.6651492183105422,1.443402353450099,1
0.14041563025058476,1.473436352151794,0
0.18593977196243744,1.0201579788230248,0
1.8186202088235561,1.3178533244085473,1
2.7787388673601536,1.198137146358701,1
3.54680850440084,0.9261076854140046,1
1.683899551187509,1.0697609348749022,1
2.208725602610852,0.8444787932244668,1
0.422098799743658,0.9137548936573019,1
-0.36452773355881174,1.0535248658878087,0
0.17145180996048556,0.8731134531547973,0
-0.8400468178753767,1.1937053549574088,0
-2.7172674689603222,1.324032201712776,0
-2.3753359101213753,0.5500938125161933,0
-3.2501790211380075,1.2642473023650262,0
-2.8222099286551945,1.2106009266919886,0
-1.8253939390504892,1.127708905042299,0
1.3231763132431251,0.9832153950909213,1
3.8363984006320817,1.1034170742788334,1
2.0568906390563058,1.068360459220845,1
0.0189746001620004,1.5404733220998599,0
-0.3379369495701889,1.751272304072647,0
0.6208270349933226,1.8816711321058304,1
0.4856468676786479,1.8584022744405957,1
-0.050188647770663224,1.8436017163485916,0
0.6165874027144082,1.9468628915757733,1
1.1244070916925444,1.7870773732325929,1
2.907341811396728,1.3785038957902171,1
2.628879840621142,1.3081448668698037,1
3.2815808797951718,0.9751938619441223,1
3.831112781307982,0.6865750750693788,1
1.575412816797612,0.901711183901573,1
1.3983706843172592,1.0729415830002957,1
0.2406434425615422,1.1774441336851855,0
-0.4718046943794287,1.0843986286654865,0
-1.8373391840637194,1.2560776890553447,0
-2.6544579172594065,1.267093428399142,0
-2.5908832018147443,0.5287901671716291,0
-3.438309760453337,1.1513388219979743,0
-2.638305560616298,0.9446949157618021,0
-2.289186181957757,1.034431204031758,0
1.1621374760081609,0.9008603842014178,1
4.127724370341991,0.9715611112713715,1
2.079947262650684,0.941662432182539,1
0.27047300624425996,1.2393298188332196,0
1.013305843190141,1.5658035184601942,1
0.08383051322227074,1.6498117958932255,0
0.1120656011573029,1.8955205061466687,0
0.6891906566637096,1.5873303513287214,1
-0.34721060174174,1.889328892473713,0
1.2022101361072717,1.617022659482618,1
2.451963150540646,1.5001168325238883,1
3.6092120127887326,1.2477789076041474,1
3.1750015323205862,1.112554139406418,1
3.4137729953876628,1.1196238655587385,1
1.9691372027180623,1.1084186159884595,1
0.8836058104617758,1.1224756307814896,1
1.2606523394015274,1.1320555190727521,1
0.5608240075110678,1.064419400186314,1
-0.48513251492363973,1.0857883795365642,0
-0.9711802867597193,1.1128166555582801,0
-0.9742298108315892,0.5538327152727075,0
-1.868413226498003,0.9328324954258557,0
-2.4523921699494218,1.1107424945136242,0
-1.9666105339780757,1.1121571490256366,0
-0.74910318352584,1.0195253408307101,0
0.529802642976102,0.8021646995231658,1
0.49387504678847405,1.0360523820806886,1
1.169540133659676,1.3723644542605817,1
0.17947692703234952,1.7531959361924385,0
-0.7659275906927923,2.047278652811975,0
-0.9105544203787436,2.1768336304968052,0
-2.077045737826135,2.392076919035959,0
-2.1942468310157444,2.3117170261983095,0
-0.9477507230080232,2.391009521049033,0
0.43163127522198314,2.130438122657282,1
-0.6307091742783265,2.1768768487528236,0
0.11277056296352217,1.7286085250491456,0
-0.01927640576892153,1.4284110208412617,0
-0.31528608006346764,1.3856715064835816,0
0.6866131582679507,1.2989545882389075,1
1.0432150125849347,1.1251070693054277,1
0.23174185159453134,0.9588346898865497,0
-1.664379999661433,1.3975113115660562,0
-1.693138957056667,1.3309679511282788,0
-1.8959220569648085,0.7963936413205216,0
-2.7487000284076912,1.2566688312233485,0
-2.5822367526446786,1.1170739300887724,0
-1.9793661402713076,0.933213924436606,0
-2.0882023427308045,1.1258382703189567,0
-1.580350607102149,0.6745979783550994,0
-0.40789397631992635,1.1109093135554786,0
-0.6695441938965356,1.6243972546017824,0
-1.1734153253436277,1.9320711692220676,0
-2.4043347057632842,2.205017376588381,0
-2.4836847154445714,2.3418269510762264,0
-2.836977378435318,2.466254642727261,0
-1.726876716431545,2.5067997495739247,0
-1.6673047584373157,2.4028140460320864,0
-2.0365560786589656,2.523384288449711,0
-1.8291006447429083,2.4476374722765195,0
-1.5613139734700037,2.1577648576051245,0
-0.9630375224758831,1.8759422667877943,0
-0.18189117114266692,1.4649312289919074,0
0.7791931799066297,1.4631277217247938,1
0.8089794558532307,1.426823411669938,1
-1.1870532768945783,1.4405146008037317,0
-2.0022301335009876,1.5146254876428051,0
-2.564486343607423,1.525814138999793,0
-2.343315272161445,0.6257389181646363,0
-2.5062726231378787,1.1881696737710485,0
-1.6148180343841145,0.888575540321762,0
-0.14223219456532984,0.8829235102888364,0
2.341982202711632,0.888889313009108,1
4.434247693819792,1.122305084676185,1
2.9649491396737555,1.0278883977329811,1
2.781379947290319,1.1798852131466666,1
2.0933790662304994,1.5026223295570995,1
1.6868693949987952,1.76105769684427,1
0.45042287664573366,2.0250589695452343,1
0.1066038922904021,2.20496398222688,0
0.4329313086931316,2.1372811794145137,1
0.593457711466771,2.129235937782958,1
2.2063476413927536,2.170626955982993,1
3.679198147394974,1.6809953957250576,1
3.132858876015074,1.642098629040746,1
1.9050810667355809,1.733707875425773,1
2.076003275391604,1.5833398436949728,1
2.6114027794992345,1.5628495918106666,1
0.9022756523864491,1.7479647004784629,1
-0.05211303907360085,1.519729908360746,0
-0.7046318542520424,1.5915173580962776,0
-0.8671483140338566,1.4166859940522976,0
-1.2338074096280425,0.957407735231506,0
-1.2033794759345062,1.1447213053416414,0
-1.1976789496848204,1.530316812590158,0
0.6196130932100055,1.3181979596307662,1
4.440015641601139,1.245564396285616,1
6.981354709501458,1.4727305659753855,1
5.2684535139678585,1.1339081468110712,1
4.086088944622576,1.361714089722507,1
2.2899394375396396,1.7730999615486125,1
1.2524182311651133,2.0741705828308326,1
1.023910050351651,2.142135642072273,1
1.0330441893741407,2.099173770543876,1
1.2870474280728939,2.156781653772489,1
0.2869676494935421,2.3990307110507656,0
2.5203852241176006,2.2730806880203076,1
1.3539513885511538,2.1831939039811243,1
1.5548479340788623,2.218665693598787,1
2.116566112205366,1.8741104521477165,1
0.9627248579321142,1.839324004817204,1
1.7497453406858863,1.8677606708881809,1
1.9237308524150842,1.727077196808125,1
0.18972197252960016,1.7866523734696307,0
-0.6578159997957663,1.864386972094886,0
-1.010185416733047,1.723117484875209,0
-1.5058972021549615,1.2656386493663931,0
-2.512698642847776,1.9677748906919608,0
-0.9131990894055688,1.3925575908348768,0
-0.2395153382455986,1.3678226133891829,0
2.560263801994739,1.4939184115796398,1
5.056178247192359,1.514212761397765,1
2.9718550238031938,1.319965102155368,1
4.351881673201453,1.4838015544951166,1
2.2276117690772743,1.7076097470681288,1
0.8003398091802947,1.8816216080047061,1
0.4874049271403175,2.1852199846625617,1
-0.9352445048344132,2.4110233301466115,0
0.1833502862372375,2.4684588119552737,0
0.2560235491778491,2.577795272826788,0
0.4750782244978087,2.5478784485280843,1
2.3206617527196665,2.442576975548074,1
3.7818292878140434,2.225228647353155,1
2.9360491105022213,2.1124677765236575,1
2.141994294385471,2.0774998686045407,1
2.6117810396511407,2.052658437448994,1
1.9574522864372226,2.0479642052495186,1
1.2508055439457701,2.033196050077942,1
0.05227570366215725,2.105330169211977,0
-0.7306296418979829,1.9402730514016493,0
-0.7710180479049582,1.3435715583765635,0
-0.8035860526130529,1.659786047824381,0
-1.5331626752378293,1.9059989904938326,0
-0.7482013146213072,1.8880073655662983,0
4.819772818319707,1.6467666053442602,1
6.554849262096789,1.8517338974142414,1
3.392337283817395,1.4030627498100479,1
3.996465626376166,1.6794754824440734,1
1.4410011287466142,2.2669603444475617,1
1.8173834632060655,2.398827677121629,1
0.8888187783129042,2.485583294696527,1
0.3962506296715365,2.527339210226296,0
1.5233485512489056,2.375894798585165,1
1.9087952238124712,2.2708858263304164,1
2.7849978539383557,2.3353790342140592,1
3.8196025586135622,2.1816090234682837,1
3.9857640637478107,1.8852369075063402,1
3.552697134789198,1.9255214971653591,1
1.9809759901742994,2.1737298492129615,1
1.754681366052527,2.195884790830178,1
2.2281358107894533,2.091975223492469,1
2.0597044506588595,1.8362109179480093,1
-0.2074937709862962,1.9545254474787446,0
-1.2060738281175547,2.0464129394995734,0
-0.7457993538411682,1.2238573680374802,0
-1.737010288495593,1.839270388045821,0
-0.9105261227806974,1.5646708837932566,0
-0.3442870889991601,1.8814993443443744,0
2.8725798496832247,1.7128742548084575,1
4.14674309565954,1.7967609960967341,1
3.5141365509500733,1.8388116049106695,1
2.2328268912185254,2.1778059771614067,1
0.8633199254297572,2.327083159305083,1
1.6295532461701945,2.3953025238097276,1
1.323759823649357,2.375886213011249,1
0.6192164857739209,2.519921166901831,1
0.6291801945928205,2.5413143877314033,1
0.9489437566948418,2.4280400066918655,1
1.3519148179351745,2.535532197628183,1
2.9652115163662813,2.386904496482819,1
2.63728581210091,2.398146998472522,1
1.7193885320594149,2.1907680846102844,1
-0.004936440779256277,2.1405341493732903,0
0.8476669388889456,2.063524025644423,1
1.445029108947823,2.06849425437719,1
1.410333913582526,1.871878483337003,1
0.7576704545194428,1.8808118911834446,1
0.07968837932940365,1.9498508800460834,0
-0.694029333237443,1.4041261852375426,0
-0.8945848908131628,1.8365512195780525,0
-1.1756940246988807,1.8790724152014937,0
-1.126276810000498,1.7959792454790313,0
-0.34905910756607833,1.9796272993019564,0
0.5068173121313791,2.219810723353432,0
0.6240214306589713,2.2381858677902486,1
1.6269835146294083,2.3938335679727025,1
0.07963344672203831,2.817836178657076,0
-0.7939024777403157,3.2103595668365066,0
-0.9314465360629839,3.5102754684878494,0
-2.1338249598961516,3.3780749884189145,0
-1.9701613159221814,3.4881484685969966,0
-1.3914460652264864,3.211267557101658,0
-1.106803501736896,2.9543558344012877,0
-0.9060484692411035,2.500897684027064,0
-0.949504378160032,2.2134997537494714,0
-1.5500096357151418,2.2028799857680954,0
-1.9216561680827526,2.312626865084234,0
-1.3572033469865115,2.36072531391622,0
-0.40456725743391403,2.2823740297212045,0
-0.1673417711913225,2.1001757620293158,0
-2.110686368420244,2.1503669909636147,0
-2.2169953803753395,2.1297773421792425,0
-2.5045090731172452,1.4106841382337842,0
-3.2196943966566023,2.3255371488450622,0
-3.6318835975032906,2.323824465492122,0
-3.239902155999696,2.3143799488208083,0
-3.4455150000473944,2.304919703906413,0
-3.291497802910851,2.2148544903307545,0
-3.2984058524424613,2.2931855815153552,0
-2.6309715952331136,2.3746532433081255,0
-2.1903195130269757,2.1828377966369854,0
-2.512833752511467,2.3230709972012398,0
-2.571776827402546,2.457954531465279,0
-2.8288677990460527,2.5219946726367057,0
-2.486263009064785,2.6033279448530218,0
-2.9843881234322867,2.7385804351434606,0
-2.3923123015995134,2.6747313461632847,0
-1.4711001858193966,2.2456580292153054,0
-0.6341336193510149,2.1985308643655275,0
-0.3220128479562658,1.9571194607377882,0
-0.48364786401683685,2.1418299572470243,0
-0.4771997108291271,2.0536392997711093,0
-0.5969231643447236,2.0096007296453826,0
-1.071005293347608,1.8520457277240385,0
-1.7418822158273144,1.9785016839385974,0
-2.629132428455375,2.06706463830467,0
-2.4035436705494133,1.3291410546275846,0
-3.417044313251157,2.1731769879175475,0
-2.600908969913458,1.8633137354926574,0
-0.45754766041298367,1.5928920427369426,0
1.0745734394593158,1.6535074298797043,1
0.5097089184961359,1.7874686259460701,1
-0.5189464363440428,1.935437306891994,0
-0.719278025820717,2.0495480827029438,0
-0.46782278525200116,2.2440145029724543,0
-0.35515543861377397,2.4512736655269367,0
-0.43708122662188176,2.435691735780564,0
-1.5392867884499717,2.42259465283992,0
-0.5546930346436979,2.4200501636158163,0
-0.4936997353457012,2.285564398436445,0
0.5854346943671773,2.0413817412427306,1
2.1319487415405494,2.183013676927336,1
1.4274812055402986,1.9267442563659305,1
0.8802271450352557,1.6649505001363605,1
0.07725080962324345,1.755988078102783,0
-0.6434012211145193,1.8463607455555333,0
-0.1640497825040679,1.8052717115395904,0
-1.426355690861923,1.7682052914732693,0
-2.2931956842170043,2.0406983507742136,0
-2.2896682550746656,1.815409774776137,0
-2.536794938438802,1.1363839447244648,0
-2.8953628451061975,1.6667482974832313,0
-2.795234418848207,1.7864879858134126,0
-0.5092798847863137,1.1899614318475988,0
0.47188095008682257,1.2432805687253718,0
0.052469542475720825,1.4077237370274265,0
-0.25301635397400385,1.4129187885646979,0
-0.12065311266066142,1.542861048135016,0
-0.4460559913619027,1.673972249583447,0
-1.1545725644259999,1.756540746181838,0
-1.0664194240478904,1.9674126854436857,0
-1.2766621373792593,1.8580053913229868,0
-1.4771335592621795,1.824085250082628,0
-0.9967428193993277,1.7411620636760907,0
0.0356410043997442,1.6120190140441333,0
0.4175972059317158,1.418184508187941,1
-0.20277677676515496,1.2280709971945745,0
-0.3445860032760261,0.9830003776881229,0
-1.0384739650709502,1.0612030836836246,0
-1.1186040091666922,1.0673318205032003,0
-1.6140374008855578,1.0734793156953766,0
-1.116846036807107,0.778581667941125,0
-1.7532826533996002,0.9523702187661993,0
-2.46696129542747,0.8028935310334674,0
-2.888371268598944,0.4794729476289847,0
-2.759286136384635,0.7641611110094702,0
-2.30944892009926,0.6990977166813389,0
-1.4829682230694796,0.6438556607478806,0
0.6375439449470522,0.7460486528330705,1
3.3894772064649987,0.9859271714822938,1
2.9962066459792926,0.8121447113387785,1
1.3056965188442597,0.9191811453543857,1
-0.7005311827694573,1.6224543208322286,0
-0.4528662643697835,1.7918148636968834,0
-0.9264449209724595,1.6211421117250024,0
-1.2945466149494707,1.5757248368495222,0
-0.35474147481996604,1.5647462478732197,0
-0.3323320804758679,1.6705353199057302,0
1.745274899562731,1.1948984787838743,1
1.5851730406949525,1.7976692757095438,1
1.3814087218981688,1.4156892502256928,1
1.1871673852182822,1.3027877810475357,1
-0.13279208893493802,1.402450622148202,0
-0.19526616046913745,1.3349249242835004,0
-0.40523120266739604,1.1377493434537074,0
-0.8461346724961404,1.0573067839055632,0
-1.2882991270114321,1.1632107350873702,0
-3.326626761156715,1.4647196949553125,0
-2.688043324066811,0.6176058581897349,0
-3.6203821949975676,1.3242952112485682,0
-2.481862082754421,0.9095718043650066,0
-1.200491073374476,0.8641943401085745,0
1.459178528328834,0.9052294121542914,1
3.925479738848465,0.9674683999627441,1
2.2201520346163095,0.8357205175875843,1
2.089618194226702,0.7834026355088767,1
0.914180863884547,1.1836195221517698,1
-0.2497190276937699,1.584882779703683,0
-0.4969686374120347,1.8805441051462377,0
-1.1951247596494181,1.8865529707174846,0
0.5814805644147736,1.964535923502848,1
0.2840056659615335,2.039394068035441,0
0.7136296355105322,1.979323703976362,1
0.8677961636172098,2.003650239344426,1
0.9324951174012102,1.776469866585595,1
0.5430901382605214,1.5526834327231303,1
1.3888666546218034,1.442031917742168,1
1.9810594994367168,1.6865335157014847,1
1.0779674119136817,1.8073101530135707,1
0.2820712002270174,1.5980932956010396,0
-0.6724605852030904,1.6429349181062929,0
-1.472111643198768,1.574351865183782,0
-0.6577671105929246,1.1750515085723379,0
-2.2408693333271943,1.7157545673533208,0
-2.0054764325511147,1.6130542719634104,0
-1.880477775914825,1.6316864575850238,0
2.4832575440593283,1.536106726237782,1
4.410492368134879,1.3746147532107689,1
3.7644234801299117,1.5937489308353667,1
2.9290341064081913,1.7549149196845268,1
1.0533667121460601,1.9899965215958513,1
-0.05611883585440617,2.4901146414647077,0
-0.11917880231842755,2.594986943023307,0
-0.025618683614820923,2.3068942361296605,0
0.08552181131439396,2.3696626288789844,0
-0.05855176655596406,2.3829927612799904,0
0.9275024614651237,2.544188471552555,1
1.5878665289845975,2.397651793018218,1
1.8293599414426023,2.2170327055073935,1
1.629952864687503,2.012761461198743,1
1.3861386083812077,1.9873484065768474,1
1.6000045442605209,1.9603479436350517,1
0.2978360610943903,1.9432069008280017,0
-0.3160150892023587,-0.4000591455960251,0
-1.3376653212178968,1.7839656569693612,0
-1.7062147734489996,2.046464529891352,0
-1.1751062054547592,1.3723114599833524,0
-2.2879257684315313,2.043957756703499,0
-1.8655992431930344,1.9207066956634051,0
-0.8063007664238117,1.6778289283988412,0
-1.0531064923866433,1.7476546869747642,0
0.0060074256606456634,1.893687803940469,0
1.333356607663502,1.8608141134515126,1
2.4192727381195605,1.9872162516084624,1
2.3615682012973456,2.1440803261290626,1
1.602553265225617,2.5221871238794478,1
0.42486714279203247,2.564037902362663,0
-0.8840655265662392,2.400904032948401,0
-1.605780621510354,3.0127294917346528,0
-1.1588974020725709,3.001751020924519,0
-1.4075640915323038,2.9209575980957614,0
-0.6158927282862777,2.7788596122258555,0
0.26873893433903107,2.6317930320622853,0
0.5212482155539585,2.2901340003492563,1
1.132425854476721,2.274171796463506,1
0.7178571807522756,2.290450456922929,1
1.2988527955223546,2.1586306682724583,1
0.2567020527477904,2.2147689772201713,0
-0.1578467763653818,2.2460544080805214,0
-1.4422980230266784,2.487727901857737,0
-1.6428945793716958,1.801595396384495,0
-2.0363024896470012,2.5295965470391746,0
-2.70687275513642,2.5781173358978755,0
-2.549648224137198,2.380865555274152,0
-2.464088990286272,2.679644314653924,0
-1.735021297962736,2.7111689950777933,0
-1.3016251634338265,2.930327667941068,0
-1.1149634078035862,3.17701993179797,0
-1.7096488431701111,3.4491053481740632,0
-1.9176915781465214,3.6498911633957416,0
-2.6546738731748447,3.2720007910796736,0
-2.8725834648354183,2.8558265889143972,0
-2.222728731837331,2.7927869082394032,0
-1.8282371355095812,2.812204817868546,0
-1.7478533605719409,2.7619625661728233,0
-1.0398765448957143,2.741916416777426,0
-0.47288849957543483,2.7258047199238904,0
-0.03352700967532848,2.769900893736403,0
0.09217481881581319,2.6411016936177947,0
0.3435059058421247,2.778422906579959,0
0.6381277404324817,2.7940699422318955,1
-0.031163043355799266,2.8716420999727994,0
-1.2077798543040728,2.47123389536782,0
-2.003478903972732,2.7873230156203284,0
-2.1554006080783665,2.000222334850693,0
-3.3773875240006617,2.949272398815951,0
-2.524260802247912,2.6956981865783645,0
-1.1894204999300952,2.5403531379239843,0
1.5012072469165774,2.303390305031213,1
2.641120281783114,2.567938734183956,1
1.3710557544609154,2.3769698107113655,1
0.9394860990374864,2.66210491866726,1
0.8349861981568998,2.7166575159699375,1
0.57277726402177,2.941757101503233,1
-0.20361365700077913,2.9642100208621427,0
-0.303924772969485,2.9068970424438465,0
-0.017626833263388028,2.9774808807421804,0
0.04072818342237097,2.7701707598315264,0
1.1205650224152677,2.3474830898430556,1
1.5852824550992441,2.2446627183385326,1
1.1032612634853116,2.418672535853751,1
0.8978034924867653,2.4752964445035177,1
0.43543919557271427,2.5717164591241883,0
0.7114606109225593,2.4720786709042004,1
0.46737268172248453,2.423026351298766,1
-0.5175740242136666,2.4345791165678903,0
-1.129222027827682,2.5664653470317655,0
-2.248016328390059,2.5255928860680075,0
-2.4029296238091713,1.8361737690303632,0
-2.572795085666644,2.224032784355593,0
-2.1941414664950707,2.108059603360412,0
-1.4413968528810477,1.7097738305019077,0
3.3393268337609054,1.873441444298415,1
3.8087970006670826,2.106914730771136,1
3.2422521419261647,1.8600856466718874,1
2.4913516414559296,2.294801136742207,1
1.1706182674792895,2.431318282947964,1
1.35593207987016,2.754707654242096,1
0.7907977111975311,2.9406018893949275,1
0.3882339455463891,2.88832643384639,0
0.26996349230936106,2.981263443903939,0
0.8273047398459862,2.929395939949058,1
1.1757461882600604,2.7047019006519393,1
1.6466341652455523,2.7434408755016246,1
1.3993807259999274,2.718797633823032,1
0.9308722472957297,2.7673865671045554,1
0.741873865073055,2.7340756308497105,1
0.9850333663984064,2.7048401699097804,1
1.3866377258295373,2.399275663927554,1
0.09227128638985231,2.4517271225355644,0
-0.2665310848206042,2.427270910621789,0
-0.9840409355868756,2.4686053662660594,0
-1.3057625582196908,1.8726044130125383,0
-1.5594062228841734,1.930664269559205,0
-1.5013769995323174,1.8578421239078133,0
0.2984993802607678,1.8258740657484451,0
2.9404101291623364,2.3443367346143056,1
4.1890308998698655,2.7923727854373084,1
0.964438778598609,2.3152713212375398,1
0.16764298543961656,2.561636688228389,0
0.5843942512956508,2.855469967316582,1
0.15161052643692022,2.899088728770891,0
0.13032506201084973,2.8838420682518504,0
-0.8247674885859391,2.508923378345882,0
-0.19175814941989455,2.7668507144545074,0
-0.23348570165549973,2.8242632849896725,0
0.7064025122016063,2.859142317744244,1
0.25487096757052713,2.6835310714383613,0
0.47043341889968127,2.1019608433940573,0
0.031683328365879324,1.9364238325774605,0
-0.48661874388009657,1.9454487046254962,0
-0.29154501429543167,1.7790641273866268,0
-0.7605073993315532,1.789815504753719,0
-0.5354371424566426,1.7030322536622464,0
-1.2100133757850107,1.674877224860097,0
-1.5021740672794146,1.7457078334499199,0
-2.029610105396432,1.6975816518241016,0
-2.121179662728906,1.6069096924881145,0
-1.0457594323561423,1.4553772162728862,0
-0.004260501720289587,1.4637780180297812,0
2.0873249020432523,1.9461746234140538,1
1.9552846268239967,2.129197768993708,1
0.5468291752685421,2.057597226207162,1
1.0502995993727327,2.431695513185901,1
0.7349870528181097,2.802985454245963,1
0.5719809527159547,2.906972592029579,1
-0.4106050576075474,3.1182993776482193,0
-0.8951927373685673,2.825557002228234,0
-0.02305344535276498,2.631822447577642,0
-0.07709984399237209,2.197173911535732,0
0.7100377240918019,1.959993949868598,1
0.5884362338063,1.9992239549660253,1
0.7311104965054427,2.0302941500420593,1
0.21692938115925287,1.7777355479694468,0
-0.46833167534986225,1.8091824307169861,0
-0.6640363022708304,2.2394522468693374,0
-0.5794691948745672,2.1153976930977065,0
-0.40745467157157167,1.9261440646080163,0
-0.5622157684450709,1.9989426780356598,0
-1.226294710813008,1.9867851510315275,0
-1.1233491416047896,1.4650755553157033,0
-1.8861232056143173,2.04598202352289,0
-1.3650763256839966,2.025006684328355,0
-0.22302818482830233,2.1947514713982588,0
1.5718843647399243,2.1628817337974158,1
2.8151022049982557,2.316176337298279,1
2.329458167413195,2.2566948597766645,1
2.1074604087488735,2.189818367381454,1
2.3351660009766566,2.5270283844767154,1
1.9019991396166476,2.794997544308003,1
0.6957068575685638,2.8174245811699072,1
0.4270310603702852,2.8078880233570014,0
0.5168381353517074,2.8311824850200176,1
1.0234553581822716,2.926501971185791,1
-0.48528392615858346,3.2858121658498267,0
1.0303638040721672,2.8202007035814978,1
1.8659643993012207,2.4207548134878802,1
1.658078215155713,2.232036559177669,1
0.5657173894391267,2.3070256467078063,1
0.18888463398990032,2.421804332626705,0
0.658381921717375,2.4102309484276354,1
-0.47168811384107684,2.3528798493654643,0
-1.1145737073739703,2.2559172192189267,0
-2.3565504461891247,2.336820443442671,0
-1.954336682095874,1.538705253392203,0
-2.3743396872153104,2.002687728365593,0
-2.675580771497913,2.2263059018685025,0
-2.2851675537658798,2.1124879955263456,0
-1.5848621234750593,2.208864950010923,0
-0.6671452268910166,2.254771238200946,0
0.5468393592896579,2.3023636807294965,0
0.5648319851414633,2.694299376698376,1
-0.28298306761488123,2.876741670029042,0
-1.2867687241422652,3.1457473554138904,0
-1.4292724202625329,3.1772663152197134,0
-2.1527678598344995,2.8110886956703918,0
-1.9159813861545347,3.052157986728742,0
-1.59487732196857,3.0935829694517682,0
-1.0562016740818991,3.4524339643865836,0
-0.276703134658842,3.1445302765237373,0
-0.368941174332303,2.9194441166248635,0
-0.24490905910084806,2.5703605172523525,0
-0.9196153554750145,2.5910199088934727,0
0.3830494594585907,2.465415584253828,0
0.5234630040624709,2.357981601732849,1
-1.0759748520456551,2.303604776606982,0
-1.5870742880234916,2.3840398570294217,0
-2.1834632148782096,2.500731276951361,0
-1.3304214414715543,1.7605322186662207,0
-2.8537636860637345,2.386849988610718,0
-2.8957518207957675,2.484556369824412,0
-2.7226581571005735,2.3206251767191963,0
-2.5810349284245278,2.380160032582227,0
-1.714668459412538,2.445308963733337,0
-1.2691195222028278,2.605293313039874,0
-1.8459378547864702,2.9799247824337085,0
-1.294744644536937,2.767888364435019,0
-0.8471604383036813,2.659772591159364,0
-2.062069390911999,3.2959071302797387,0
-2.8413078714310505,3.1819032539904173,0
-2.4909413418240636,3.3568642803906243,0
-2.2314762152768965,3.4568901087023005,0
-2.009560786927431,3.2888096921261636,0
-1.7304719721495267,3.0842174025645885,0
-0.8649014437898499,2.7644012246392125,0
-0.5278502272036542,2.710074625359165,0
0.1088116587872183,2.5622194367565707,0
0.8036497306866047,2.5896191708832488,1
0.4362067799493689,2.545501076979711,0
-0.9278735022210164,2.623631477371848,0
-1.0314236764092934,2.6280716935284043,0
-1.752292061058449,2.6560837036757756,0
-1.689120833792513,1.7710321381533383,0
-2.6471162010073592,2.489269834546501,0
-1.7239158803939758,2.280604913901051,0
-0.44757500597364686,2.2951677956366914,0
1.530912344930896,2.5200395659592223,1
1.4863732890057515,2.8680074537120586,1
1.1124119709897795,3.395775105456049,1
0.06999945086198693,3.214054333409528,0
-0.7571210131943419,3.08869295947471,0
-0.23345800143272935,2.998610900333446,0
-0.5017192539283448,3.0466000147439156,0
-0.8553457521360525,2.9645501984034834,0
-0.48203848076908096,3.0408489687453444,0
-0.4585177595001453,0.619452659585147,0
-0.4482210361627619,0.6379699632833349,0
-0.3352756488544165,0.5387323216361047,0
-0.2387399000594325,0.4572307420340717,0
0.4800242163947114,2.4567783779190537,1
0.6743439526628477,2.6734561404147423,1
0.6906995955997918,2.75737545852121,1
0.6119014368843968,2.8364146799284002,1
-0.6567345074350036,2.8399401140644605,0
-1.5740295458590055,2.9481408526866653,0
-2.2486331652048825,2.9028513613226936,0
-1.0150397157137072,1.8233153165497387,0
-2.125172523081733,2.629300033430168,0
-1.3804772096875402,2.46464257323367,0
-0.3192245153282497,2.3505325933990586,0
1.4903289646851763,2.596306101143015,1
2.480866698261846,2.691822150592902,1
2.046501104789207,2.556503329809143,1
1.9809517515981634,2.915602360271538,1
1.3092568528665482,3.0048752839517396,1
-0.028049408051570995,3.146103493984566,0
-1.6770238462835176,3.160656701102697,0
-1.474460957477126,3.136191308968549,0
-0.6379507260573802,3.494179807492612,0
-0.4854083714180604,3.422707963889746,0
0.5350577497764712,2.9478008202176103,1
0.7182276536591776,3.222357048900444,1
0.636607052711986,3.4035208534180166,1
0.6030878090980077,3.425651227436138,1
0.31250983658939735,3.299223255488365,0
0.8317561955055354,3.169130984417927,1
0.8610452614660711,3.099279830712819,1
-0.06097578898413106,2.9345158008579575,0
-0.6137304900801263,2.927432556900113,0
-1.1839392411829401,2.995448173761561,0
-1.3915588940407035,2.22002388091008,0
-2.0716104923875673,3.040977472753443,0
-1.6742520646672476,2.909619129179462,0
-0.2408418858483152,2.9059312889960185,0
0.35646534907495664,3.008219859181785,0
0.8433591318087866,3.1013127289437814,1
0.6115538446613931,3.1783264815931913,1
0.7048973258068089,3.4241039053037654,1
0.3018819205094463,3.5936994805345646,0
-0.6157284951510283,3.6816130268453477,0
-0.8711235343960982,3.844646442201531,0
-1.268666701268221,3.571168400876815,0
-1.5124085902606332,3.533896309019517,0
-0.625764090669632,3.435496270107974,0
-0.11528954214230024,3.549193855679235,0
-0.37699709182159913,3.467720529927294,0
0.3591610950735467,3.1989458168732754,0
-0.20683334617719085,3.0998475811785444,0
0.13423548973742552,3.1812817491034533,0
-0.173422645376137,3.1464518270860893,0
-0.04997677987094716,3.0282013197279363,0
-0.6376253627476518,2.9847173870408676,0
-0.9165545147227683,2.8117447724512066,0
-1.7018213736666448,2.7430464439404063,0
-1.7573464804509444,2.0526393431634786,0
-2.558156684882986,3.085549244176837,0
-1.610770931773723,2.926262632630828,0
-1.5697056129366993,2.9000322510659973,0
0.5771843335639251,2.9784939539371416,1
1.4951820133238485,3.138918015882781,1
0.4818780362979729,3.085172612458309,0
-0.339117061117336,3.3227775636953587,0
-0.2959551123332713,3.2569321914831315,0
-1.09368885188099,3.3651832226643954,0
-1.298734659038256,3.5766236610384254,0
-1.40414486243485,3.484336409266285,0
-1.3323906889308126,3.4623406928331124,0
-1.1718009056792082,3.3951046533926044,0
-0.8480275230653921,3.324554894178474,0
-0.35670424722422284,3.1672177804356663,0
-0.13441260414529935,2.9826168944991704,0
-0.2739773848387838,2.958877667160087,0
-0.3882915720233139,3.074815960934122,0
-0.7242165323266805,3.0508621451179536,0
0.10401928435500411,3.074715485234458,0
-0.8347881210672373,2.9885381816331,0
-1.4577976090806464,3.057268928063638,0
-2.709492132501829,3.0418288485549967,0
-2.6922642146164533,2.105106949543025,0
-3.4450371653427356,2.969826011855275,0
-2.9920090691382204,2.8431993372407005,0
-1.8519088829178076,2.80033847453632,0
0.004823416825872656,2.6301046708190587,0
0.39783517142038793,2.6568732983143057,0
-0.2798125818687692,2.9356463122109235,0
-0.2756379906263858,2.89606401344721,0
-0.9484397097647558,2.7708119024489797,0
-1.380807872796636,2.8785651242793797,0
-1.8432490207396994,3.0519009632995355,0
-2.4723549343629028,2.7235314741260974,0
-2.470122583491689,2.349512814782653,0
-2.3093981119029854,2.547775965168438,0
-1.9833075678449608,2.4825607182054235,0
-1.7090630293622038,2.3499484510731743,0
-1.3622283391201007,2.2268833855444585,0
-1.2392393047291186,2.261998585839012,0
-1.4679371664960006,2.34699920881495,0
-1.1999632510245821,2.3441839255710093,0
-0.7059230938212631,2.186819357922778,0
-1.4432125781454008,2.1436638853777112,0
-1.974043772541832,2.232384308331359,0
-2.9256999802003127,2.3310580767562272,0
-2.7730922848970776,1.6106923854315858,0
-3.375276671178013,2.4852578395414673,0
-3.2453794095520725,2.507670809921596,0
-2.7952800588755133,2.3061603677464624,0
-1.1210966834904037,2.1290685906335978,0
-0.8788162316878879,2.109642119129614,0
-1.6807134380300188,2.40624384790209,0
-1.775367820727604,2.828368343663182,0
-1.8419804813100953,2.9851716793356617,0
-1.9706593186979657,3.044477473200461,0
-2.223732628870429,2.881421306835641,0
-2.5764065619882266,2.686691645990261,0
-2.553049576989696,2.931085266279491,0
-2.2938022707148904,3.0979464565399506,0
-2.142689813092182,3.3235254074353673,0
-1.358034378568821,3.3243412900848814,0
-0.7349744537204171,2.958214622138658,0
-0.41295518189416835,2.5922549965280957,0
-0.7886592420076385,2.5280697130564858,0
-1.2141107464533223,2.5575741160852137,0
-1.3520708416152616,2.5516732711656993,0
-2.5710127154665647,2.4446155208504297,0
-2.7329800874224257,2.450106992465589,0
-2.8829715880240325,2.3721536669308056,0
-2.4091269570790685,1.446290189954552,0
-3.2290744060798287,2.1480480189211364,0
-3.045685017812813,2.1422452352518198,0
-3.3191559265475945,2.1035920510871007,0
-2.998403855318024,2.135920699939191,0
-2.4559186710047403,2.1947804767197594,0
-1.3221105857496191,2.3309491855983206,0
-1.5919228932283485,2.7791137709111853,0
-1.269641903824312,2.857152594412773,0
-2.206607532297224,3.0433727263266057,0
-3.0526244121108497,3.0566323314129176,0
-3.606282866441522,2.729274388703161,0
-3.652428760804075,2.615107413210095,0
-3.2372208978859724,2.6183010347192472,0
-3.0647591144340183,2.490769671925984,0
-2.6271174116100733,2.248010060012396,0
-1.8245708979552264,2.0962771689220676,0
-1.714702650513605,1.9194290308455764,0
-1.3852124939055235,1.896134683163948,0
-0.23350054775557294,1.8819710152994371,0
-1.507465255084648,2.0643614021212864,0
-2.443896922243752,2.0162919405661004,0
-2.466930977880384,1.763113158007907,0
-2.935988428019395,1.8637208086611385,0
-2.824682322223276,0.9174542229211197,0
-3.80348801896738,1.6185638695713804,0
-3.2286964228747337,1.2968863890895643,0
-1.6067215429552124,1.1163954188726053,0
-0.7701308833400516,1.3196584773325328,0
-0.15385948145002826,1.480769088018613,0
0.5080291538106309,1.422156426159952,1
0.08804517341343694,1.615410662011991,0
-1.0350352719081932,1.6892970823112776,0
-1.4177519119463768,2.12903304685346,0
-2.3154231090963298,2.369302343867062,0
-2.424956543025912,2.1358136114068227,0
-2.429962093077043,2.502096742161736,0
-1.9154056245068773,2.6305841069015297,0
-1.272456677022076,2.520426058710569,0
-0.9864236987373419,2.427666776752342,0
-0.826927704868853,2.219177225109444,0
-0.17424213455314833,2.0542392680771933,0
-0.32598135560697195,1.9220546760408244,0
-0.8463854067277203,1.7916873718428155,0
-1.1342545806275683,2.042298434405767,0
-1.5751435564818839,1.9159388263657804,0
-2.5704830044828753,2.1565622655624246,0
-2.6454351258530613,2.0162958185118467,0
-2.0855250896574145,1.1848598223714912,0
-3.028046453662861,1.953336258835657,0
-2.9649547864159747,1.9086889317952753,0
-1.5814242137284222,1.695442609113146,0
0.7346770301894635,1.6098648187498317,1
1.604910165660934,1.7204572075441245,1
1.3229747416105102,1.399821002153799,1
0.7017362506601246,2.022734763056434,1
-0.22017437101865509,2.022638761278619,0
-0.9238773017503871,1.9769044375312086,0
-0.6784106254686235,2.1346849677020345,0
-1.1969296980528061,1.9823624672720463,0
-0.6925252617639729,2.2970909180928687,0
-0.514013534789696,2.355227383737968,0
-0.9775050138538035,2.173359464040179,0
-1.435639124835895,1.9244709945128777,0
-1.1380286494289462,1.704246394058582,0
-0.1758883096254587,1.6477378376909848,0
0.6525504454264094,1.6431877632521332,1
0.9160349754597376,1.6430217633149624,1
0.4493315469763004,1.5026335097748604,1
-0.777475578749508,1.1227501243560618,0
-0.9088217930747792,1.0429615178169664,0
-1.1284504794856378,0.9980198556728366,0
-1.4590658533328995,0.868231240979067,0
-1.6178459992389274,0.7936231158761854,0
-1.4682693752351885,0.8215316720011493,0
-0.8181615586329163,0.8893123699010185,0
0.5139400111628889,1.1725999384019952,1
0.38631305714601816,1.5067570960490824,0
-0.7523279356680027,1.753183558209697,0
-0.8909052302650162,2.2814568879984214,0
-0.3767090178110909,2.3086802868415353,0
-0.6361734214683958,2.3676932277492684,0
-0.7163945946097774,2.4008538771309342,0
-0.811056053658351,2.4394323496099273,0
-0.2716293036786436,2.5608297705673015,0
-0.5110054460554394,3.0403199488615185,0
0.04233538831450025,3.0224996654010994,0
-0.12688806637539932,3.053868266227022,0
0.07687535226474979,2.8643329427130224,0
0.02813589632435291,2.8587326097409895,0
-0.1927762967396161,2.9690106212271004,0
-0.564725964714553,2.8916615556046463,0
-0.31684491147567084,2.893092212754099,0
-1.2981829754147183,2.814131977795959,0
-1.8269711406510916,2.7856448319754077,0
-2.72682168377095,2.819944246066183,0
-2.4956562675741876,2.135979004232309,0
-3.190572237548666,3.0034879039816684,0
-2.886734952880831,3.011184376276107,0
-1.6059184763864254,2.815523262950916,0
-0.32722703962198585,2.73585163150969,0
-0.39480190765101003,2.887966215891522,0
-1.1327715445871498,3.176798778557012,0
-0.8978685018529412,3.2576480846233293,0
-1.1424738778123298,3.7244795487194557,0
-1.0713138695171975,3.508237536677445,0
-1.302342729004392,3.5547894635003323,0
-1.4031123610107374,3.508931617287952,0
-1.3852093532631076,3.6813387260977795,0
-0.8297508903661696,3.6701605046027628,0
0.08285844459163037,3.579039121890813,0
-0.1216733324081311,3.5242647539514413,0
0.3320154010391225,3.3632369014489134,0
0.11655953938628295,3.182824531175532,0
0.20104089006335543,2.5492995587756684,0
0.48276414996713674,2.5655548927973775,0
-0.2089576455365515,2.4789439665189636,0
-0.9369433369319423,2.298735656896829,0
-0.9320062396404067,2.1888888528960164,0
-1.3413754399287945,2.097208308652846,0
-2.7693220415706676,2.0236175167354427,0
-3.1663953109898806,2.070093555911965,0
-2.0573724770890602,2.0204893513872917,0
-1.024905952005118,2.0241425334140573,0
0.47333293973275853,2.2588874719360903,0
1.4369802425651252,2.5406224149003878,1
0.5240414127886531,2.569359751028529,0
0.14093080024472776,2.6578041155601078,0
-0.026020105959695002,2.819271173859683,0
-0.20734558285772417,2.7791660294939464,0
-1.211803033722798,2.9099010611910576,0
-1.3702807609133738,2.83763486117768,0
-1.4071361328724847,2.8023240232676523,0
-0.8638322166444626,2.91279768109217,0
-0.5905671364531422,2.7817574685379505,0
-0.5842454439635498,2.6836661761163754,0
-0.5493203341766477,2.472230882405862,0
-0.1647230410382716,2.328011088777451,0
-0.12830534035936297,2.2773623438343154,0
0.24224684235331595,2.177828864253162,0
-0.08054052146398692,2.030653177891241,0
-1.1314060384254359,1.7200040961075747,0
-1.4966220814559996,1.5092836379680186,0
-1.9444073762742318,1.3119972573334273,0
-2.873744571758051,1.1983117089471897,0
-2.786869943360077,1.114620735783828,0
-2.4139718150647917,1.1113237806913223,0
-2.3150717097259044,0.9978430369952963,0
-2.1496919944257393,1.0601354272641443,0
-2.373100854544082,1.1903419852814092,0
-2.5644468191517586,1.3703041905956068,0
-2.080157648892756,1.5482393805155676,0
-2.3113618810738976,1.6164576238298054,0
-2.336041194869124,1.7126453467972702,0
-2.3326114885665254,1.639478426710902,0
-2.5641704487134547,1.5237562654297476,0
-2.298962144863513,1.2730738314464731,0
-1.8778188198562271,1.4113041625929261,0
-2.043145423632209,1.2849952894187557,0
-1.4145027530380065,1.2130904377956013,0
-0.22056526415749916,1.1743609582342787,0
-0.5010672831856016,1.0523828835175773,0
-1.1335285359868545,1.091016442970891,0
-1.1274165337725859,1.163622365466299,0
-0.7007421529781396,1.1516179473925265,0
-0.8449726524808366,1.0874455331948725,0
-1.2292167194162498,1.023415777502294,0
-1.3992852400503015,0.8638301031776356,0
-1.2921067496422134,0.8460352861247015,0
-1.6880283974192374,0.6989395396216769,0
-1.8367757122032187,0.6883417315898677,0
-2.2529782541182106,0.5936000340946216,0
-1.5688719386848968,0.7566339132076625,0
-1.4880904710248362,0.9820449546024456,0
-0.9391138037704848,1.4272267439469533,0
-0.9356779269179799,1.8479286226998723,0
-1.3786626146362368,1.8222462524900092,0
-1.9358395694263018,1.6803076635268606,0
-3.1737232677541645,1.3380356439187882,0
-3.3018769735884104,1.177146789575092,0
-2.9925383465995012,1.2354716366381153,0
-2.762200328589293,1.3198003038650774,0
-2.518507540070806,1.3167281229368937,0
-1.5383445633721302,1.7196639088724037,0
-0.7791572204183482,1.6022618844186913,0
-0.3278253900790362,1.4908171469123748,0
-0.3128768935214458,1.3043737463242626,0
-0.6734657511756016,1.2096899932082714,0
-0.8752821410849998,1.1297289394281365,0
-0.9082440731957306,0.9364283058531468,0
-1.5548119331351045,0.8966578090162683,0
-2.0527327371932134,0.7235422359207614,0
-2.427974050961985,0.6864649573513095,0
-2.535796256943354,0.6025768499472213,0
-2.5308315063301943,0.7203445822704582,0
-1.8978626720480785,0.7043881102152433,0
-0.7651296096826259,0.8372507788924979,0
1.0457742082136914,1.0771218427416398,1
0.5106995044809534,1.4386513604624684,1
0.07983678959964109,1.668281141113664,0
-0.7254572987339033,2.0666973592913322,0
-1.5379494345862967,2.378181640118586,0
-2.079630570069471,2.4022415304335016,0
-2.313278604329046,2.1672390612817094,0
-2.0141365202225745,2.3319487337051017,0
-2.0575944836658495,2.2662308882329603,0
-1.1989056014762376,2.2122391633968976,0
-1.0862379737917265,2.3106962851486528,0
-0.873711067571285,2.0004651519683385,0
-0.3498296286635923,1.6216453409163754,0
-0.8252395950348324,1.4467575692386618,0
-1.1244601107470356,1.5578685920155388,0
-1.2936527018329393,1.6091107938342042,0
-1.776430145353705,1.37923354055193,0
-1.7503649459048678,1.27517525471177,0
-2.8478058848510823,1.3562143532838105,0
-2.665334917867909,0.3957628699951105,0
-3.759234001263748,1.3370507114875867,0
-2.9997504782259394,1.0164194382000526,0
-1.6412975448453573,0.8510070878311173,0
-0.22347455122711188,0.7139631582500713,0
1.1324657245143874,0.7271678079871662,1
0.179567375340714,1.0076806786649661,0
0.5490062699044215,1.2581907740282743,1
-0.35529499579073986,1.509021021431911,0
-0.4296964180352375,1.7287158557961726,0
-1.100412710488987,1.699416728781625,0
-1.427773317586055,2.018498404340732,0
-0.06847334748524478,2.011881953767405,0
0.5596945700780019,2.073831249357913,1
-0.22638144497606785,2.467511459016652,0
-0.04034710299639496,2.6147954137394485,0
-0.40836072495561604,2.717640485883672,0
-0.7517352851109689,2.527894852802086,0
-0.52450448365237,2.550301014816988,0
0.048256471294470374,2.3674215292807634,0
0.30495025068859033,2.2484330541688666,0
-0.7333228168935373,1.8782171879815834,0
-1.0599771303133216,1.8601724469637908,0
-1.6733749076054627,1.7226304937684551,0
-2.5020063777463215,1.2501210714658142,0
-2.309779480995293,1.8785874526418074,0
-1.8268392009752705,1.8512107444948676,0
-0.7275801013111687,1.6167406901348296,0
1.010263918821194,1.8618680757235566,1
3.0609328651563676,2.210242548865452,1
2.172336759328806,2.210162132053846,1
1.1582696316035168,2.569760993728936,1
0.5234996246830749,2.6355572959977716,1
0.19059483602192928,3.059293158115638,0
-0.20525291012102637,2.9506345149833475,0
-1.047201391573705,2.9027666315613527,0
-0.9431530354996969,2.902276003300963,0
-1.0070452465754314,3.136012716266077,0
-0.40169856026899975,2.988549568921528,0
-1.2197888163548947,2.85256677991088,0
-1.0438628175311422,2.629626081415592,0
-1.2320959061957522,1.924245208289122,0
-1.4249719330271737,1.4697312667868154,0
-0.893401085419526,1.6635218139349426,0
-0.630690648516083,1.4618376184961877,0
-1.1302841297281967,1.3846277747898605,0
-2.1709435969786552,1.4992874242382737,0
-3.1837824134889368,1.6861985890280855,0
-2.7605856901567356,0.8754359184450763,0
-3.6604816109050446,1.6056258534171108,0
-2.8947463316860538,1.5947151531520154,0
-0.927710155050183,0.6707820771017212,0
-0.6721397157101702,0.41228397826463925,0
-0.5732806178204557,0.33199491336236703,0
-0.6252616084439752,0.41569615339999516,0
-0.6155873797052791,0.43839715302284843,0
-0.7062589002925862,0.5717892461457802,0
-0.6355928156899052,0.5211209681883234,0
-0.6358140434790471,0.5514319714818993,0
-0.8024141365969916,0.7744438136178861,0
-0.5718833686510318,0.541200755192493,0
-0.6913703971240597,0.7083973311849059,0
-0.3251641899808525,0.32053263801547877,0
-0.4067906812883429,0.4436166221554751,0
-0.3470575442113123,0.4075311744098499,0
-0.3336074789809484,0.4216827315749114,0
-0.5208284779528188,0.6654928422852301,0
-0.4669870282626244,0.6353497569894141,0
-0.6245420921007523,0.8480534901424652,0
-1.002396546544714,0.5353266394302119,0
-0.9334108819883045,0.48753851739342935,0
-1.0028390021229978,0.5959486460173636,0
-0.5535266769653991,0.12070718262594231,0
-1.0381961511734015,0.6977120632320272,0
-1.008108514780342,0.7010093595887701,0
-0.9595158234285243,0.6809013073631982,0
-0.6776198545975403,0.4053335093552968,0
-0.6948936499485029,0.4492879040736348,0
-0.6019466738953959,0.36666483507607145,0
-0.4968013266694923,0.2693679105624461,0
-0.5020842490472203,0.30004301507294384,0
-0.4673907833642429,0.28921260773900775,0
-0.5675223296304912,0.43570194046131877,0
-0.5645902155266527,0.4616471972217682,0
-0.5303117462428003,0.45360592050427573,0
-0.47205153101247876,0.4190060633711028,0
-0.3328214831127056,0.2861459894628528,0
-0.3256781016683026,0.3090290396941671,0
-0.2072560233722461,0.2066381662135713,0
-0.10671650543626009,0.123468945390625,0
-0.20327971341040313,0.2628034009633661,0
-0.2853212011170185,0.38867651571980594,0
-0.3808264836435775,0.5293145112965382,0
-1.0920815977936031,0.5978966676486718,0
-1.1486684177070405,0.695725611376979,0
-1.1871651790608448,0.7729383371394148,0
-1.8429510782722118,0.5552589017609632,0
-2.861481867537371,1.1709691097936323,0
-3.566502518872285,1.5309342493304061,0
-2.7929950550535265,1.177972566741609,0
-2.4890253953526233,1.1884236319749908,0
-1.1775857094414963,1.22177635942839,0
-0.6012137481345994,1.422439593056284,0
-0.09157065950743415,1.690777135978955,0
-0.9343818743139735,2.099888635105977,0
-1.4391147097178898,2.72141943341797,0
-1.7809873341853304,2.1666440196735604,0
-2.058736910438207,1.509530576963964,0
-1.6423965065402912,1.6819570859014592,0
-0.9764432957077654,1.9021044500522,0
-0.2106380858755925,2.138549239299541,0
-0.31013753896984725,2.15513046296827,0
0.2511516318286721,2.0808480958634306,0
-0.19673451807887565,1.8090653468567792,0
0.35121015070115924,1.8310731974993573,0
0.29609090148547934,1.6628557609777932,0
0.787024281831338,1.727004511061779,1
-0.5673339000176991,1.5158530691010836,0
-0.4436275781423605,1.4466131823181456,0
-0.4851122648623791,1.3246215085942932,0
-0.9071043079991993,1.1988191452221553,0
-1.2591126783610713,1.1070477182869352,0
-1.523133288105383,1.0620804370255899,0
-1.703294916221569,1.0270734489857485,0
-1.8479622786167669,1.0280584548746794,0
-1.0248639854026391,1.2057422125983852,0
-1.3491207019574674,1.45457805200178,0
-0.5006249935783312,1.915463127050076,0
-0.6512211800001696,2.0473961250691413,0
-1.2744897894018232,2.0816117851386555,0
-1.782853052924814,1.736956024648835,0
-1.9507216712301148,1.6849161644506567,0
-1.716303471485038,1.8012637869490875,0
-1.2048102401058025,2.0319474916108464,0
-0.1544106291659666,2.1321806685854536,0
-0.12661208510491265,1.9880745893401652,0
1.3439311341403448,2.080651939023912,1
0.9342118463514615,1.8473955396962058,1
0.19715821599682928,1.6864662784214453,0
0.42778847454094165,1.6928600165253884,0
1.257954391257767,1.747499393253933,1
-0.1729277570854634,1.3801065817117282,0
-1.1880081063076817,1.3147640767134507,0
-1.9326738786104836,1.2012475661156234,0
-2.545200950059443,1.2775012648439448,0
-2.483684335369072,1.1292371980592002,0
-1.3805553524460799,1.1020598548000702,0
-0.18499433090361903,1.1656075403289357,0
3.2609814671758546,1.7497603269903508,1
4.565189857124335,2.1287570341006874,1
2.840992066075155,1.9291195766747717,1
1.5328304832691972,1.9941367826854601,1
1.11988341264546,2.0895377310955823,1
0.5756827883147889,2.133744857681004,1
0.22165769344358632,2.1466081189156414,0
-0.2627256700505427,2.0551570706265996,0
1.1039111008936988,2.3315525176529865,1
1.0811224350263877,2.3234245379598804,1
0.8471677709201868,2.2465542132411285,1
1.3703480071571204,2.187927270286534,1
0.7503625370871018,1.8335566028930477,1
0.7153292276156671,1.677884643427355,1
0.8291832318702542,1.5227162679055,1
0.6063280677527292,1.3946358978383295,1
0.051320494322909714,1.3960092193010234,0
-1.1600526865903622,1.284365898629335,0
-1.220263235494538,1.2922160467705632,0
-1.8922382402118132,1.137911432341581,0
-2.310691734991683,1.2518330769343715,0
-1.9231792038052467,1.1326759671204396,0
-1.2580029840871156,1.173665042729176,0
-0.48067033729605874,1.2384764880297587,0
2.9129140286409334,1.7911790989974912,1
3.7731263286193553,2.1175576378660956,1
2.0328175068748315,2.0748078924273683,1
1.8122978584683005,2.1604415829032413,1
2.0665018723563553,2.1785942830948355,1
1.4046757883772147,2.052873012089174,1
1.0768677386935974,2.0068161153792476,1
0.07390797075071134,1.9621317008082437,0
0.5260427857270443,2.08120526087129,1
-0.4719812201887092,2.6571313942135846,0
0.36220076947666574,2.5472255117896374,0
1.589151284663318,2.2635218463471443,1
1.665176272126522,1.9275035406208734,1
0.6218688309749107,1.9296664860380124,1
1.0256992898056938,1.7805202904481028,1
0.8907569932453486,1.5867083596698692,1
0.8294603605520203,1.5628914589279463,1
-0.0006754812299238821,1.6626322674105587,0
-0.9132187992971937,1.7118451957019982,0
-2.248452335025331,1.8147155816362373,0
-2.114269337566522,1.2476366227253066,0
-2.523192953582904,1.6930079994846001,0
-1.483959711314654,1.2970710711863707,0
0.16009026509807928,0.9290724020596619,0
3.045334600425524,1.1566734249737334,1
5.675240585023157,1.870885106139554,1
3.0848487835144707,1.2401041609703103,1
1.4586705003961753,1.6181895618400142,1
0.7120385889059371,1.6415857077182703,1
0.9580427164433793,2.0429842162221097,1
0.16820808481317176,2.2455207862700455,0
0.030099906511692334,2.0785632318179172,0
0.5958380381888144,2.0793513984241363,1
0.7509156608476557,2.0713474398243057,1
2.547343390247202,1.80187614332634,1
3.2566446287212343,1.529659073141588,1
3.9943945277999813,1.6137564816030443,1
1.7975376324462713,1.4499310653093576,1
1.2790915642791585,1.3918912518628574,1
0.6982416112792843,1.4631385144759108,1
1.2712955717953396,1.3109083980844238,1
0.79779495015065,1.135899918437028,1
-0.5240060509513925,1.3616502776919315,0
-1.5753435537780933,1.5025217170144056,0
-1.954569382220161,1.0036268464297757,0
-2.025152829312208,1.4112982111584984,0
-1.441025996252155,1.0634975625389775,0
-1.4066992657741122,1.61916749004079,0
1.8248868984500732,2.305005076567904,1
4.800932943504568,1.962391999723928,1
2.981449609703509,1.6682059321255798,1
2.0522441143245795,2.2405387352552366,1
1.6403114284101823,2.4868700361675113,1
1.345423059384794,2.5829815178863167,1
0.35261094116726427,2.1951256988971,0
0.24053031061436564,2.23221789058809,0
0.8240103268681954,2.362486527477707,1
0.7973184798102839,2.4266174454015013,1
1.1358721457944583,2.3827224485550125,1
3.544302834651667,2.456678944687456,1
4.367745576500437,2.5965466841088634,1
2.405580953831061,2.183730800439219,1
1.2431139821880248,1.9054158736647397,1
0.8376142918156565,1.8467636496375204,1
0.7442064334778339,1.741146849831692,1
0.17719499699455993,1.5818583879454418,0
-0.15338786930641296,1.3941292433034167,0
-0.8462140534596495,1.217925817362674,0
-1.7674279272202271,1.380583160322627,0
-1.8893243282673498,1.2256341827011892,0
-1.7049751281762047,1.214006727165261,0
-1.1390042602688246,1.29263031358202,0
2.2034847950780856,1.63907344734812,1
5.368962196653847,2.356108193433299,1
3.0227469393416473,2.058213362945765,1
2.934207913947242,2.392386605768335,1
2.323325315736807,2.565290311053635,1
1.0823636577204283,2.497124521435017,1
0.3831213035909051,2.2570071843672252,0
0.46331627734699526,2.3167162514916,1
1.4713375702436364,2.2869572907560745,1
1.2450231109107321,2.4267017572916707,1
2.8475557210487796,2.5404692464243244,1
3.514576976815008,2.85458646870819,1
4.0706283284398905,2.6937433899172714,1
2.6304198735537483,2.208111074630332,1
1.6380333692890088,1.8488138155329956,1
0.23215508735743873,1.7934011825909075,0
0.45532172103055824,1.7637715317239315,0
0.974873036440674,1.5443016967922019,1
-0.6040942416116682,1.4263835789380896,0
-0.8005468988045953,1.3569612129230457,0
-1.1298900691030795,1.34064580189329,0
-1.0612754639419653,1.1513067191785251,0
-1.082059072910068,1.0396121671425687,0
-0.8727608693020907,1.143744014435129,0
0.40072495753371046,1.1820831537555958,0
0.9828659865432946,1.3843442485563047,1
0.87639174600369,1.6585292786668129,1
1.058019948000234,2.072609418841798,1
1.3833172569164505,2.4436253135650206,1
1.1919493139982582,2.6422663761803244,1
0.043760797658211115,2.322515458661607,0
-0.6053534597745592,2.2426200870911828,0
-0.4527061783966723,2.334485027407822,0
0.763731980489499,2.6449589410385728,1
0.9527544267760434,2.590408517785022,1
0.5451990859818018,2.38859955368397,1
0.30862298864462967,2.113255336451848,0
-0.25105777748178626,1.818449384206302,0
0.3201844194080487,1.7062847579741192,0
-0.45133146234047483,1.4266741032007482,0
0.7962035935067634,1.5080531721046624,1
3.858112401858985,1.7835458077140955,1
1.8286645096471936,1.4537897086889113,1
-0.8264847190148109,1.18839021748507,0
-1.9101432678809047,1.187331968138655,0
-1.593514574321787,1.2194715289643183,0
-1.6296828897515583,1.1592722136203033,0
-2.531086958015403,1.1031886883241089,0
-2.155099442112878,1.1036200991445404,0
-2.3963486224594894,1.215634465991776,0
-2.2767772724504147,1.4991808466747758,0
-2.1390209453924944,1.6886210240307038,0
-2.304412566870178,1.648782903013138,0
-2.3519430410400406,1.6286911116064156,0
-2.7424269391628258,1.4066345092429648,0
-2.9340675392916125,1.3348819057577412,0
-3.1851026399023437,1.2006955993771864,0
-2.7578337544605436,1.2933334990589949,0
-2.359576235581309,1.2973680785171018,0
-1.952658999503527,1.173875289662174,0
-0.9942518920397181,1.050517375626243,0
-1.2488668672429493,0.9902202887467879,0
-0.6565490653069185,1.0654711458407795,0
-0.552321368825333,1.0292895936453854,0
-1.0645486769960826,1.0944569081708382,0
-1.68612408409509,1.0332695029451535,0
-2.0267868410841268,1.042197700500749,0
-2.6948359207061587,1.0098021903306322,0
-3.068500168984028,1.0161767172896758,0
-3.092552068562102,1.040368636121309,0
-2.308014131338764,1.0525453083447036,0
-1.5267040359231263,1.1035393299087413,0
0.15275129672021862,1.2337650985547837,0
0.1721322388277506,1.265067869185419,0
-0.042732416333662177,1.3213850169811419,0
-0.8382784568328864,1.3444078111877216,0
-0.713444544577785,1.4310186406375578,0
-1.1408351967020374,1.3844110147821187,0
-0.8569232264961084,1.428944393876723,0
-1.0395506179815839,1.4735409781956335,0
-0.7751601144315885,1.4819129884665658,0
-0.533542650274407,1.496232926544557,0
0.726884767358352,1.61992236874287,1
1.2004385352548157,1.6489162511235451,1
1.3434812360684356,1.5373452271892598,1
0.17620216754455478,1.3414955009950873,0
-0.7840991022845797,1.1257877260302842,0
-0.6684744838475405,1.0951711606913972,0
-0.9762833503243898,1.0497782552385095,0
-1.390436046015172,1.0526815218601724,0
-2.1622339733570826,1.0399698160520399,0
-2.3006684267943007,0.9947166388580386,0
-1.885788186924656,0.7253035284806019,0
-1.4906004878300176,0.8161311043513738,0
-1.6338389238659594,0.9039214457762119,0
-0.5299288605378832,1.3950343187012029,0
1.3721199977642984,1.4916312617699232,1
2.8645988006042415,1.9562741042404985,1
0.13817266128552036,1.9299776680117333,0
0.33537867493363893,2.0429199450334337,0
-0.46633209450454266,1.740181827778522,0
-0.01974174429188387,1.6284090684602706,0
0.0715658732541847,1.4564577182623208,0
-0.5797482023016741,1.4340704952841243,0
-0.8715273129875362,1.3621226920483436,0
-0.40997243805541034,1.4857934338027732,0
0.20675973512004725,1.4992813559650844,0
1.3653210402605183,1.570301129056621,1
2.413472139621103,1.5387980343871293,1
1.8124362225434443,1.4208647639903587,1
0.9456691897068884,1.2790200818334938,1
0.6363140050305618,1.1749861012815035,1
0.056432014800922775,0.33444773872506167,0
-0.5218860056457106,0.24998487624984383,0
-0.49812548748838364,0.2537372991277393,0
-0.4743649693310567,0.2574897220056347,0
-0.45060445117372977,0.2612421448835301,0
-0.4268439330164027,0.2649945677614255,0
-0.4030834148590758,0.26874699063932095,0
-0.3793228967017488,0.27249941351721635,0
-0.3555623785444218,0.27625183639511175,0
-0.3318018603870948,0.28000425927300715,0
3.1245926853463,0.5665024166641056,1
-0.2842808240724409,0.28750910502879795,0
-0.2605203059151139,0.29126152790669335,0
-0.23675978775778692,0.29501395078458875,0
-0.21299926960045995,0.29876637366248415,0
-0.18923875144313296,0.30251879654037955,0
-0.16547823328580602,0.30627121941827495,0
-0.14171771512847903,0.31002364229617035,0
-0.11795719697115202,0.31377606517406575,0
2.8865577493260504,0.3443007466956568,1
3.830774424719452,0.3168154575231372,1
2.4368229668191455,0.3463892440654672,1
2.0174069813433877,0.48364918604331486,1
1.8324812574787916,0.46319083806569233,1
0.4935289518841142,0.5959321603993695,1
-1.2571059438319088,0.5216429325807532,0
-1.4639092186131024,0.5805674540115622,0
-2.6601442367913894,0.5913511896977944,0
-2.945335313225906,0.40505405647342485,0
-3.3748358458367114,0.7194163566012155,0
-3.2598338089217065,0.6895029519084767,0
-2.3055620366348317,0.44964140859926316,0
2.137737869856527,-0.35521729619142633,1
2.884253611697068,-0.07517069382876021,1
3.3599299521406705,-0.01012096739429059,1
3.004572878154611,0.4119056437709143,1
1.3431397866673471,1.1981133212739972,1
0.12708114348860347,1.628597535688266,0
0.5526524806719203,1.353943437930439,1
1.7684340593757415,1.0284542239322907,1
1.2277514099335483,1.2088026658612279,1
1.8756355930379907,1.1426864407624089,1
3.6882009944085477,0.7834027257794088,1
6.232359310486441,0.415935574513737,1
4.028842764581931,0.8701914191424152,1
2.9232095750486615,0.8847368262327422,1
1.0325265900252636,1.0107288879417935,1
0.6460670003277511,1.2548982972565017,1
0.347008224462567,1.1600076120335554,0
-1.01663327154066,1.1903896682467423,0
-1.8551826316343123,1.3229150692836544,0
-2.8656921451370136,1.3391753873270393,0
-2.616965414025757,0.8361741211623506,0
-3.0604410831439464,1.5703297363998112,0
-2.6093071484493104,1.227153478974677,0
-1.7311325542806624,1.0372338750179562,0
1.5475427083928932,0.47647592212388584,1
4.578822887481481,0.38743641369902854,1
2.3656327053780335,0.3724330682491954,1
0.7575865452507505,0.9190388596470697,1
1.478275005545663,0.915778488379641,1
1.2510345638652223,1.1312013057833543,1
1.5768594685204669,0.8416618622585107,1
0.4864692983706876,1.268852502201304,1
0.5076904291888158,1.2379581085771418,1
1.0620720020479302,1.1742439513608518,1
1.3111707211622554,1.1740360981765248,1
2.10412443840158,0.9460765364536418,1
2.4556730708307613,0.6629696174733898,1
1.2800394242027042,0.7447884933404502,1
-0.3331590059986462,1.08968144207377,0
0.1470814130489299,0.9356989152674335,0
0.331082405249052,0.8029870766560624,0
-0.25945366695171,1.0082950759498333,0
-1.3511142020939588,0.8382259309357506,0
-2.096870433172531,0.782696946924158,0
-2.500365317472485,0.8052586445456137,0
-2.7552122303187923,0.7801729662087413,0
-2.316393318084556,0.5134438833629135,0
-1.907969527455944,0.5737448662650737,0
0.39811086769794257,0.6374487224181774,0
0.9886881885387256,0.8590776398181573,1
0.5811945324550001,0.9727991287659188,1
1.9257873400584353,1.5352947172389444,1
0.8470681481759664,1.6665501038560617,1
-0.12014290309998399,1.7227218217018738,0
-0.33431629177353317,1.6199731008815408,0
-1.0985230302112037,1.5462558146652747,0
-1.0171497186445844,1.710642981705603,0
-0.061637553809432255,1.9828840077840515,0
-0.0432949244292337,1.9172851828367907,0
0.5770664759181533,1.8895009883640663,1
1.331515617676453,1.734974521707674,1
0.06203210877275238,1.5049436282486064,0
0.9371091566952163,1.4799304895472118,1
1.3926517809759371,1.4537996121900434,1
1.6306039811841428,1.3448071672322683,1
0.9152219713002738,1.2589421605582776,1
-0.26610878580190295,1.1431569949280194,0
-0.16290657397691133,1.0391544280886083,0
-1.449146021821413,1.0368670277568544,0
-1.6361528721330452,0.9462281142052462,0
-2.3210797292675007,0.9143225902731298,0
-2.2047497086959367,0.9130878383151412,0
-1.0873853631143953,0.8683556061334339,0
-0.4016061516334843,1.0519113827463964,0
-0.42104567584445235,1.3497482005916934,0
-0.32673843042411727,1.8188596485344832,0
-0.5779365021425484,1.979927324376638,0
-0.2186401720128893,2.1063695508412565,0
0.5501245135887259,2.1752630398129904,0
-1.2519121122829795,1.9922370436911059,0
-1.4229507784741042,1.9144873786741714,0
0.25444004617878563,2.358276166500873,0
0.6320871123727578,2.35236498435129,1
0.3316757828937546,2.1231131750269348,0
1.6783712613932482,2.030830549924194,1
2.7849269042620906,2.027483940957226,1
2.240849210190692,1.905711501422458,1
4.3959713407558185,2.23986328744148,1
1.631998672876386,1.7527634941604784,1
-0.27116157473173813,1.4671925359890416,0
-1.2188225345259183,1.3832774326480757,0
-1.570043056259246,1.1536619566693005,0
-1.69785449640457,1.0837026160722751,0
-1.5512753422982049,0.9407832943332288,0
-0.9380353196547463,0.9332294772351777,0
-0.0454036756054326,1.0170274270744315,0
4.259635534690334,1.688212935582103,1
5.010897036754477,1.9596450796579699,1
2.4628306780147073,1.6588537298753567,1
3.450199432210605,1.2341066870099104,1
2.886748141852192,1.774319793253367,1
3.1646216767526343,2.1203385628489357,1
2.982472243167464,1.9509171305028437,1
1.3541618399422688,2.045786048416598,1
2.144848063090414,0.9946300640508795,1
1.6827047687972059,2.131968953724332,1
2.5903906316154046,1.7577853539590493,1
3.5360805264845934,2.3350971408695975,1
6.569237110827096,1.4169562814004433,1
5.380727418735934,0.8089725339475416,1
4.5736140856347,0.34697876843939396,1
2.437682635732236,1.414428218790505,1
-0.4250333346116366,2.196625424453884,0
-1.221719379223117,1.664765244821966,0
-2.0792017106546004,1.8247430131384235,0
-1.8926386568495148,1.1748446503129164,0
-1.7184455808718324,0.9426291135774676,0
-1.2145046903468715,0.83834573799394,0
-1.0339520011744814,0.9435966630064436,0
0.3067203648349024,1.1456767790096913,0
4.388670525362016,1.8146955835321814,1
4.989106421497139,2.073711178666918,1
3.2796088780193027,2.1287811186251586,1
1.3550066940863648,2.2529037983373144,1
2.1293731864929017,2.4472850936942363,1
1.856952596240707,2.5487100865307006,1
1.2616434726275099,2.558352792839386,1
-0.028354514889051274,2.5591397063397765,0
1.7406031378737952,2.5356955425103664,1
3.063110593923548,2.594346267848134,1
4.4047990882855546,2.792424357455973,1
2.6608196322375828,2.538186031382779,1
1.6610478803481894,2.1205478800739748,1
-0.20278839289360215,1.3868860649966537,0
-0.9669075826504641,1.2893845643582806,0
-1.143689790823843,1.3869317803623842,0
-0.5389581561635781,1.211539648240237,0
-1.3084302687649019,1.304292549109738,0
-2.018355574984334,1.32442391856493,0
-1.650092782022643,1.2516850022467347,0
-1.6331993564032459,1.2897958621318435,0
-1.4398216168212774,1.2683910949641068,0
-1.2429085990977384,1.26617284496813,0
-0.05620460783473073,1.3232362536979774,0
2.0201469415115323,1.6586223897932009,1
4.34046172170949,2.056047639947738,1
2.5478717549226597,1.8683798355372285,1
2.8414755345834677,2.0090585470183577,1
3.3620597787776814,2.1238538472886694,1
3.287418734779028,2.160004070379199,1
2.5071536948697966,2.152276073131252,1
2.2166939974139024,2.157754044461013,1
2.847654802865478,2.280144809651931,1
2.432967881870793,2.343414456313008,1
2.764913665080922,2.0780786834594656,1
5.808179815317074,1.3642558820840847,1
6.3521628148211065,1.3942516569782362,1
3.5591315049045873,1.4454148994828833,1
0.580551901848573,1.6893727337105815,1
0.7908002508903323,1.8431307542060675,1
0.23666638426331385,1.850619849017745,0
0.2980029026457465,1.075925327009313,0
-1.7156961583298076,1.8387939867212735,0
-2.589839209977066,1.837944144055785,0
-1.3734830383562968,1.1230738916265266,0
-1.919301645843667,1.6065711201799027,0
-0.9532543510964746,1.4951302591417095,0
0.0996800935317571,1.5463268616873755,0
3.973167773746394,1.0868654245932303,1
4.024780282090263,1.4567941613300364,1
3.5814581584031937,1.2794593543784447,1
1.506683123180185,1.3244865766780625,1
-0.7733099329971732,1.046888879163183,0
0.0959355704121796,1.1217584911448446,0
0.8326404215485024,0.8801426090516642,1
0.058373586721497936,1.0350118843890597,0
0.3272448561540999,0.9329414597755674,0
0.7908052005280454,1.036341246933101,1
2.1811299134930935,1.0524516878654824,1
2.282542333556329,1.1854003338106358,1
2.0567486032381748,1.1925169441844967,1
1.3072286050678499,0.9092931358718459,1
-0.013470108563760486,1.1141211269592037,0
0.32872723875607285,1.0484055114363582,0
-0.12359660920295204,0.9850837547293934,0
0.037810448110195925,0.8316843991006171,0
-1.8865855263647273,1.159671280342017,0
-3.1846864912093826,1.4637048627402311,0
-3.049334164604356,0.7010954005299228,0
-4.203273265267577,1.5390734491753093,0
-4.2034654153231905,1.4565548018847043,0
-3.4950260581026606,1.275043617550227,0
1.2890535199972786,0.6572071249428527,1
-0.049439198596127,0.6931198978900817,0
-1.2152762077958617,0.8076930870385235,0
-0.655776481357361,0.7225122490856583,0
-0.2675434126129137,0.7215010365550799,0
-0.6429230389258861,1.0134813800941231,0
-0.11060746884992462,1.0565136805319815,0
-1.5078644484935986,1.1875593955873966,0
-0.45383465313620047,1.2728987842420214,0
0.6966872545898967,0.9312601351233801,1
1.4227596778487022,1.0182108455009005,1
1.3068958671909778,0.9563642411906583,1
1.476493877669287,0.707999574953775,1
0.014359298071504756,0.7240186358692444,0
-0.841538402197462,0.72016075296866,0
-1.4351528740733486,0.9250085053110343,0
-1.1863353939200596,0.9016984094961766,0
-1.5354146078626365,0.8221214714259221,0
-2.8528362155632347,0.9924890600680584,0
-3.2826724530858007,1.0566458203377487,0
-3.0496255595143533,0.4548717549250628,0
-3.462826261004508,1.1110479272310871,0
-3.7578372675023326,1.1080654661985347,0
-2.766979426369207,0.8407006750208866,0
-1.5799404971868691,0.8110799287472032,0
-1.903190160471636,0.8491564255714799,0
-0.8038833464177069,1.0944615027022522,0
-1.3953105638600984,1.1504498230441227,0
-1.8804909540783992,1.2165117601545345,0
-1.4595804368776732,1.3406100951606905,0
-1.154692198300769,1.3289188335594335,0
-1.907017299494347,1.3712731325171814,0
-1.890771472922754,1.521589737862754,0
-1.7497566979363905,1.5363983454869787,0
-1.024995040311976,1.2843084733891441,0
0.0944955678403277,0.9691418562971795,0
0.8211028278454652,0.8099057911928524,1
0.05526060682306792,0.9112255826400645,0
-0.475955050770912,0.9486724803386879,0
0.09316121206956712,0.8999026330021463,0
1.3662388814192534,0.7573293414444107,1
0.25408729421115955,0.7306196288395356,0
-1.147693136648973,0.9727040278165315,0
-1.630082834250974,1.0712498562311354,0
-0.8943001092941164,0.6426383428863881,0
-2.539881310378347,1.0555016538875135,0
-3.442507292256664,1.2585579038923551,0
-3.0521990189934285,1.0502386554759753,0
-1.8754872998198329,0.6975386341723225,0
-0.9818044792227184,0.8783592587450971,0
-0.341151013933919,1.0178991329121923,0
0.445672388817319,1.1560981189683184,0
0.2790439023476499,1.3837215854644629,0
0.528739523352828,1.4838804599807085,1
0.18580096622698303,1.6545598169510989,0
-0.2305429264173271,1.9103132403613905,0
-1.9083166948916275,1.9197964995437988,0
-0.48953296580336403,1.9183679374763924,0
2.8950690525492218,1.7092707428120495,1
2.67217162371743,0.9344324979223994,1
3.680874536932717,0.7566934640865522,1
2.807598613705112,0.61675874827403,1
0.4052434432179158,1.1949477799095036,0
0.040983806638718805,1.3916647873925225,0
0.3189171827006356,1.26187449831188,0
-1.2668875172900103,1.3610734065933505,0
-2.196804751923667,1.5639811054848414,0
-2.7365698131747087,1.531084738611048,0
-2.437519193704233,0.6822606441353416,0
-2.963011191710623,1.2474322825103183,0
-2.7401670450006854,1.3424381970498984,0
-1.7409789930399238,1.1087207688649268,0
2.9617730886998,1.004799816183665,1
4.740898493760991,1.5939636615517228,1
5.4238193337025296,0.48052746697358734,1
3.3720541302139018,0.7167635843241088,1
3.282068387102159,1.142529909239549,1
2.6841329640478375,1.4641423095508135,1
1.8970810080358578,1.4461792819238675,1
0.860952743577449,1.4279222944652439,1
0.9381033323194253,1.626485153819783,1
1.6436839782951074,1.8364017345981862,1
4.928810510393729,1.3187135817008506,1
5.699805931081867,0.9352343486225246,1
6.709528935590009,0.41345174666413803,1
3.0170315707396234,0.4831995495830244,1
0.7054609534860916,0.8060356092210837,1
0.5732353310327387,0.772416204823095,1
-0.3070682891549556,1.0590177049307365,0
-2.1699606527913984,1.3813205610564105,0
-2.141140756043894,1.1801553442049735,0
-2.727182161360831,1.3871563449834028,0
-2.4541776759838845,0.7589175212188191,0
-3.215581562910755,1.4299678943052982,0
-2.438939361142241,1.0475100392970358,0
-0.4486096077388339,0.7539167539991025,0
5.454704088895052,0.3657908579469501,1
7.137731130114691,0.5966020146102357,1
5.298549960839898,0.4177197211055402,1
4.818629309519887,0.5463146920894567,1
2.55367696668041,1.359707435111,1
2.7357526747648415,1.4223026563165224,1
3.2256800272793997,1.1938364141593234,1
1.3663959993322636,1.5622762046171967,1
1.8950071122847802,1.650068020966856,1
2.6918153995752903,1.505399726126728,1
4.9133838635544045,1.2439671200960079,1
5.799444461257755,0.9973053781117265,1
5.511093635361769,0.794122228168115,1
3.7216562679607894,0.9010380601657119,1
1.327605232108279,1.2515255879319538,1
0.01321566704890678,1.471133609238811,0
-0.32399372058636117,1.5616062777273243,0
-1.378120296863997,1.4838806598182575,0
-1.6628928357600905,1.2994532830027636,0
-3.0227925265962092,1.7166114754266864,0
-2.4311982091150957,0.7437903614948028,0
-2.2021318683041264,1.248089244571468,0
-1.443552813499544,0.9170642190418202,0
0.11743945150197242,0.8736488494918254,0
4.079820699075611,0.7389884400866917,1
5.682872006123365,1.1141858631040062,1
5.637787730049883,0.6081364743672948,1
3.7178508975478164,0.8650062717723559,1
3.161873539522977,1.0799160118195963,1
1.3396159664417258,1.6928764874162996,1
1.3052939073345091,1.5046972109643049,1
0.9324159590334388,1.6548503439296067,1
1.8609053799449613,1.5728388221668368,1
2.1777214480267206,1.6865239537899155,1
5.223270081199598,1.1394072212563569,1
5.104229439045668,1.044761522994185,1
4.895566341280624,1.0437910429708244,1
3.160849323556532,1.1302749129909004,1
1.1330639098703432,1.5133501931583169,1
0.8951630607439821,1.6110401511136876,1
0.39550782764097914,1.6760990067737673,0
-0.6684120018279384,1.5702331182397609,0
-1.1175636532521949,1.669979235281438,0
-2.3966474625077505,1.8312509088785898,0
-2.4169615987333555,1.1549757657047648,0
-3.0389571121823202,1.6668982064857463,0
-2.6352536997095553,1.6883924771040664,0
-1.229686472224171,1.5127250261122127,0
3.271793295005628,1.2207701881615496,1
2.446016808850318,1.5621794233496304,1
2.448315805361101,1.6281333005070793,1
1.9398749663294048,1.5450824462477297,1
2.1785513783978225,1.5084146652496648,1
2.0726145114171524,1.8387358675550804,1
2.1704800334048207,1.8395384928499157,1
1.9204254174577688,1.869791332398062,1
1.8804969258595592,1.9911824996719223,1
3.102559987881533,1.8923698441852386,1
4.891959382752069,1.5797311971722272,1
4.924291693558512,1.3897244285301633,1
4.571061576465906,1.4628075484277754,1
2.6053140112772284,1.4340212401928536,1
1.376098092442217,1.5311805666909621,1
0.7502600067440293,1.3469438603941262,1
0.18045323934650948,1.2885084050599485,0
-1.509339483432441,1.5527954938546036,0
-1.8680360460771654,1.4897309788289346,0
-1.869801866244462,1.503632012012741,0
-2.6190928709189207,1.033730838248111,0
-2.8249134114030308,1.4963683781827635,0
-2.6531318047807027,1.3829870414928158,0
-0.30361779475001605,1.1903585468061764,0
3.498452604450244,0.9308381115230765,1
6.214132826716346,1.0023853557519662,1
5.92675789658441,0.5146120213897936,1
3.556705582124147,1.0419189630151278,1
2.7026079966989323,1.4381843697940648,1
3.71976904420884,1.3767017999085085,1
4.78076306004898,1.2503053820867014,1
4.312625248724385,1.2114313529079255,1
3.180095055319098,1.3997569805214274,1
1.6547277843810229,1.5364626141995543,1
0.7617257110953242,0.8246617424248349,1
0.6756573333622276,0.23776011240416983,1
0.5158913175525646,0.24432408656161156,0
-0.786929869534905,0.17175550173551696,0
-3.097004412977632,0.4033255138439041,0
-3.3295301496497585,0.3155894060181591,0
-2.8732368057689333,0.6348137736300252,0
-3.566574776131539,0.7484578652498486,0
-3.4808837739436855,0.7404648867845047,0
-4.38313953261472,0.6972582304179478,0
-4.08927029497511,-0.3228714218734973,0
-4.79135103179547,0.5104672703084345,0
-4.880204746645284,0.6376814779737059,0
-4.619629070554003,0.7582892340310169,0
-4.087061127283267,0.7197656288386072,0
-3.7624689692167865,0.6833694810259835,0
-2.6005743524321376,0.4503361085568169,0
-2.5588451441968108,0.34546564641832467,0
-1.888114697683229,0.43764210701027484,0
-2.682863320384943,0.9498892686702152,0
-2.807175124723269,1.008262698338118,0
-3.2326905257411274,0.9281387442118294,0
-3.4788310577561097,0.8829355117793581,0
-3.153400139907526,0.971856418693895,0
-2.1373087801929094,0.7448841641452428,0
-1.229578503457526,0.49032968822272693,0
-0.6772619544412078,0.38085413250780165,0
-0.3291465290836755,0.2259553330487102,0
-1.0989378073171603,0.01834254859513239,0
-0.05662484508988299,-0.06022041559595396,0
1.09965767992544,-0.023483847300700116,1
-0.17978140503319254,-0.26322748385136446,0
0.1294294745398078,-0.3205102960133077,0
-1.303661769298412,-0.0919011039522005,0
-1.2765540361291103,-0.3683634374530218,0
-2.2766403338519274,-0.013689612668557763,0
-2.624369555260323,-0.05203420709700416,0
-3.2336661955183787,0.14629236069710486,0
-2.3257587088858496,-0.11538403105088206,0
-1.0126690920914037,-0.15122987480006933,0
-3.194767397608261,0.614107583609556,0
-3.343051238611724,0.8182310671996216,0
-2.9599316003559037,0.7333258022610377,0
-2.8884217608109197,0.8021647572314836,0
-2.755051915469936,0.8039816797125705,0
-2.7199780362388273,0.85158910488142,0
-2.9814106820784847,0.5844829274702971,0
-2.9924519034211543,0.8676372403790464,0
-0.4929092877539766,0.5121586926027543,0
-0.867357440537764,0.28095698646117745,0
0.42687283251647307,-0.10524039729531817,0
-0.8864578836456551,0.1472504858482946,0
-0.5076186590694147,-0.02115953934198132,0
-0.11542285069307932,-0.09840079004582589,0
0.38376046483433907,-0.13231304598850024,0
-0.5433587168860013,-0.11438353719812391,0
-1.5709145088086662,0.06241332256071035,0
-1.8971692884727995,0.04954857175751406,0
-2.4022454438887597,-0.4211227010239287,0
-2.566585593315812,0.02709079747161737,0
-1.5934068048808574,-0.0776741086734222,0
-0.19957588078114638,-0.40845010114003233,0
4.477150184699787,-0.7310594592550803,1
2.7212464516463952,-0.5547997873366922,1
-0.7109464707378673,0.18048014745152915,0
-0.26862634352640546,0.27052531502286054,0
-0.22124705198762193,0.21115212261627359,0
-0.9304429876340435,0.3263407282221662,0
-0.772702698200738,0.4230341647200497,0
-0.5536896907835507,0.49213838005960037,0
-0.3221275373817373,0.39123046895520047,0
0.28033743205213685,0.507314523277448,0
1.7858728344737644,0.4433677766365297,1
2.148543494041933,-0.09357126117411227,1
3.004315159857994,-0.2733805536576386,1
1.8088105102215015,-0.39561251687803767,1
0.7992738289432695,-0.31411564042690165,1
-0.37749980682973194,-0.022598358990825143,0
-0.9417056292397269,0.07340255667192216,0
-2.170280122777063,0.04848925207818301,0
-2.809982531767758,-0.01129145468785057,0
-2.9980367008924436,-0.12308927858921434,0
-3.008818575055165,-0.5151801164724937,0
-3.4080462171926986,-0.20825178712828468,0
-2.5932370554712922,-0.3933881298276852,0
-1.3403001731718545,-0.4935012785892216,0
1.0938517160182626,-0.5999138131853323,1
3.7152207625552625,-0.4957251192130017,1
3.2962467725378035,-0.7073295170105486,1
4.036641384166672,-0.9466234023973092,1
3.8504382080539363,-0.4303834794064891,1
3.7049025011861483,-0.024409710799276906,1
3.5203469035562067,-0.08272531305835154,1
2.8155914317982,-0.09084207115829099,1
0.8070809752987018,0.49175621108837,1
2.3718245551618273,0.5704638424539838,1
4.359746840143079,0.3908775423556932,1
6.504357675988474,-0.18201048912248513,1
7.076044389912146,-0.30942025558247815,1
4.230384435096837,-0.10022899404752586,1
1.1689580014101295,0.2323427982538607,1
0.12447769812084061,0.3303376146535425,0
-0.9799443699300805,0.4177089446774199,0
-1.5159552526718334,0.1887914446700204,0
-2.25936871489072,0.24754837842753996,0
-3.1913638732633993,0.47218453275053973,0
-2.858282439170042,-0.24549909342135556,0
-3.2939222350752138,0.28396868546807974,0
-3.507389595521347,0.5516043859671289,0
-2.541695036512717,0.291746507341167,0
0.5385489247559702,-0.0572841133553426,1
4.198757644944256,-0.3214138856045743,1
5.111574631744552,-0.46118110791260913,1
3.7675444344718243,-0.2898283358629389,1
3.490109760213545,-0.13590995970165376,1
3.1591193660618715,0.4584144553222821,1
2.275302549612385,0.5850062018356221,1
1.1155942092073552,0.6569846953342253,1
1.6522963228539493,0.6364719504560119,1
2.866145547462117,0.27196215518087635,1
3.3399680814282435,0.21237694800916967,1
5.5528294372919325,0.13409580177116745,1
6.124214332696971,-0.00410562304019733,1
4.063448586430361,-0.015709795454315566,1
1.2531954112321966,0.31641974892749947,1
1.0479697531518584,0.21473799571280486,1
-0.3899855938472887,0.5242351472692114,0
-1.611757107454352,0.5739533681061982,0
-1.4381117352129877,0.1204444996678917,0
-2.35340604231217,0.007389250895513556,0
-2.7835118280725846,0.1680562421643966,0
-2.296088642039801,-0.08352164821437838,0
-1.7257988936202273,0.051437360139645436,0
-0.4331228167976781,0.1937232361407297,0
3.4805780241243904,0.7090341568492838,1
5.312932135422855,1.0212522691037322,1
2.8948547791410357,0.6223286346304409,1
3.2429151175291717,0.7996806136989366,1
3.567344834604937,0.9493269972897338,1
0.6605014251983703,1.0885088419615632,1
0.8477732860243549,1.146623678969455,1
1.855014202836385,1.2691417748111722,1
2.5683003725053277,1.2996005772466976,1
4.231434628331321,1.1648895614749268,1
7.140088383971477,0.9357202561621255,1
6.590459794793421,0.8868385933402075,1
5.857724778456616,0.8964598615925723,1
3.865924999892873,0.8850907255506025,1
0.7487264930457747,1.4682154726049743,1
0.4492296280601041,1.3865207483796609,0
0.9805780390310508,1.2914621722202582,1
0.46131880699070205,1.2085592769953823,0
-0.008592526506406843,1.3379655582530732,0
-0.8078794280435188,1.2771194359241878,0
-1.3916093909409195,0.9562430801169094,0
-2.231905153126938,1.4468165001543012,0
-1.5979697307242184,1.2875957795572333,0
0.2964937073099475,1.1315657782973463,0
2.4818999052274573,1.152020254575605,1
4.419426498161426,1.454443816930329,1
3.6785816045430986,1.0548896396073484,1
4.178708746255954,0.9114496952927875,1
3.8342347402881494,1.035286929668337,1
4.06750136647984,1.1424533370829364,1
4.224288774477738,1.323941183037871,1
0.15813519750090985,0.01653227299333973,0
1.8043422420625885,1.5823059705866793,1
3.4573961776442483,1.4763495777897273,1
5.520904027513914,1.1820165282183002,1
5.077426319844745,2.237977229518609,1
5.838677501882608,2.293421027380265,1
3.2683938414637237,1.7405454382650025,1
1.9625110628069855,1.4464712328911613,1
1.3141916007410168,1.3263259569866266,1
0.8157141434538207,1.1961156858199726,1
0.7283919875416921,1.133868346752784,1
0.03334856429719983,1.0707948561952343,0
-0.34910031207315195,1.0672430670443653,0
-1.2056504862607271,1.0859847077493934,0
-1.2082692451659387,0.9874074411310019,0
-0.5919926129017218,1.035573139952082,0
-0.3836602873119104,1.0301845456407124,0
1.2762826797387352,1.2112334576078985,1
1.4596572088277016,1.305359685578151,1
1.3295266270279902,1.4481079389845353,1
0.9064750148744136,1.5382302082299422,1
1.3487099448917412,1.6927200591327123,1
1.2751045335016413,1.7839774582968233,1
1.0328628820133636,1.8394539707841817,1
0.010629859272866197,1.7625333765486417,0
0.39183567128258984,1.7606935780438977,0
0.7037311597733249,1.8498239846058604,1
1.2386912668445893,1.7971350516045626,1
1.5215433342614197,1.7503897287844707,1
3.3565843835646825,1.9250492921162425,1
2.7648067081019425,1.7348659333414607,1
1.1589059130497619,1.4942557611894727,1
1.042170777495847,1.300148044855928,1
0.7668405643704598,1.3236629806439104,1
-0.11954895722792702,1.1636104726766308,0
-0.7350112065270014,1.1031607747867018,0
-1.1779725086211368,1.1230580441136244,0
-1.4032575824866813,1.043930510766141,0
-1.572730195593761,1.0047878370408554,0
-1.7525716519099501,0.9986953837561581,0
-1.7487130315609354,0.9625448553859832,0
-0.8508178846348106,1.0205304516131697,0
-0.6367979813624184,1.079567666616317,0
0.03891600993952773,1.266971230320259,0
1.0091291069176938,1.5190859369919203,1
0.32494378149048053,1.599097014189639,0
0.8962453574027449,1.7729384319100834,1
0.25430511789106436,1.7916095636437785,0
-0.4750556909769324,1.799393102784914,0
-0.3325015297697294,1.791895552751113,0
-0.30270385975481856,1.7734357107774827,0
0.1585202210244082,1.808689833746642,0
1.1641129973315671,1.7100521591400515,1
3.4250139552746948,1.8645876563009498,1
3.658507991488747,1.7609472425416055,1
1.0652514257033818,1.3995380053386781,1
0.3396053815895026,1.352362974352269,0
0.21586731153606573,1.2166789838224779,0
-0.8994701531646304,0.9438188206686213,0
-1.0336900201845554,0.7834201719230899,0
-1.7946979553915647,0.7491639657606016,0
-2.0268823483553406,0.6150233801419858,0
-1.890374435350046,0.5220122532410727,0
-1.5328151270059316,0.5994536430722505,0
-1.0625839759689981,0.5476599449018252,0
0.47120591775996173,0.8510327678435704,0
2.437915003160414,1.1400752180473168,1
3.4433571290776293,1.3261964154125438,1
3.1392648762498734,1.5511694916492258,1
3.3216271026408197,1.704309644544939,1
3.3944791938156906,1.8865452539130498,1
2.439528437923818,1.893764778792022,1
1.4727053130299257,1.8101682696072812,1
1.7242712581702788,1.8941171678703772,1
3.16053139636009,2.1630026283350734,1
4.88109362147228,2.3786941690212138,1
6.7859332417237965,2.528803120480999,1
7.323972857044174,2.4760254509051793,1
3.4936867752861835,1.6910972799128428,1
0.9228618043475199,1.3081999376209796,1
0.535848168203239,1.1573715792634809,1
0.10111562381149673,1.0562750840797037,0
-0.7785438771597749,0.8968723511329411,0
-1.7247930772277866,0.7953690181405376,0
-2.2765067919162045,0.8748280763103713,0
-2.178766492651422,0.5374594065495325,0
-2.159924477598962,0.6241220236688191,0
-1.582563462171909,0.5590331692485176,0
-0.39906926805339066,0.6083146131704373,0
4.470337047872486,1.2710542677547663,1
3.6573314234299925,1.1913786751780506,1
3.0761096287785,1.2663922419382083,1
3.606118533739479,1.598076320263457,1
2.988006577333095,1.7031433851242126,1
5.036518233120212,2.2558949189931057,1
3.3769960636637744,2.0128663881442637,1
2.2930265131040293,1.923650178642734,1
1.760128599960944,1.9304589607848996,1
3.2246031333860494,2.212811180996543,1
5.116206513267058,2.403898820683251,1
6.669830748494649,2.4144704176902256,1
7.115821902123994,2.4446444033480805,1
4.351339283541893,1.953605154648333,1
3.455604653458053,1.6667736095247994,1
1.781701504286082,1.2782518791174475,1
0.6785184432176636,1.302580411059262,1
-0.5114267447030955,1.106109555320276,0
-0.9598566403018425,1.029216437093254,0
-1.1663104720715503,0.8267081636832614,0
-1.72949477111412,0.8252052216014754,0
-1.9521368037961817,0.8013104751632115,0
-1.597388702433999,0.614722847641926,0
-0.7499017856156895,0.6537711775861557,0
3.3233976193123516,1.097470835877561,1
4.745347029282354,1.3630475176307701,1
4.127838176007391,1.4011071791907186,1
2.2952994943178515,1.366165356105427,1
2.7401975694273415,1.7203329437431532,1
2.417144415026716,1.9279923123161007,1
2.7751545177165995,1.919301646516041,1
2.072506768711148,1.845691749002652,1
2.6303060905549165,2.0360879479453144,1
2.6076353259935345,2.1353496922281225,1
3.973950324777933,2.1971041222879326,1
4.446536142032385,1.9448587599974334,1
7.519408188872214,2.377991918140188,1
5.54653100578777,1.9235073352560044,1
2.667496613068605,1.491709596419437,1
1.2846362701931697,1.3473142452023223,1
1.4467646987820153,1.0825276677308862,1
0.4527515592175196,0.9926415702228099,0
-0.9576374649591307,1.0358002560197934,0
-1.3907336158624657,0.9755989004272286,0
-1.6192834838752186,0.9524928917396327,0
-1.6882810687500804,0.8641447016378694,0
-1.0752435074175914,0.9206898928267416,0
-0.18909649101349632,0.9873375190317933,0
2.8483885701652847,1.2772282850125636,1
5.947319121221135,1.980627712168174,1
3.4335616868452927,1.6150363904802725,1
2.8425569705583786,1.638858143917864,1
1.6669837881705232,1.57890945913347,1
1.9796211498775067,1.8521562895869617,1
2.0204822749498446,1.7693040812736027,1
2.050273992697168,1.867745914365058,1
1.4536344924827116,1.8057371521207721,1
2.0346586593090796,2.0022257973128217,1
5.088294267852309,1.9151307674672526,1
4.7649374210139435,1.4840937333982913,1
6.871994629666432,1.539632548802556,1
6.961431312364933,1.2239561845848046,1
2.626614041620403,1.3317662740656482,1
1.0103756830875308,1.497612605106977,1
0.7857532247679452,1.5316449277216235,1
-0.0708103613805584,1.398605175770079,0
-1.0704746141970882,1.4354299345924735,0
-2.194743553874109,1.5069162341312108,0
-1.7042395991833148,0.6921046779317475,0
-1.8674584916910912,1.2828736664594313,0
-1.3865839197054168,1.1989928343435492,0
0.34695524572751313,1.1404804625361806,0
5.397705842156187,0.992361882497128,1
4.144665456745693,1.0263099710689632,1
4.084773057866314,1.1050313771544977,1
5.6412475774532265,0.9680880545362461,1
3.863251685474242,1.3155108736585661,1
3.284245147842298,1.6956929836293193,1
3.33959630394674,1.8401167155739144,1
2.7209469121478547,1.8494552416454206,1
3.4707359558600697,1.8840522831685993,1
2.1606722537121765,1.9079463750589059,1
2.7626718681325975,2.0918485109560034,1
2.741249655319035,2.176524085621555,1
3.609117787351478,1.7635097977211949,1
3.0819263348528754,1.6810585178370538,1
1.216757705824958,1.9557437436004208,1
0.8326371597725382,1.9040751239287925,1
0.8232418205611435,1.8829376278329695,1
0.18542989239298982,1.6626676528531759,0
-0.20736293300693445,1.6579645613024188,0
-0.44659220606741745,1.5679899707913876,0
-0.701540103664497,1.1140048771379447,0
-1.2341946462329703,1.7332497401232965,0
-0.250237059669643,1.6529538732116436,0
-0.04134381579388551,1.5308617026621192,0
2.4611541230515774,1.5313605255938942,1
3.217359950111855,1.468553257544318,1
3.1766489142412606,1.5001621501967286,1
3.4848508601668327,1.6589572811803817,1
1.6202088652594453,2.1504863927656412,1
2.9795772146126827,2.228993577224659,1
2.5925637257568117,2.2586168148811514,1
0.9735881650988488,2.481702909842122,1
2.2904105283283114,2.425880608371453,1
2.034023835327349,2.3233482947174315,1
3.6765660285045647,2.1102556713279097,1
4.15104849218257,2.061032255374259,1
5.135787621138205,1.863310832539696,1
3.1272066096073656,1.7793240147858316,1
1.303402048140155,1.9344829404704262,1
0.34077314363922834,2.2191275417767797,0
2.598986078169899,1.8217734507995897,1
2.6768278975601922,1.5840492222081686,1
0.6697240374256394,1.9401498458382844,1
-0.696682594839824,2.2384362459156737,0
-1.2460965577223002,1.6141018017123874,0
-2.390295429319731,2.2498112196371505,0
-2.182298016718315,2.161723487117644,0
-0.730581716968421,1.7622253689229128,0
-0.3267693412822302,1.783454046185968,0
-0.8337931121615857,1.9517828482955475,0
-1.0929790845868104,2.2237379758718836,0
-1.0297723704537196,2.2267849521004086,0
0.4785856838415416,2.1807106770327587,0
0.7745939747760053,1.8439649153648041,1
-0.46981017425263727,1.7524222391056392,0
-1.2388694318348548,1.6154080385919438,0
-0.4639733524067281,1.379214762254851,0
-0.24720551852818168,1.391327818905838,0
-0.03675318982213049,1.6831561634723509,0
0.20770875771705136,1.5602023768237587,0
0.509348281940626,1.321389771783909,0
0.12963403923652675,1.6210949333239606,0
-0.5672376445686003,1.6970236167767168,0
-0.3496566241283237,1.673836829223552,0
-0.3193460047820704,1.6856110969307858,0
-1.0670850912474377,1.5857094931758438,0
-1.1049379690503238,1.5811954787984321,0
-3.4304861507762197,1.6596393101835338,0
-2.62662859706525,0.8495408950206513,0
-3.181105705727683,1.560093169420381,0
-2.1853501343429294,1.439621394054606,0
-0.6714083476144144,1.3501548692134688,0
2.3355828892139465,1.4918650640911413,1
3.2823500038743934,1.5393660004430105,1
4.368156317071968,1.0628192409007398,1
2.7007787611775003,0.8527029730086246,1
1.3710155345759671,1.0261543617177207,1
1.9032185030051163,1.250454515508161,1
2.415790888531253,1.327203993123476,1
2.5046795441531757,1.1563467639216725,1
1.6294125952902059,1.207288116975182,1
2.6271707314555592,1.393458094023769,1
4.29687174460094,1.2835491120546454,1
3.553680288306875,1.235168510758168,1
3.28830933949529,1.2631684829565153,1
2.278013543527124,1.1262150444606829,1
0.5148746166472548,1.3480881122588013,1
0.17655720455312965,1.2592313992878157,0
-0.8124414408854541,1.12252053886947,0
-1.9176353418380898,1.103109367306836,0
-2.023607450141809,1.1085040189742974,0
-3.1050151305672875,1.2034048444249366,0
-2.248360767839206,0.5872653381653147,0
-2.7012188835073982,1.2750644824983897,0
-2.320101638645591,0.9613034655708156,0
-1.2281958965334439,0.6167644309672425,0
1.3836328534965747,0.2688235219347247,1
1.3300944340627734,0.30372872528803907,1
-0.4591869187616317,0.4852400195658145,0
-0.2717734990382308,0.5312085226974811,0
-0.4953022674959861,0.6005164978080424,0
-0.2318310537448873,0.7630955222111537,0
0.4358524823572807,0.8020845880883426,0
-0.7109340115474702,0.5173408120099954,0
-0.5601720298965779,0.4771143022894235,0
-0.5734179366872829,0.4147571084519593,0
0.16503621736951463,0.4091120578371896,0
0.4642904271986478,0.35647620270818176,1
1.0141698869343168,0.46006930289126075,1
-1.0761862912511975,0.03978456768763472,0
-1.6761218444316335,0.032627202919336046,0
-1.7260470319539303,0.026133372817787413,0
-2.1010614587024796,-0.08796250256680574,0
-3.046753222149201,-0.20479424587673653,0
-3.443495823285083,-0.24754959784392913,0
-3.8543269379058303,-0.27287311666851083,0
-4.184538453718115,-0.29232829548130407,0
-4.180006006609386,-0.273155326873112,0
-3.924830785469351,-0.28100151481898655,0
-2.9303595649508436,-0.18978863057712195,0
-1.444465514557052,-0.1670977826199578,0
-1.363462997146818,-0.2034100439041536,0
-1.3966379065601702,-0.00581313511449974,0
-1.639356606339349,0.1293196284122328,0
-0.9800256888847558,0.145782916577335,0
-0.7975048274391014,0.24150758146081858,0
-0.894995415073926,0.2654819634758036,0
-0.854662048148357,0.19522948681628063,0
-1.2693466259788457,0.03951031383254569,0
-0.4594630924252348,0.07308489859417616,0
0.2725822375643625,0.11704558523230538,0
-0.0974820017995401,0.00901329628201794,0
0.159719324748801,0.043202616405938005,0
-0.6448435996141659,-0.03907581675970492,0
-1.557319927669813,-0.10117155915662665,0
-1.7369057792174551,-0.10391164105259462,0
-1.6930633162739035,-0.0711606759421716,0
-2.2008535359393466,-0.16320808089118724,0
-2.965132376023326,-0.21477313094289155,0
-3.640933466335416,-0.24606436044895622,0
-3.8618586878454355,-0.21382460760555924,0
-3.86573201520012,-0.22121879471865016,0
-3.4763837020550836,-0.22010780357978868,0
-2.360553537695159,-0.13206642480466838,0
-0.049795851485647594,0.08255884537369873,0
0.6527246741611612,0.17469176040231216,1
-0.15187608143796286,0.12629063129652096,0
-0.348281577650824,0.5128200073860502,0
-0.4030140136470751,0.6710738351264025,0
0.010174204901511103,0.7313664945948771,0
0.08034456049358954,0.8540325796701308,0
0.783923043048005,0.8412116969852241,1
0.7825276767707365,0.9239918468783235,1
0.5408157526220606,0.8924054599710902,1
1.1901714621763313,0.8863903651085406,1
1.6126404963687722,0.8937124938418461,1
2.9741194985655426,1.1674532457738411,1
2.4549894388713964,0.9342886400892041,1
-0.03532709542249762,0.5737973377423411,0
-0.9225980625536311,0.5897616133443824,0
-0.9585361509378173,0.4540104854082231,0
-0.615452374295643,0.3521782712096373,0
-1.6439038033963398,0.21739447268119047,0
-2.268671517637182,0.13166208756937176,0
-2.638690667122091,0.26293733598973495,0
-2.527923053359691,0.20687385704598127,0
-1.9682614195876273,0.2056383630977977,0
0.09981417080035436,0.36715643886692534,0
2.4767980840251846,0.6384692368236883,1
2.841345727647285,0.796518014984353,1
3.363739460476298,0.9690892634732919,1
2.040935367206473,1.305272675911266,1
1.159248384793233,1.4419946066178573,1
1.2777777517844866,1.3026975731198118,1
2.2596275172905043,1.3797587677336778,1
0.6233130014654319,1.132196449679532,1
1.7984450110077905,1.2039506243758011,1
2.9609671786085543,1.2158161883253595,1
3.3461078066136887,1.261350434238388,1
2.7681669073874677,1.1338316921860268,1
1.2390335943257205,0.9253810908386099,1
0.8894986419939279,0.8061050019521356,1
-1.0694084081769288,0.6539993807912582,0
-0.7000560273644224,0.265244556556588,0
-1.198539146279381,0.38760515829278575,0
-0.9089817719221096,0.1323128272072361,0
-1.462355727306594,0.13177527717608023,0
-2.3530510580941457,0.11394393599314928,0
-1.9956798373793168,0.12063312419455224,0
-2.052011007726821,0.17917650569214044,0
-1.577553447093915,0.13503789932563923,0
-0.9038136278800978,0.18787592984401555,0
-0.5874352109242561,0.24701695223992837,0
0.5693397993364887,0.4513075902220209,1
-0.01876198998168632,0.47354359285365205,0
-0.24569539844511257,0.7304065423070625,0
-0.8298858088052296,0.7277817738188792,0
-1.313014827844343,0.5117137145427675,0
-0.7715369539771892,0.6307584674407223,0
-2.1587410658766073,0.4332724692716183,0
-1.7071081261684817,0.5687534779887125,0
-0.6634200422018656,0.659384353339803,0
-0.47203386262509023,0.484923071813649,0
1.019989617457622,0.586791543080793,1
-0.07467969284808736,0.512908003796187,0
-0.3807596351426341,0.23330360437111883,0
-0.6380805495882079,0.29540820126240647,0
-1.3656143197633224,0.46042611026750396,0
-1.369097651227069,0.2538277919314413,0
-2.6866707737524163,0.26369465698637357,0
-2.6338053232110403,0.3211246547348393,0
-2.063873113125445,0.26550421126633605,0
-2.1150314310943443,0.32038429474935975,0
-2.843889707597854,0.24132327123408315,0
-3.198966857694067,0.06329911144809268,0
-2.925055912637019,-0.053882673376451896,0
-2.9821049376914743,0.09336061785337693,0
-1.9176863028971733,0.18114047140393877,0
-1.4213640049334024,0.30944928610029687,0
-1.0293215976140806,0.5583128511571618,0
-1.3043007395511415,0.7003685887109105,0
-1.1442816158142755,0.6606511369010278,0
-0.15891467273444518,0.8706428408566829,0
-0.03370888953049512,0.8753262444061097,0
-2.0406468724629376,0.5736250410250641,0
-1.7899263208747669,0.6569604178488203,0
0.2545111632146318,0.7869469402642922,0
0.12771840710656704,0.5632079697792337,0
0.571317545473238,0.40635186261796,1
-0.13959830430155587,0.2454018392772383,0
-0.5122457157197997,0.15826048169369902,0
-0.7623688532428234,0.1080481899008075,0
-0.41864677704014613,0.13941821400495427,0
-1.6500347780364493,-0.003821226409893771,0
-1.9681262003559887,-0.09380206705012753,0
-2.6718489889982844,-0.1392855802327387,0
-3.0661144968316867,-0.2610922254759184,0
-2.8682760000876293,-0.18068838762143655,0
-2.269737829245389,-0.21176050990447284,0
-0.31323755700078587,-0.19420071062642338,0
2.130135906866823,0.17449671896762825,1
3.2040737564994664,0.437706365443755,1
1.580462236506354,0.3754066833705802,1
1.0420633192425361,0.6422604370771988,1
1.8572939316062886,0.9206910574209553,1
1.5276781038883265,1.0344944397710016,1
2.5465763744292933,1.120046297790989,1
2.4741605319501585,0.9794599866390735,1
3.1455223927704163,1.1035026905063883,1
3.4622906855648905,1.1117711683083114,1
5.772267506467468,1.5029233754632128,1
6.086021226894282,1.5438018629005439,1
4.993899048138771,1.2514767688869757,1
4.638037828966083,1.1337014478350311,1
1.69282863705842,0.6684100015752562,1
0.036462337921798725,0.48531687998869627,0
-0.09296970501203738,0.34194470350862555,0
-0.7750474383336581,0.23221724303741065,0
-0.5113833420532296,0.13373511129995722,0
-0.9776556240378749,-0.01134556394417932,0
-1.345561244544523,-0.06753165893665199,0
-1.1198384154622731,0.05243953946657522,0
-0.6745772899354824,0.15652155330329562,0
0.5188664896914043,0.27805552041876225,0
2.8183601897752677,0.5596436170481623,1
5.591289381670783,1.076725129207871,1
4.567191871359893,0.8794261135504053,1
3.5298825817677253,0.8346476244972433,1
3.760191531998954,0.9470525192202721,1
4.024853058593492,1.1245607534244546,1
2.677398562710424,1.1834746338455975,1
1.2951742035449028,1.1829610410958467,1
1.8225175675128902,1.3691573060189395,1
2.1336106843266616,1.191915217444409,1
3.357028533727926,1.4069357194953418,1
3.7768863500664613,1.519378480919163,1
4.197458535964664,1.570639065764818,1
4.5297702135776,1.6419155781611245,1
4.017096334142337,1.4535221297559167,1
3.1266366223097233,1.227447224895312,1
2.0730150683733983,1.0949311723592465,1
1.092370051698173,0.9349099329103578,1
0.3315718501899375,0.9212780886732599,0
0.24946665064149212,0.9041375536113514,0
0.1321772654248155,0.8387291187271293,0
0.05300168377305142,0.8711673697587698,0
0.45803753320848106,0.8553425303413815,0
1.220574370333406,0.9631474520146386,1
3.9728534797783506,1.327564394678159,1
6.179923207967088,1.7499581711040402,1
4.341274362837447,1.603181592064097,1
3.8121005301301283,1.7727857051963654,1
4.624661693200046,1.7248909140751352,1
4.999999799752776,1.9502530908995612,1
4.938880093551505,2.0753205868177553,1
4.406370366957629,2.082972811387854,1
4.004975478154949,2.031663398003362,1
6.5062404166498675,1.2320516888573798,1
9.250183218077764,0.935736732301122,1
8.390815409941123,1.0348044265377607,1
7.186473197999238,1.4416340144097597,1
6.109058627925308,1.2295821790121044,1
4.4571925861166894,1.2438229737046693,1
3.2196557460165884,1.4020653769357119,1
3.7918518689226266,1.289603815387769,1
3.6732301318520855,1.2864146448374438,1
1.868092022602592,1.4029047941087665,1
0.12417861837227955,1.476163518607806,0
-0.6768616380419666,1.2702071139333198,0
-0.8844228420890166,1.7846001172279986,0
-1.2712226629402723,1.6527413902095642,0
-0.017620443904965376,1.5924386699268365,0
2.0261956659838627,1.5403982130503022,1
3.8474940017532977,1.4787903044127493,1
3.505282836856348,1.0739416885558155,1
2.171652727819857,1.5952973815265505,1
1.2731424376168634,1.8893487534215199,1
2.8253207341043476,1.636561466929688,1
1.920983825932523,1.9804277481382733,1
2.143255623323698,1.8648059581968837,1
2.827367030051417,1.8883202831930592,1
3.1242296105668426,1.922959583123991,1
3.652029645160869,2.1134518037152836,1
5.422158426595123,1.9728362580650753,1
6.762266235262832,1.9438381100145927,1
5.2458105122379655,1.8503224095706579,1
4.625029440437981,1.7665675423114735,1
4.558863133070559,1.6569154768184788,1
4.026710250637421,1.51977935169368,1
0.9246995089463402,1.5717336061722582,1
-0.6570444768990555,1.641049591248255,0
-1.2898403051876566,1.5453733978481319,0
-1.4270444436782246,1.0418117302115648,0
-1.7201850168679906,1.4666919107120844,0
-1.2404358774849027,1.2697930747030055,0
-1.0008629842542784,1.3610376480221484,0
2.679397085029405,1.24521425508652,1
4.823576934277718,1.2677313296070778,1
2.701090613303734,1.4374381169341504,1
2.59551944617794,1.5148910397252398,1
1.754541738463849,1.781701347536893,1
2.325804060710743,1.8157253041892725,1
4.1274661783731235,1.7845030329844016,1
4.012728737968615,1.9265701964201933,1
3.9218775532806176,1.8840531357947155,1
5.479916894729161,1.5871583266891574,1
6.044718425103787,1.4100571894827203,1
8.130376927458139,1.1581705717977582,1
6.75330153144326,1.3901447679240249,1
4.811682788727315,1.2535907977259813,1
1.9760002860797794,1.3000927522809624,1
0.6077937222357479,1.4824588233821443,1
0.7212575605627011,1.327375045708447,1
0.08144732458520718,1.2833385910153607,0
-1.2768586851178771,1.3582465311328102,0
-1.322844958080654,1.2960027949028046,0
-1.3154817879418295,0.7971689189018241,0
-2.049873703825838,1.4252669912432832,0
-1.8519724648043525,1.2284746086995033,0
-0.6215720165425828,1.0925520101621793,0
1.2195389273032082,0.878943273416102,1
2.0397973540483,0.781579554557684,1
2.97134166755776,0.8843480931673043,1
2.3897480802617643,1.0171864574526697,1
2.6239825864101,1.1997347305189658,1
3.392945151117969,1.4117513092908276,1
2.588451791666034,1.614823556008659,1
1.3542773990022356,1.6875701837410286,1
2.491882446152973,1.5384143173977352,1
2.465346608769814,1.5833576534546072,1
2.7750741345734817,1.3671674198803547,1
3.883925637282731,1.288089403485519,1
4.497481662214568,1.1853157283791729,1
3.2840475491469854,1.1462810902094018,1
1.5141699403195263,1.3941261664207845,1
2.0803289618024667,1.3305462955517318,1
1.7771023104602122,1.216764073028688,1
1.8005231327484976,1.027285549414522,1
0.4443845154990777,1.2927054779229736,0
0.320084557396042,1.238414784389752,0
-0.22191196844411704,0.9610349407837889,0
-0.9382368738542517,1.3296660577363903,0
-0.6038447462639726,1.3077255293946612,0
-0.7946315026668869,1.1076601100509784,0
-0.6146741926385771,1.1257679545607215,0
-1.7288918501178894,1.4763878017570315,0
-0.4946143218757209,1.2575010356266296,0
0.46777368339863173,1.2273383830028595,0
-0.20374476886641185,1.7088687786763137,0
-0.4841399163902962,1.7845764517268363,0
-1.2516165098030363,1.9665488663932795,0
-0.5907162726169715,1.7359367822217944,0
0.6020456741212912,1.6264836224545185,1
0.5984318433569733,1.7370967188744808,1
1.4281622740836846,1.5193584963521094,1
3.73321028248886,1.0721920130144054,1
5.165703508652022,0.8049021242114789,1
2.9690470698566562,1.0478794542778997,1
-0.013874835758682067,1.3692028689528233,0
-0.320391002433916,1.4059624509098871,0
0.3333370693304341,1.153064251706823,0
-0.043594327153641255,0.9109460193612113,0
-0.6931291564626639,0.8827137485885409,0
-1.843461339723606,0.9122133700773708,0
-1.5368758229492496,0.1723314721494546,0
-1.9778453727871346,0.8187140613110895,0
-1.1569185381130105,0.774498457350865,0
-0.475507571430252,0.5760275325051675,0
2.8199987208118773,0.290776098933566,1
4.236149733242842,0.28188145400971354,1
3.095169566243211,0.35870560443487,1
3.293815591160514,0.6429450912849098,1
3.0626777630731494,0.47196675928876825,1
3.565048818148378,0.5558916624187308,1
4.631239048029993,0.7414447880161379,1
4.409108289157129,0.8196889275106132,1
5.006063996142017,0.8538198679034429,1
6.1456860149010595,0.8954022267850236,1
9.015376438289838,0.9024484324758314,1
8.778426122988849,0.7610134204607332,1
8.023485844795289,0.7244711586947515,1
6.290934248767531,0.7244195260700338,1
3.2242477788250836,0.7857273238912027,1
3.135360819886139,0.7861864901004415,1
0.6987331184094979,0.9982918529125976,1
0.5286148342822737,0.7156779329766229,0
-0.7351267346498258,0.7204493823381789,0
-1.6929318286790693,0.7401965609421024,0
-1.243338660977887,0.16510722681378234,0
-2.1659979090872126,0.6570442176620813,0
-1.6081119952674336,0.6723267493175706,0
-0.609856676083178,0.6462118687572891,0
2.1926137539854027,0.5904900590526975,1
3.9454952119586784,0.4146247939373615,1
3.0014899902244307,0.40028550182526035,1
3.4552011319234492,0.2464805326214437,1
3.6129029149264906,0.2894420434517559,1
5.105282583147967,0.6611122743426031,1
4.471302966302336,0.7015068902115261,1
5.268894027357987,0.8530612354951592,1
6.401941427435746,0.7555604967450025,1
6.899436475402322,0.7468607690436695,1
9.292155711433647,0.7390546872945255,1
10.326892205146242,0.7822153703107995,1
7.1506646417388575,0.988818232121638,1
4.752465289077851,0.9375371698439053,1
0.7294285727588866,0.9974346646818526,1
0.03624921636990177,1.1150673485373608,0
0.008700345118966729,1.0564670086368426,0
-0.008941855011088818,0.9565371383516218,0
-1.244349097663633,1.0804574891530594,0
-1.709950855502915,1.1306779811251642,0
-1.4422187633737296,0.5998115604050912,0
-2.2535660935450412,1.0950513715845192,0
-1.4275942562259365,1.0159470908281136,0
0.5750185018786844,0.93123653305421,0
3.3784395561741576,0.7327630541159854,1
4.6765994155325314,0.6871745662778975,1
1.546105440083445,0.5225333756207832,1
2.652212443345558,0.33379470363127195,1
1.9950676628045523,0.6036808834664732,1
2.426774248081546,0.6210403130664031,1
3.6224714422782984,0.6917487282030624,1
3.135671764062109,0.5470726359099259,1
1.7202202160709104,0.8425412600860072,1
1.2380283316990353,1.0630050358132554,1
1.7313681520630777,1.090582158774803,1
3.058622521261293,0.8380060304230192,1
2.0307238788840936,1.0493578763446672,1
1.945257919777478,0.8025194611035432,1
-0.21306593493736065,0.9202236647006375,0
-0.9207789954242961,0.8875891064837219,0
-0.7042540109488313,0.8027790199332345,0
-2.2327049911891135,0.8339316547026898,0
-1.9792912940735763,0.7739961837837088,0
-2.250661519296431,0.6572515656416508,0
-1.7615847742573552,0.06040913447947277,0
-2.4613975093316585,0.6387150421627537,0
-1.7546371670383532,0.6381469153566453,0
-0.03983911153069958,0.4883097740902522,0
2.951969847443345,0.11579928187656222,1
4.248780555690257,0.04136062677209526,1
3.061354262142629,0.056703814531577135,1
3.43275418949804,0.13571914310363004,1
1.256542791413861,0.5014380240173475,1
1.2467007985362064,0.7913519946649398,1
1.5150179144440659,0.9848713371337,1
2.4487563803146815,0.8448069666901717,1
4.758388592636801,0.6733157079148109,1
5.182969897466779,0.5262137726697084,1
6.8027961442693385,0.5927300916468582,1
5.229627602757282,0.6685217725743614,1
1.4719055150241713,0.9278699183830577,1
1.2909440147830626,0.7206545984303125,1
-0.513346459002805,0.9939816181141864,0
-1.3970844236591,1.313361929246606,0
-1.112721046360184,1.2282300998812044,0
-2.0715712851164167,1.2058603058776252,0
-2.7588955233077863,1.2210507022840433,0
-2.9934682256475384,1.3368546746229917,0
-2.4675985607809037,0.7160065775821538,0
-2.5294633282899754,1.2188278360235536,0
-1.0313170382906989,1.0864907254348213,0
-0.2747018255625622,0.9410957151834147,0
2.0707814901531294,0.953088065753316,1
3.461433943735875,1.0454653236351266,1
2.2917676670485325,0.9995873673334857,1
-0.33246393588253026,1.693259138815006,0
1.8099367939499658,1.1504217077779142,1
4.509293253555266,1.2998452721723617,1
4.04175120593329,0.9569585972942048,1
5.07877275129559,0.6392598650822149,1
3.2556617134082235,0.7255134807419769,1
1.7545534524189148,1.069525929267447,1
2.8881019154565712,0.9456069139524527,1
3.5408005181333526,0.867394668540727,1
1.4922966298872289,0.49420057308365956,1
-0.4917899360862736,0.7851687078259971,0
-0.08641141620805654,0.4229135371214006,0
-0.32101400940689756,0.693729072389004,0
0.5444629672173172,0.5888095094925482,0
0.26514329726415764,0.4475277345070455,0
-0.7964614763660902,0.542215220322074,0
-0.9890530845528148,0.683124933000576,0
-1.0743908454758537,0.527252184824319,0
-1.4755557118896339,0.813056653141283,0
-1.4780548550796586,0.7217593816887182,0
-0.6626415647011741,0.6960810337019121,0
1.1664216288131968,0.5351965369825674,1
1.7569267648989717,0.4847848828670864,1
1.7658228678071164,0.4150722655613242,1
1.8190438123536483,0.46799245908929155,1
3.6584893525098634,0.49247698146760754,1
3.273611322090228,0.7436530918316961,1
2.7785004663089397,1.0926728533071948,1
2.8619863251338984,1.025337662670494,1
2.7093000208481874,1.1656327635376953,1
3.430365455191473,1.1193664763274458,1
3.3690431281316044,1.0421832196258647,1
4.0536120804973494,1.1441002337973303,1
4.6051194871089995,1.0372415111326145,1
2.937327710442201,0.9065994023637951,1
1.7508714909454766,0.9737542370066298,1
0.7671292067190235,1.0268573069724485,1
0.18927734813438787,1.1258806705210458,0
-0.4853429289239022,0.9306041100094954,0
-1.367658535806437,1.1525933218960767,0
-1.3832553516988066,1.3416609292272907,0
-1.593172166630792,0.9381672661879862,0
-2.859423211490027,1.3566085803833854,0
-3.2359522001398764,1.4948932105452615,0
-3.732477180633584,1.524994560885334,0
-3.5237728188444835,1.851294361113553,0
-1.7703225866392505,1.7815510389225657,0
-1.1475104210354503,1.347038411596896,0
0.613856155469647,1.6252702134405907,1
0.9942803595983769,1.6600952382395362,1
0.18609169970034525,1.7563319635543762,0
0.20679474469842393,1.6761189408026826,0
-0.32545676148749125,2.0214715401255114,0
0.7128279163012797,2.1458129247020756,1
0.6951971199123199,1.6637184473169837,1
1.0097764453335165,1.3927385730387078,1
5.271106447215399,1.5449035546209395,1
4.162209337346047,1.200748719211859,1
3.5370762822992807,1.2502651463371026,1
2.856603880855667,1.1248786206143326,1
1.7636140693873499,1.2687325329195887,1
1.4904429311469984,1.4014833475734767,1
2.696891100867369,1.212990921049736,1
3.5376748094450026,1.0798392696174361,1
2.6961657124513243,1.241188674327256,1
2.354397635281903,1.190169106008382,1
2.111413487595175,1.4443724758832222,1
1.7675629554250216,1.4003345846595818,1
0.327358029773241,1.52634323493508,0
-0.06394193458634848,1.5523254486791105,0
0.22589480826324262,1.4940807791636301,0
0.8254742765701629,1.491066885898461,1
1.8785367071626586,1.7456841718065428,1
2.3989763237080446,1.8099482948638046,1
2.1315476104322433,1.9686520960845748,1
1.6293659507067875,1.967671016383926,1
-0.09288276570781498,2.264377220009085,0
0.8927583067245117,2.22298394599513,1
2.5856514464101874,1.9686048681088066,1
3.1995274430114824,1.5061886212248572,1
3.8303648583483225,1.5963771719403856,1
2.675680775628795,1.402719467779017,1
2.3239131465722394,1.3925741973101087,1
2.316842828776532,1.3749409075139412,1
2.3559361640429217,1.3842418161181678,1
1.6755188572491524,1.4003559963798917,1
0.25606915301602445,1.299570660813098,0
-0.7270743957976947,1.2763736330263602,0
-1.7648108509371865,1.303575292978658,0
-1.9181899729276213,0.7122690034667222,0
-2.8160034061690657,1.3215516799168008,0
-2.659862790344586,1.3428672826068595,0
-2.6798826304649332,1.3814937284179627,0
-0.2890135481926118,0.8257446692520314,0
3.1007071124223695,0.5917050265503943,1
3.8656242255100994,0.9017461504520669,1
3.955330851310897,0.9088880237212866,1
6.546660780143844,0.5413699648289234,1
5.019477696149505,0.7933894011864224,1
5.944310253452041,1.2465661353724493,1
7.630123986071822,1.0135072623900576,1
6.566177419482252,1.1141561444975312,1
5.913089267343558,1.6765107602367086,1
7.402979192628249,1.4817634017006127,1
8.451681524968983,1.2670313921265461,1
8.138149110327879,1.5673486032161525,1
8.777558070059557,1.3705755668952937,1
5.228663568806638,1.1895433350814884,1
2.895110914432209,1.2529638360056232,1
1.580957642742332,1.2950766849375988,1
-1.2370934846046353,1.4651253654050649,0
0.7442310266564084,1.1514942069333498,1
0.07918678036253764,1.10281324799078,0
-1.5867746851379723,0.5893684803237283,0
-2.6078946651146624,1.1417152180149943,0
-2.759450483183077,1.1782616654415963,0
-1.9005982496789045,0.970537360842046,0
-0.5020214940091337,0.8853855815765355,0
1.3463116217915474,1.1031829381620695,1
3.5578524805785676,0.9077570757052192,1
3.288467111527247,1.2547046606614536,1
2.957615034034001,1.637806742709671,1
3.203121212160696,1.3643063652859937,1
1.4229254882663915,1.802525859735797,1
1.3268538238087193,1.934981201908479,1
1.5411039258739383,1.7738859537662393,1
2.103735045550339,1.6843047677221956,1
2.452312781890593,1.5267013355994397,1
3.2477239046448707,1.54767079314246,1
4.096017227367427,1.4318999216475619,1
2.7392592918707916,1.4891962729805408,1
1.319886738781932,1.4097308605176406,1
2.1027902104350367,1.3809278604245085,1
1.7349790864602004,1.2787094686587284,1
-0.18770705076844596,1.1861856288399468,0
-1.3267330469366272,1.3383391430522749,0
-1.5485716088267674,1.1120370600453195,0
-1.5230688787088036,0.5187664007533903,0
-2.6429254353699148,1.2032226033261908,0
-2.7662523756749904,0.9916442877821091,0
-1.8894741672855342,0.8385414198411306,0
-1.7336056980557588,0.9248882865409949,0
2.9673525248822696,0.6069537505772157,1
3.264978680786155,0.8054016052342332,1
4.805451851991711,0.4097026072939866,1
3.3639071578853015,0.8678242496168965,1
2.8023348275517845,1.0889795212539115,1
3.3733981451747863,1.188102564924446,1
4.283925581356255,1.2573962156054581,1
4.651907110778214,1.233689979371041,1
4.956813175475114,1.30851484543562,1
9.578571391718352,0.846042597891135,1
9.633303219789802,0.8850811145562121,1
6.193858196192556,1.365287176151412,1
4.6648027858495675,1.4490736098908124,1
3.620456707357806,1.2146631740232778,1
3.7430197620240513,0.9293317101837997,1
1.547148766046874,1.1437375325222998,1
-0.4177618751834335,1.1818580030977806,0
-0.3088179922974526,1.1331451243711004,0
-0.7784546748642946,0.928588457048118,0
-1.8538338145738815,0.5711511213281474,0
-2.779133619622453,1.0189582153051748,0
-3.026558427129935,1.055551361431717,0
-2.5549617137292255,0.8791685347145788,0
-1.5149130996817182,0.7517287118321825,0
1.3375426644664434,0.6885264885749147,1
6.326778593431926,0.39712829022535867,1
4.51981768628182,0.3528871631426379,1
4.657329227054369,0.22923155322888847,1
3.251864666248192,0.9332361985970944,1
3.5591544803490685,0.9840581271810535,1
4.387235849219596,1.01623565471605,1
4.7123079668308945,0.9781888895658677,1
5.541989901862765,0.967730561162222,1
9.161793979393314,0.5094427763172178,1
8.402218558851471,0.7711831618412648,1
3.608090775965117,1.1013459113892876,1
2.342475993372932,0.9818048453533604,1
1.962895047894179,0.8655939159025278,1
0.755435174147128,0.9486712205168172,1
-0.2669866642239604,0.9962308108935383,0
-1.0741473363943375,0.8964582887049637,0
-0.3004258854854977,0.5423946507726065,0
-0.3084938578970258,0.4981671127941224,0
-0.8413678317628416,0.2896260934077341,0
-2.0657704372732626,0.7117462618455046,0
-2.8098817834971843,0.9481845443183838,0
-2.3725328430820722,0.674785072761249,0
-1.1975662948114432,0.38294937135488927,0
1.4286270938393186,0.13923541441222292,1
1.8205914455161514,0.24166772342374207,1
0.3382138054689395,0.8192136774060991,0
1.4756470644898068,0.974640305846208,1
2.8397567533368875,0.639158222659038,1
3.5407472208312254,0.7387459209747642,1
3.868075816995784,0.7109310683877162,1
3.2360586962029565,0.6512250632072724,1
3.6191392648769924,0.7403117332328624,1
3.296160092581996,0.8425487339884417,1
2.5668334990436885,0.8896801604611246,1
1.815608721790537,0.9103379285585744,1
1.1825024897030643,0.8054632234158797,1
1.6123174089199217,0.736344454856032,1
-0.014149085149040026,0.8555410294330897,0
-0.22053417726467126,0.9721999884562654,0
-0.8487756814674104,0.640754792623949,0
-0.49651537815457464,0.5209899876142552,0
-1.1569364819956658,0.6329113351200626,0
-1.7217543920966747,0.28473682908912745,0
-2.6924305707358314,0.6644519688298967,0
-3.6871156389602797,0.5938354404673739,0
-4.276964819831391,0.6380301186724565,0
-4.343931871335959,0.5414703669128232,0
-4.012445884384438,0.2501053826638137,0
-3.794725981965363,0.20789682953734212,0
-3.751764789081672,0.31472151202841175,0
-3.3168366911314138,0.42581294993189384,0
-2.9209745843315784,0.44901965584077935,0
-3.164928207411691,0.6359213216387194,0
-3.167692815996628,0.7345280024437196,0
-3.1726078267437092,0.6807071908953114,0
-3.2347456671282653,0.3407838018389393,0
-2.843511436220531,0.2680871882340925,0
0.16791142202493212,0.09805532401760737,0
0.22790465609308788,-0.82775874594296,0
0.7080635643052688,-0.8152641687113723,1
0.3635111053714424,-0.6326627567076167,0
-0.8061362069237481,-0.5635562167709977,0
-3.035992930945181,-0.12687220674499955,0
-3.1209261844688454,-0.23790531538828286,0
-3.3405084489831416,-0.2937559221487726,0
-3.9212778074773977,-0.07970321982588417,0
-4.2842421140493725,-0.7725694902986577,0
-5.562010692756047,0.14662570003531658,0
-5.315959150911376,0.0538495306004625,0
-4.914574562059143,-0.00866141312820311,0
-3.389193168210115,-0.4995488994604605,0
-0.7211284711967291,-1.1323169013419583,0
-1.2115965763349248,-1.1154655535768025,0
-1.7272386690583004,-0.8782128785633034,0
-1.8921725455952145,-0.8001781077604933,0
-1.9154026847973198,-0.6201031757356915,0
-1.8532499988837932,-0.554494440613856,0
-0.63848706760796,-0.5168681933219991,0
-0.8449284242465003,-0.84788285961036,0
0.22057497046052058,-0.8577282075774819,0
1.8598816838832937,-1.171124204513193,1
5.1301678456462065,-1.4529750638778811,1
3.5758277319602283,-0.1842089969025602,1
2.497788226776991,-0.44025704915691993,1
0.7797631140548724,-0.8145135448423464,1
-0.5152957519263132,-0.9762005098716366,0
-0.7897256560793172,-1.0321236251142756,0
-2.038403304300149,-1.2525916467156248,0
-2.486559168065328,-1.2521237710499702,0
-2.8325958448477864,-1.4339883481409668,0
-3.31357064777356,-1.5092699307196382,0
-3.578368777977835,-1.5867149061633112,0
-3.3388678104393623,-1.5888999913387198,0
-2.7407703055543973,-1.672384218521689,0
-1.2964664612694927,-1.5250579389485903,0
2.0627450764115176,-1.0393757222240592,1
2.3360770061783827,-0.7713350793297126,1
1.735481683900505,-0.8379068057450553,1
2.336998557496693,-0.5696079664858889,1
-0.04391005738698481,-0.716389772680677,0
0.08743925776999048,-0.5205581810498697,0
0.801534442043254,-0.44346167931495006,1
0.39078392394782613,-0.47432111072051153,0
-1.095229326783248,-0.4713724534923467,0
-0.55638754516623,-0.5934896568575954,0
1.568805482000364,-0.5692773676226189,1
2.2009463130694757,-0.4614584092738533,1
1.6013759705651482,-0.5257819608689792,1
0.09604605944771505,-0.7738098565924155,0
-1.2078832641483912,-0.9599403274750781,0
-2.0894166055438435,-1.104914342890542,0
-3.060554829041315,-1.2197288995801667,0
-2.953153143455069,-1.14666318261725,0
-3.0870271711890163,-1.1003174198395782,0
-4.0498835869735785,-1.114300194870383,0
-5.128034034303514,-0.30779770818308744,0
-5.180305578901612,-0.23540831527311668,0
-4.452317670420323,-0.5242495832903438,0
-3.6042561270667886,-0.8132528552650956,0
-1.2952995365181237,-1.3040439886407038,0
-0.015287227306742349,-1.3573937953124857,0
-0.5639662094596573,-1.6786906658806875,0
-1.3589326879177204,-1.6048610823016105,0
-0.40597611901730635,-1.6073687289410308,0
-0.01919224595523297,-1.4967691071852731,0
0.6305058089916681,-1.2272925620081896,1
0.1363351021615005,-0.7832994635787774,0
0.6509188100949281,-0.9753457626202543,1
0.9551927598990172,-1.0713992101421108,1
0.9831677884266642,-1.1367450217223256,1
2.3565592869589307,-1.382390962506062,1
3.5024592076909404,-1.3946549648824598,1
2.4793981223060886,-1.6078374009725422,1
0.6424674784598174,-1.0374985308085418,1
1.9745892791331345,-1.4318842561982867,1
0.7744568850430162,-1.5033878959856732,1
-0.05549834452109666,-1.1760616817721925,0
-1.177703004433484,-0.8112044631707416,0
-1.4255973007110814,-1.0157133483411531,0
-1.7493591062294012,-0.7809962660648984,0
-1.8856457702580998,-0.7286224948900097,0
-1.240418088646527,-0.9286687049018927,0
-0.23729702754151905,-1.1817390105998207,0
3.0048422334078055,-1.906839957374791,1
6.724380885534535,-2.247927471618735,1
4.886072463663545,-2.1618195882120337,1
4.552037261371709,-2.19768605556246,1
2.1866021978456875,-1.774046589178872,1
1.9987694505579991,-1.3265060071891355,1
3.0445599251757653,-1.1167693007369286,1
2.3070315886432504,-1.3073712602263443,1
1.9837894926169368,-1.2162376116963924,1
1.055923999738129,-1.0109009903457584,1
2.6059306422605846,-1.2387798365977578,1
2.235373385037181,-0.8808909750044327,1
3.4139180167896073,-0.9038928159599615,1
3.0833811001919376,-1.3833622144143314,1
-1.273378038037359,-0.34439012236737365,0
-1.752662699888545,-0.02891473466003018,0
-2.0021100615992586,-0.16022352159470377,0
-1.4253452464975012,-0.3850334369896972,0
-3.088794591069392,0.09211017862453964,0
-3.4221151749755054,-0.34373297045901036,0
-3.743689446767865,0.42135679536493437,0
-3.545378815977383,0.33750202301996957,0
-3.449075962095431,0.32786311273186114,0
-2.9698462532789467,0.21570596289190128,0
-1.067126379089946,-0.2395171634634694,0
-0.14771039142361123,-0.46704326931289003,0
-0.8508624646171388,-0.13952338405736897,0
-0.5183504029432304,-0.09342976169031973,0
-0.5650873571103933,0.08659250705143774,0
-0.0346084959947448,0.22308895466963208,0
0.4709933461060029,0.17469857400235997,0
0.9385194104042386,0.17240791548381168,1
0.5904868185060898,-0.022916047247804813,1
1.3726734041532682,0.005643223859610038,1
2.626639989263211,-0.4492977889837734,1
3.6904440630125426,-0.47340531372374656,1
2.9290004519560746,-0.19748654538418664,1
1.8720672664784963,-0.6121887977531331,1
-0.7688882618557967,0.06729783752038572,0
-0.7244934116629649,0.1539322787415802,0
-1.5699610640701598,-0.027211801552291404,0
-1.6014776178888006,-0.05297467270749145,0
-2.840540875090272,0.34754494602751934,0
-2.5038909463320067,0.021075227920355502,0
-1.5316496624121372,0.228720342199333,0
-2.330176256061119,0.4358457932441831,0
-2.0680420576853105,0.2777901784827819,0
-2.2749872034263303,0.2507444229786372,0
0.5754572591511525,-0.4069813250797246,1
0.7508895236284335,-0.20239687671181034,1
2.512435310752337,-0.42144424153018445,1
3.3556002428208704,-0.38641075694234917,1
3.1328101963159916,-0.316563925475548,1
2.198167346556545,-0.028289520877510067,1
1.322191832887904,0.40324752123813457,1
0.31321395364927196,0.5851357712854987,0
0.9751069528107655,0.3202453526552169,1
0.45176101301017857,0.22077383931624958,0
-0.27953870013158777,0.3059034439884641,0
-0.32037342237232325,0.2102238688527598,0
0.23667800114053994,-0.11535579580857606,0
-1.3638949176151387,-0.0077842050859453366,0
-3.1549418602349952,0.22487569319720355,0
-3.165846086754978,0.16203224074069877,0
-3.9500794042558898,-0.14046353366446385,0
-4.015153404742205,-0.21555440696085693,0
-4.766818730360137,-0.23342814495421838,0
-4.515939102048819,-0.9478775605117912,0
-5.442768024298057,-0.15335714307411363,0
-5.780862863562803,-0.12436269239433016,0
-6.353293637717997,-0.0877182727062523,0
-6.322472917500058,-0.13244040208698116,0
-6.08244696287625,-0.2212143298281518,0
-5.6414599883642245,-0.3145107229342095,0
-5.379305408604303,-0.32749829211153597,0
-5.387021199700258,-0.30780126420866566,0
-4.711369226584812,-0.3098873288136342,0
-4.528675092497068,-0.394028853853636,0
-4.596284790620315,-0.4008488122006661,0
-5.5296132689282205,-0.3454527072916415,0
-5.07058452436311,-0.4939212836331051,0
-4.393900340467618,-0.5824378845242698,0
-3.0740158134157327,-0.7617506215238238,0
-3.634567373764342,-0.9660208370936022,0
-3.312582426900803,-0.9832587211214562,0
-3.697201895521052,-0.8373865798729064,0
-4.7921623252259575,-0.5370365340845945,0
-3.629684888905992,-0.5443220189521689,0
-4.5861210486299635,-0.6127430033112903,0
-4.908007846217288,-0.44759050965305563,0
-5.429879596556436,-0.2972099483875474,0
-4.89623804714212,-1.0247051298875656,0
-5.642391560074011,-0.14802688751774384,0
-5.628109176576232,-0.20796025745868418,0
-4.8735804146099975,-0.39490401457815877,0
-3.5039911269440065,-0.9394105333787903,0
-0.16290626753314483,-1.7427407044846341,0
-0.2648468625796109,-1.6128756871992054,0
-0.9974956972264729,-1.2281708082663798,0
-1.2397666531122358,-0.8686775191618632,0
-1.2159855983800099,-0.8674308692914043,0
-1.355638119866054,-0.7130500600820808,0
-1.549498708995487,-0.7064162157455678,0
-1.3769029622285323,-0.7893991353518255,0
-0.8809556116403457,-0.8662726300934189,0
0.3081150343535974,-1.3751777486048817,0
1.8514227715642186,-1.6893553968215334,1
1.6674761137901304,-1.3976244371939568,1
1.7898265695550903,-1.5479168094923323,1
-0.24600970258534996,-1.2943640981101658,0
-1.5300517155313191,-0.8985589688434348,0
-2.031947985449257,-0.7232748883772784,0
-2.6712892807187267,-0.7595271967285414,0
-3.2728685526780814,-0.5966594573951205,0
-3.5027251380387603,-0.5982995575564486,0
-3.954869624414849,-0.9634951550838698,0
-4.846286714503074,-0.18925320907019344,0
-4.777235971136907,-0.3030711906019854,0
-4.038000880941668,-0.5996648752958478,0
-2.2171452439665247,-1.2560541284225883,0
2.965456691203662,-2.481323091813141,1
5.278951936983362,-2.5088534893293453,1
2.935912387107257,-2.16459317152718,1
2.589494912718055,-1.7792228568504693,1
0.24861745135604962,-1.4289748893250311,0
-0.3802341161741106,-0.9573919156919045,0
0.5940789273475167,-1.0534589967447034,1
0.31594775797584884,-0.9124583035393491,0
0.6061373347035474,-0.9949791312164379,1
2.195707991165089,-1.4265676887635244,1
2.8229145736939643,-1.7056170980136833,1
1.6157064333914373,-1.2763900931315497,1
2.3090794966124877,-1.2860525230366677,1
1.7697753415587125,-1.4590449451002139,1
0.12799576411866836,-1.310581097331488,0
-0.4285969846598451,-1.280431077548615,0
-1.7014899217145032,-1.136539470154295,0
-1.4081683537689749,-1.5118692202855097,0
-2.785683617600046,-0.9985019207336941,0
-3.008937387917776,-1.3117316561363255,0
-3.784829254709202,-1.064982058434199,0
-3.4796590728496897,-1.0256399742206608,0
-3.119973156370159,-1.27152289890294,0
-2.1787332436616427,-1.3357502417648333,0
2.3408712996395966,-2.5062255306429084,1
3.0101717886966863,-2.273313343640907,1
2.420160600234639,-2.141326024420223,1
1.6383770842071141,-0.48704330229441944,1
2.8757154476070377,-2.180379854344032,1
3.9359764326605884,-2.068832527517223,1
3.9919174707126697,-1.7947972276156259,1
3.9108612166194465,-1.7008488082394129,1
4.093716894067579,-1.3994083309707381,1
8.247647980298819,-2.498120125816841,1
8.8520273680143,-1.0010251899293925,1
7.189478448073096,-2.7723453477742006,1
4.818480381335172,-2.1632582242460057,1
4.555920031742671,-2.585592318450034,1
1.2667518563291649,-1.813770499982187,1
0.1501937019724643,-1.3257194685036122,0
0.14665779189112188,-1.7944956217350898,0
-1.3502820755194829,-1.3302468444354214,0
-1.3261493022247817,-1.2321092740613901,0
-2.101739724921282,-1.235534942772223,0
-2.26466981004295,-1.1704958175034188,0
-2.311226897125728,-1.2964026678680483,0
-0.7704790976325837,-1.686249079748601,0
0.719224051141224,-2.0918010400840865,1
4.408594993254741,-2.8249590224053205,1
6.011753100809099,-2.941430550085785,1
5.633494553839466,-3.229690860192537,1
5.13217471689219,-2.9812942466392705,1
4.7257716627510336,-2.1017389066182175,1
2.692170567414555,-0.9314381427815239,1
2.4220037178465357,-0.3747806484109263,1
2.7657668949966396,-0.3692975277912727,1
3.5309916345357872,-0.7641845828922333,1
3.0740939835393037,-0.40546679409762576,1
3.96792223836177,-0.768749566114014,1
4.363380468020411,-0.8292970920031888,1
4.979098282494654,-0.7557789942359421,1
3.4935527532715276,-0.8072557838722316,1
1.8298674671829283,-0.4955012872732054,1
0.737597687242292,-0.13977714693313553,1
-0.2574392702859397,-0.30980806633949437,0
-1.2054544507693385,0.01983461199468535,0
-2.513903119734651,0.4633685382100031,0
-2.494144802798078,-0.06970654624606314,0
-3.090856818328911,0.5811110763280154,0
-3.4878935035765797,0.5281889543721655,0
-3.459952277109848,0.49845258066105114,0
-1.1737047909460596,-0.05353849180300734,0
4.04233888311757,-0.9914363325575324,1
4.220643984630669,-0.7406287860410554,1
3.2339707317648245,-0.9376112799465461,1
2.906089354946687,-1.2219463112504612,1
1.8028390137947214,-0.6754268015370304,1
2.610014605465525,-0.5242114234267763,1
3.1480222190236606,-0.3870755259418934,1
2.5700457943130566,-0.6589283090314291,1
3.6476306131606355,-0.7556635787810841,1
5.230360400965715,-0.7210491009583679,1
5.247376486152189,-0.5508106677863491,1
6.369701201120179,-0.7615437074423921,1
5.826082180556135,-1.1462508261820747,1
-0.749437517896946,-1.3278871390235647,0
-2.9798997741055624,-1.168140028813887,0
-2.848964615751767,-1.1094958294263098,0
-3.5072021369019404,-1.4203024209044086,0
-3.3097070460763542,-1.4842109351761426,0
-3.4326315820664495,-1.4144424011013819,0
-3.8383825187385505,-1.3349587552077649,0
-3.9154680334617167,-1.2013960507347754,0
-4.51721539056572,-1.0189379193274395,0
-3.5927985414354198,-1.2972566034752484,0
-1.4629527354041154,-1.8258030507765142,0
0.21811546397896092,-2.180534276790767,0
1.7411288321875937,-2.5204087721448327,1
2.342502732842507,-2.4927069691810897,1
0.17035583304400112,-1.9876045242770664,0
-1.2220291304637116,-1.4707741161311392,0
-0.8748233036877298,-1.1914163453280076,0
-0.6016746632020904,-1.2378158656593896,0
-0.7216926239726155,-1.1764042374845385,0
-0.38476996852795536,-1.362894018004981,0
2.714409825274841,-1.8913249146853426,1
4.185411815755384,-2.727649083034235,1
0.5395157358516025,-1.8400390681660261,1
-0.10114690796558688,-1.6391235831853197,0
-0.12351120427268479,-1.9317275886455554,0
-0.4017325567612368,-1.8724682549135352,0
-0.5520672686656065,-1.7714859564228371,0
1.5548315933020822,-2.8731205405161027,1
0.1409174693209483,-2.6299300402210317,0
-2.124280401931933,-1.7590166660628552,0
-2.1408559834230347,-1.7331308425195486,0
-2.151981118515198,-1.7070335964469108,0
-3.384271494500226,-1.3957680165911048,0
-3.293939164767583,-1.4389306123045402,0
-2.9379152963570667,-1.69517491119256,0
-2.149366138651216,-2.115970522200426,0
-1.7464953448459077,-2.058462644765801,0
-1.4478820211397885,-1.5810263802186206,0
-0.8869409155651844,-1.5597387399991722,0
0.637830858711732,-1.9146221222909936,1
1.0099576908429149,-1.9871931566632013,1
-0.2797091817669802,-1.6107637300797044,0
-2.2414603096564374,-0.7519026523559426,0
-0.5860905768350868,-1.080284812141207,0
1.5223248161755245,-1.8501069392038592,1
1.6812196751925153,-2.177252150794515,1
0.004559046953291065,-1.7388672013158348,0
-0.3542876860495928,-1.6756434406598075,0
0.3100214164360773,-2.1263202428982364,0
-0.2024733913920095,-1.9391332372543648,0
0.2784309667781356,-2.500437085372065,0
-1.6828197156836109,-1.7478528238314572,0
-0.4322156873243398,-2.2248678418284147,0
-1.703441218320909,-2.041009656701037,0
-2.3492747888004,-1.8730491945178045,0
-3.3564230668398394,-1.3650103173435835,0
-3.1394735079202127,-1.6717066887037957,0
-2.02159488161772,-1.8337763844605814,0
-0.64450537678598,-2.2078687450207717,0
2.8611567732465835,-3.1727550994051126,1
7.710453728570858,-2.8879204263475997,1
8.62876115860238,-2.554213888803256,1
4.546890118785401,-3.152270152131883,1
3.7704033222769504,-2.903313018282414,1
4.845619973118257,-3.0236479947542443,1
5.230546533839079,-3.007011404194953,1
4.842387688777212,-3.1268074998095554,1
5.253309662432375,-3.1825656893874013,1
5.802504617726886,-2.889012493903429,1
8.717974078767323,-3.1689571384350037,1
8.882560717102114,-3.319055751970215,1
8.147169860543842,-3.225317521926056,1
5.35673188703225,-2.7296993338323228,1
3.905846578402962,-2.271461764755787,1
2.625655965416155,-1.7005997928389558,1
1.3586120401357298,-1.6105215679860636,1
1.091064041163505,-1.5252614162362375,1
0.30881897665043645,-1.3747802637499966,0
-0.8198411205898356,-1.1752308218092904,0
-0.8123288976041111,-1.0965431543105737,0
-0.6903246059518616,-1.0440397555181147,0
-0.16208652624139622,-1.119051844965116,0
0.8742175321765048,-1.349319071771343,1
4.825895059044538,-1.6680489567913324,1
5.598370842550396,-1.8287751166265653,1
6.935968264286588,-2.1357084317747215,1
5.482514731659094,-2.0125694664860543,1
6.070114147932682,-1.8025616204615844,1
6.289414549712711,-1.664546238070445,1
7.985564628878118,-2.0708737516383944,1
5.973064512066607,-1.580240615965085,1
6.263607611129441,-1.36802991656489,1
8.354351729536061,-1.8712086958351348,1
10.769507124072032,-1.8126412225466295,1
10.881122881504792,-1.8443092690219547,1
10.21332755356133,-1.7431490227936768,1
7.231780082013909,-2.10956249496722,1
4.84007931539298,-1.7300283543393131,1
4.206204629195337,-1.5060525272333591,1
3.3431610696140517,-1.5361544605116366,1
1.7729562975029654,-1.316803390625407,1
0.6663044618776257,-1.0567639770366384,1
-0.14819975901049487,-0.6521168997681662,0
-1.0895984296383765,-0.6597266459994914,0
-2.18547469792115,-0.3706176931107657,0
-1.8881417518611652,-0.4972208075719596,0
-0.023257852762578368,-0.855270189362796,0
3.155815852436847,-1.2690766053126614,1
3.76283946747171,-1.2510888091815564,1
3.01176286174639,-1.1173525533696467,1
2.433318386799097,-0.749660801504494,1
0.8050045463803177,-0.8749662756898632,1
0.49732567483363355,-0.1899880424664362,1
2.1782624149671697,-0.4225615815204227,1
2.5710240327540026,-0.7414730653591147,1
3.460812894482732,-1.0424444903641414,1
4.553325019965374,-1.3098920374327685,1
6.016299536279842,-1.4676767452133297,1
6.57037673414103,-1.5909369924691137,1
7.428300021811681,-1.8274985532124743,1
4.622349952261643,-1.5339246161692788,1
3.667786260201783,-1.787306468383734,1
2.988809845180433,-1.8026032705752613,1
2.5111610042005394,-1.9581236001163067,1
2.300358403916028,-1.9202131401453586,1
0.3295442837744641,-1.6531371194746376,0
-0.8617302699666961,-1.4165092964684571,0
-0.3377838215305143,-1.7984232166496692,0
-0.20284495361238192,-1.9293355134679284,0
-0.3031645176003834,-1.9313668056963234,0
0.2562791966033833,-2.057911118252886,0
3.289842384116442,-2.384747761037155,1
3.6293403010456236,-2.085296931455755,1
3.7387922329171386,-2.131099688942563,1
1.538708003375678,-1.5730278215536737,1
0.6666403327530457,-0.8038482451844913,1
0.4777629613331198,-0.4008839123338185,1
1.001300552462425,-0.5892376597410501,1
1.3143857458371997,-0.6321226445040293,1
1.7977128603622083,-0.9188266991713281,1
3.970453402225337,-1.4176990204697562,1
3.888064851978471,-1.36030434809833,1
2.0113637226400383,-0.8969271692886118,1
1.7162904730026463,-0.9012831464116444,1
1.1934762425420309,-1.110888510407763,1
0.14842915023772574,-1.0758232065899855,0
-0.001925388789919412,-0.9457637814739897,0
0.11945534077046517,-1.2965673237905395,0
0.21147022516086172,-1.3749380682967014,0
-0.3733871726136253,-1.0947878108545972,0
-1.1719032072428552,-0.9722868852407238,0
-1.0152692414608924,-0.7809548822387966,0
-1.6905642648144887,-0.7210387901417845,0
-1.7420549273420034,-0.6915450175936528,0
-0.12809666902075711,-1.0002239941182236,0
4.259575641090369,-1.5362237105297851,1
5.139342707678435,-1.6145037789238696,1
5.84566405899225,-2.0891500676450288,1
3.7199514484736227,-1.795771999621518,1
4.213347379088367,-1.5481997158677465,1
5.132311648505352,-1.479351657928295,1
6.191660321274107,-1.5353707652751483,1
5.540802155327809,-1.5353686217416846,1
6.806347630267845,-1.683185946380297,1
8.314996463928296,-1.7678973490423153,1
10.365430936453437,-2.0375895711457677,1
6.578609424778366,-0.8979338237584698,1
7.92916557500449,-0.8314773910488644,1
7.608076382226672,-1.7649754764612886,1
4.7702526477854805,-1.4612168602294286,1
4.2929690996084675,-1.2702226450384955,1
2.9707087899576585,-1.2372430035063264,1
3.3110698109990193,-1.1879384039360055,1
2.290981238738354,-0.984809962213126,1
0.49955148384776726,-0.45969084763487056,0
0.39561862781619683,-0.6321026080240276,0
-0.25473190511458604,-0.35097498463837296,0
-0.1451089568244762,-0.4939269340172695,0
0.6634672643190737,-0.6384066916955852,1
0.928197910045324,-0.37262897420968477,1
2.739973876767143,-0.6371665997085366,1
3.253561362903276,-0.6870148364169598,1
2.9888122555115455,-0.6691109838644559,1
3.4297752077161823,-0.8696886151032762,1
4.268693035539986,-0.8082141897634733,1
4.461324429704263,-0.7643105237788969,1
4.4950532251737165,-0.8654671903673655,1
4.89074366414053,-0.9600653465370689,1
3.7860505204254977,-0.5242700355881673,1
4.973169730961712,-0.6815821947447264,1
4.218366816144968,-0.671560165283721,1
4.673687743175793,-0.7366354121069315,1
2.948369567151749,-0.8413661781656733,1
0.9331980371363403,-0.4172158953684454,1
0.8959114237189961,-0.5481237067430568,1
0.26198219715650656,-0.6739963244826509,0
-0.5807675744041381,-0.6265357943169453,0
-1.1506129971892654,-0.6725971055666303,0
-2.1915773433561156,-0.37867377166588806,0
-2.8057306972155733,-0.21419187314917043,0
-3.6320936649854563,-0.05797318117476335,0
-3.6617655176473733,-0.31967607507299495,0
-3.557381505309973,-0.34412694656446513,0
-2.7251226990760498,-0.7230267505670508,0
-2.555532475238449,-0.7892299724677604,0
-3.1766477216696716,-0.45197868465555363,0
-1.559972149577318,-0.3364415088894372,0
-0.5413389426872236,-0.7531976919275375,0
0.5520779456914082,-0.9025837890265832,1
0.1670332705861576,-0.7491273466652933,0
-0.5624523906212401,-0.3360764537680359,0
0.3319836799458244,-0.6083813970064388,0
0.7725582550208249,-1.2055274272092844,1
0.9461522978794461,-1.1473048247294388,1
1.7402830970527927,-1.205042985176307,1
2.798918926207445,-1.1989529179198055,1
2.0663787030167167,-1.2965248277088635,1
1.6428434505840819,-1.0896937314169712,1
1.5958402136644447,-1.1175737152866159,1
0.7458056909183015,-1.0960067144983456,1
-0.13391872266774532,-0.8712065438945058,0
-0.26591073808872756,-0.7489353094800961,0
-1.1916923188695292,-0.8939068471619,0
-1.8194546861267151,-0.6325684497318339,0
-1.6100575878259737,-0.6339731218973419,0
-1.1900689911182258,-0.7904871270264697,0
0.10046418368252102,-0.9103227796589104,0
3.568478588530661,-1.4123764928279292,1
5.737957112446495,-1.35061945394285,1
5.987406638464062,-1.4942499698912008,1
7.41068703640353,-2.006913457892983,1
5.3421301719465575,-1.4757097650499442,1
0.9974555064683363,-0.06911878535929804,1
1.2246061399012342,0.0169271121989586,1
0.8132162098094845,0.11290907387837941,1
1.0354625819939576,0.034064702922331554,1
0.049338474950715076,0.18124645011865723,0
0.6568953230694028,0.03387496788798051,1
-0.16488499219212396,0.3664025497998598,0
-0.2126054451767397,0.2586035438492714,0
-1.5643162421789567,0.3248340721419157,0
-2.5078323874130377,0.4154613849264248,0
-2.267749935810395,0.5124141533246902,0
-2.903578291561337,0.4325107555127231,0
-1.6571774068941185,0.17311466888365196,0
-2.5842153368216225,0.24900457917807906,0
-2.6098038074983525,-0.12767323166038075,0
-3.6306808717929417,0.5693837959532003,0
-3.7455192919689093,0.5082835065529323,0
-3.2846044964257914,-0.071495944862551,0
-1.9623646450424934,-0.28637099632281937,0
1.0229625220387328,-0.7620766811432059,1
2.2681643057990866,-0.3738779471175224,1
2.0809290076728,-0.5390178786259742,1
1.4834236145260677,-0.5813709803874761,1
-0.1926120095535053,-0.13099480110269218,0
-0.3351602641509502,-0.07669304282494342,0
-0.209878450548209,-0.12555988918141603,0
-0.08897147691449026,-0.19413551073460794,0
2.869871347878802,-0.5439685860264548,1
1.441296635887758,-0.8794931786255392,1
3.528825674836123,-1.1001422732294563,1
4.773564104273439,-1.258909316070214,1
5.3223692187606115,-1.1509785061130124,1
1.3666808359689293,-1.3118562265612772,1
-0.42898364012261914,-0.8559608926548058,0
-1.080188430382732,-0.8268297449821779,0
-1.2721906181855094,-0.7010382076791473,0
-3.5379414233932485,-0.4363388437475216,0
-3.7384233805177534,-0.331620554504316,0
-3.7981383804547963,-0.7273464378446697,0
-4.153482276909909,-0.40257946046655496,0
-4.322647730046475,-0.3766285324713406,0
-3.718510568018742,-0.4166324008974918,0
-2.0141129480467104,-0.7163679734065704,0
1.7201075819671325,-1.055330379045562,1
3.5308986722942146,-1.3382615684028483,1
2.8183641751865784,-1.509141103175654,1
0.8814443451624554,-1.1892262178036832,1
2.4001888352203022,-1.2383115320873619,1
2.693527612109174,-0.9705223132879277,1
4.906371908410244,-1.1220517290893308,1
3.7031181173659955,-1.0411929598351533,1
4.694421420737367,-1.2778805823928405,1
4.9489749841205075,-1.2776489719398068,1
5.466157020229862,-1.3339802704332566,1
0.24269680662992565,-0.42379261184454714,0
-0.5764600409992485,-0.2111534965947245,0
-1.5066661469461347,-0.3334183903574797,0
-1.4893653372242304,-0.28404108747265794,0
-1.1769039907386583,-0.32494175184845614,0
-1.6280808648232714,-0.30465475412202025,0
-2.723457531976872,-0.1877744219135849,0
-2.743523660813297,-0.02085414393744839,0
-3.2158512823876437,-0.21140925109514336,0
-3.9316193297819524,0.1407930302837454,0
-4.222034393456298,0.26999447639365937,0
-2.9347927568111905,0.07944097032270248,0
-0.40322342752409035,-0.17696441239578092,0
3.9394714557743202,-0.7647018829837314,1
5.188130541536019,-0.6952348435145274,1
3.508856900827368,-0.7803986980402472,1
2.9613943031950054,-0.6001357973065898,1
2.4211101781814293,-0.3850890685991485,1
2.9366285412240876,-0.32445595870443955,1
2.76839291530247,0.2200873866677959,1
3.6465480778675796,0.23745929261426432,1
3.972338523114244,0.07033549091470398,1
5.085947325603847,-0.2516623667904714,1
7.708132409540952,-0.46421022013971325,1
9.021190956754838,-0.6368571849660859,1
7.5965384794465844,-0.5315782743298866,1
6.610553176834904,-0.5541999225173536,1
4.467731873072691,-0.28481075508399933,1
4.128351589404109,-0.315220308186006,1
1.5310056350216659,-0.19645559072439145,1
0.4451573930885897,0.025201254387794136,0
0.12243700844922357,0.32693631942667606,0
-1.3147496714176417,0.23024342756480665,0
-1.8170647829977946,0.4614085745560707,0
-2.3613041299331035,0.5229131041464891,0
-1.6505941016641543,0.3865189375219736,0
-0.3794059923481322,0.20194264535427803,0
3.9164246257160062,-0.33260637324695647,1
5.794855389288977,-0.4999776760157662,1
4.882631969346702,-0.7258984196032782,1
2.283774076014858,-0.312489690360603,1
2.66072325254027,-0.06583140304880464,1
2.8264127170620728,0.04058874521151911,1
3.1971525495793838,0.33224154092307356,1
2.764186164637752,0.4293917799491782,1
4.714763565623067,0.2860878575839582,1
6.799277237280007,-0.0744682607732694,1
4.609629759735329,0.12437320628554915,1
4.412290546103008,0.07887683396529144,1
5.908189019677447,0.008915639204852277,1
4.186959509137866,-0.3648604872234437,1
1.8533880059157866,-0.1208077877870831,1
2.1544291570847087,-0.26118726331308767,1
1.5013153817744342,-0.43275967612373456,1
1.2893608434357897,-0.48170855660676004,1
0.5754241114464854,-0.35604165449713354,0
-0.5264021720103379,-0.23345227258965878,0
-1.142179291324532,-0.09175222932053378,0
-0.8862194751264003,-0.14927173268605126,0
-0.7459285987789438,-0.06849401524080184,0
-1.0029223117474282,-0.008037520397241982,0
1.468031713449315,-0.2681848577335212,1
0.46422529488907294,-0.35683612477050575,0
0.9261041231387133,-0.5095257368725767,1
-0.7972528682673051,-0.11022785307453015,0
0.9602692719461273,-0.45040329772769605,1
1.5924604373921096,-0.7054764275162748,1
0.1964961454307732,-0.3167243292836488,0
0.831546678213877,-0.5055298322685702,1
0.018375690893779845,-0.3445488688213506,0
0.46260526200022534,-0.4021302678648535,0
1.3741212703526016,-0.43515622655314234,1
-0.1288408581380451,-0.15334429607426553,0
1.1228616940670442,-0.1834996583200546,1
1.0513622474932067,-0.37344398092826725,1
0.015039578995640849,-0.07266099649994467,0
-0.6253283326980308,0.15557614711715972,0
-0.7085336202118643,-0.2991715448920684,0
-0.8998338078333159,-0.32015041940487593,0
-2.277866011935999,-0.21444702669225268,0
-2.4080712577327206,-0.3538019214039467,0
-2.6904846333694024,-0.09746695653164117,0
-3.1940713308421445,0.07057010712443512,0
-3.5918721764481405,0.1449553900936686,0
-3.553743631189953,0.09160951575055859,0
-3.1264283186635056,0.11524164024762129,0
-2.8570908325819557,0.1046201745236256,0
-2.4849692368890457,0.11648304570364149,0
-1.7696411955238478,0.11722055373104251,0
-1.1955463647439433,0.07992715393388816,0
-0.546279522008871,-0.179328295498419,0
-1.1283404507285204,-0.08678304689317384,0
-0.4466786210538205,0.03985476859938064,0
-1.7909207514443273,-0.1108389976073829,0
-2.286507218482169,-0.022289547079552222,0
-0.007042420981621712,-0.050211520210341705,0
-1.0931813234052776,-0.29174244112908715,0
-1.3543609628597495,-0.12079759598737515,0
-1.378772555063874,-0.12206640096270092,0
-2.304408801953944,0.11730743684322847,0
-2.1355282604859394,0.13698396528532636,0
-3.0361327633404533,0.1081926852138913,0
-2.596884148344984,0.14643820117459494,0
-2.4582148652438187,0.07945269674898559,0
-2.075237666944031,-0.25210637270831154,0
-3.1346272483088677,0.238113558044729,0
-2.6965476440294873,0.18250515451833926,0
-1.926214218660945,0.056503171650577604,0
-0.7928277193830069,-0.16384861949051432,0
2.323928250775844,-0.4524668658301895,1
4.779292236568304,-0.3287791678656132,1
3.4052590102153886,-0.6180363456946719,1
2.126483030376911,-0.17721623043176826,1
1.467501841225738,0.08448225530226633,1
3.486204291942443,0.06114020008723758,1
2.4889246031331713,0.2699682343093808,1
1.5680429239265123,0.621421914732191,1
2.035147772767277,0.4164557381173744,1
1.9993950601834465,0.3004350965552549,1
2.6061839173696644,0.17967872289914866,1
2.75924542504434,-0.05941091150036527,1
1.7905991038085385,0.028482170782892273,1
1.576619394387446,0.07355381293063712,1
-0.212558372285265,0.3707217622590773,0
-0.6235460261765321,0.18784924370070133,0
-1.5816617062795952,0.119226080371174,0
-1.368640317433405,-0.10292445021159141,0
-2.2068634921904082,-0.027407000933188097,0
-1.7768445487100264,-0.4054154585626759,0
-2.7691686399970763,-0.027970709710143538,0
-2.8683380315411857,0.04120004772405555,0
-2.5351871545333924,0.1582178652184298,0
-1.7271417926115433,-0.1365486847801674,0
1.032937606664995,-0.5501254480347078,1
2.0085593923499,-0.496595331514218,1
2.6468117802745894,-0.5219998379820935,1
3.708901005457008,-0.5995427606169996,1
3.454194891952618,-0.28175551251346875,1
2.4075796123490587,0.377173029752939,1
2.117817092289202,0.14425552013399778,1
1.4485250234600102,0.18701868314788672,1
1.5931910118929888,0.2049358448523946,1
1.5108529790071161,0.16455490062071826,1
1.683493170904903,-0.006706607586491277,1
1.5106377222193283,-0.04131459269019083,1
0.929924450839804,0.05512486176808295,1
1.139230329660611,-0.21698115596719175,1
1.2302998893036445,-0.17701407997818613,1
0.18682216871173427,0.023963152127689177,0
-0.7661953698706565,0.0990083141194778,0
-0.7532686111450135,0.1453707504703916,0
-1.9034473908634437,0.19867704414721915,0
-1.6676711694983621,-0.314756256964345,0
-1.0935328473936787,-0.14733428724265552,0
-2.3833879099824613,-0.08328524601524301,0
-2.228758646643802,-0.12145707660292215,0
-1.9107783100426756,-0.1043256394218709,0
-2.176395491478962,0.008773207086584965,0
-1.7901343470707562,0.044447135906680695,0
-0.2790829669962278,-0.15868711686497616,0
0.6302541273560598,-0.14518695267884563,1
0.45530950135867404,0.12471781803532846,0
1.3596699530368015,-0.011831927065231064,1
-0.209941136259551,0.26215420305016596,0
-1.312426504699969,0.3782221727394578,0
-0.768483704093974,0.04217485914225121,0
-0.23215029051243127,-0.18089130483704807,0
1.0781858110197033,-0.2624951580903993,1
0.6034897147789239,-0.07132547517769039,1
2.1487572726025843,-0.151711259235361,1
1.0686518202367747,-0.30419917089034604,1
0.5174782418053431,-0.07605438492720273,0
0.17663296276097723,-0.07786326002676458,0
-1.2094301878591593,0.006165199923119422,0
-2.447974385017463,0.26097317554789795,0
-3.1208405459081816,0.42984155950644587,0
-3.2154932625988595,0.0014982579155297642,0
-4.4158650605453635,0.7754922403571268,0
-4.4568030945153065,0.7683951041247282,0
-4.196918098313425,0.5836442295278309,0
-3.68345772145493,0.2769185912888882,0
-0.3323704199947507,-0.27454425875565747,0
-1.0122560267424494,-0.2295846090398323,0
-2.151429203868828,-0.20475334914373017,0
-1.4515936406111347,-0.2274976710789584,0
-1.2805382105295484,-0.1393643526647747,0
-1.2327683514453176,-0.09201183702751253,0
-0.8205461005665292,0.009944161029213248,0
-1.3583962989702159,-0.1038901756861727,0
-0.7619792063743869,-0.10793261435083984,0
-2.062722028245983,-0.14816826050144333,0
-0.773277891767891,-0.2928849722772392,0
0.8633113669547682,-0.5085643181112948,1
-0.24627112750789532,-0.3505733098524483,0
-2.2619204571539866,-0.29980880722534664,0
-4.276969598625038,-0.08023615391949063,0
-4.033526137742349,0.0033795443636576144,0
-4.409816702606307,-0.07739539761761671,0
-4.012097839840394,0.07757880170997816,0
-4.079069491631808,0.08051074788019696,0
-4.689151863046245,-0.5085089195980215,0
-6.16449868327208,0.08962735429948776,0
-6.682221229644493,0.048471875112834566,0
-6.002597775917182,-0.10339778044520243,0
-5.994539568290265,-0.33899349023137965,0
-3.5188347896129266,-0.8595953542666516,0
-2.159003995895736,-0.9722543757442278,0
-3.355158905176647,-0.7706463390498158,0
-1.436119790965586,-0.6240232050765607,0
-1.485068679516305,-0.5423181852904212,0
-0.9703739779937908,-0.4655393662592791,0
-0.6792626877532653,-0.450677027548749,0
-0.9069908005702986,-0.46186307171406255,0
-0.7450858510157881,-0.5910324452187535,0
0.3013230435662291,-1.0093737555493336,0
1.8700285309071236,-1.443897412210801,1
1.968530468319916,-1.3534641074924645,1
0.8559069425242607,-1.3693515891293546,1
-0.726095175161982,-1.4167718215400855,0
-2.1804738114852213,-0.9000227276250384,0
-2.6579030883911203,-0.7711120965154749,0
-2.4327094134206604,-1.115434796714263,0
-2.41570559877911,-1.1619929708711891,0
-2.5729382767209206,-0.8579053951389985,0
-2.466187411257412,-0.9422499514494782,0
-3.1694605742472226,-0.6575305024811817,0
-3.192477380924338,-0.6818764100460692,0
-2.020683566192916,-1.2788165213928033,0
-1.8345850188534463,-1.1589572679442832,0
-0.693940226055358,-1.4696822661904552,0
0.7619249647252373,-1.3289566132511392,1
0.9600920958311351,-1.302797253391644,1
1.1056463931050313,-0.9440091621420108,1
0.6844871953953806,-0.6877586359548007,1
-0.5272578956794205,-0.6500459554014353,0
-0.5023685311883249,-0.5101840384629348,0
-1.4895700501178688,-0.42505344661248756,0
-0.8839081741592956,-0.4776481262687201,0
0.2816225490974414,-0.8133479395694536,0
0.03973572863554832,-0.9070740478587704,0
-0.2945335628796905,-0.9886322145180364,0
0.4130293797943772,-1.0434486231284434,0
1.4008560029987318,-1.1687725953446984,1
0.3541042737895009,-0.9828410968000336,0
1.0285499720980444,-1.2605755141878596,1
0.7228443766822058,-1.6007987741639274,1
0.1609078660154122,-1.351224023628121,0
0.0077895439058504705,-1.5567361634961419,0
-1.4552265695344668,-1.2871092481157977,0
-0.3144304150001606,-1.4259890311660732,0
-1.6298471154799197,-1.3253866166195014,0
-1.4271698224065752,-1.312742077606825,0
-2.167610316167608,-1.4638330193625706,0
-1.0038443529016434,-1.764759949478186,0
-0.5320678750756433,-1.7970751228895803,0
0.24726043865524258,-1.4371370256900047,0
-0.09657430248256754,-0.9561335202863834,0
0.6653226194875881,-0.9016507513225707,1
1.8151213200578025,-1.100680235601949,1
1.745961144151813,-1.1291081809079608,1
2.0644410973041594,-1.0008705771426725,1
3.465334119504199,-1.143565752355434,1
4.5578286681522275,-1.3874381733721566,1
5.675146676085682,-1.9727808787429044,1
3.2005409038763983,-1.7082182758748248,1
1.5985587222992432,-1.2112718577403594,1
0.5415874532777039,-1.167384017943842,1
-0.4947117369316528,-1.029458665072138,0
-0.36687118030224847,-1.1962197206456895,0
-0.15706946532837843,-1.3429977589688542,0
-1.350571381837258,-1.2119130541645275,0
-1.5419241521239462,-1.1996137408985246,0
-2.7252603324064215,-1.3615606095995956,0
-3.344912858685828,-0.9714313883258269,0
-3.3140633847907424,-0.9481925520477678,0
-2.3051153502179083,-1.1737283137057244,0
-0.65913278954766,-1.5860162393566009,0
2.2447407795232297,-1.8670612403328637,1
1.8807278593269106,-1.5825560996314632,1
2.293618811316652,-1.720948086045605,1
4.542411045136564,-2.3272012260323387,1
3.172841551778091,-1.8025023758272571,1
4.278314741093727,-1.6029225903417668,1
4.576996601926827,-1.6344585208280111,1
5.780261354867893,-1.6095067783987471,1
5.824952630630444,-1.5142983602077127,1
7.012886391887173,-1.923738736715548,1
10.989031305781564,-2.6626304392029483,1
7.549126718649624,-2.0379864648191797,1
4.418706940418763,-1.7065197109928387,1
2.606056493469056,-1.346832737541999,1
1.1216510040882577,-1.0418566442567758,1
0.5381716857129746,-1.1057034294727728,1
-0.4123398690025552,-1.2210006712499315,0
0.18118067111553948,-1.2496064643944613,0
-0.33918703699557395,-1.3504466774338564,0
-1.8916582257841115,-1.1110691874547785,0
-2.4210844702105776,-0.9807587091062633,0
-2.544112405141923,-0.9130109028142268,0
-1.3165085928051696,-1.3230878948068863,0
0.18522460968328702,-1.7065135007402592,0
2.1327293374663783,-1.7490930453860085,1
4.294539507071112,-1.3312556460661864,1
6.170759282697885,-2.0545983781992714,1
4.975616153277267,-1.889380378213783,1
4.6449865623869435,-1.8751289329387602,1
5.10050172721754,-1.2207457543187847,1
4.273052375519698,-1.2168668753757121,1
3.5761491329568913,-0.8616947793641254,1
5.73068632717898,-0.9930165743897561,1
2.2847408309349437,-2.0102709157923258,1
2.4760198776677433,-2.164810325572449,1
1.8537053082175738,-1.462014555173836,1
1.2650604430421484,-0.7919928035534038,1
0.9947128916061146,-0.469082289166191,1
0.3143114410858345,0.28755884449762736,0
0.34902534121858353,0.28500480370879155,0
0.026975287649544672,-0.06622719187822679,0
-0.29787037211472184,0.3116501751697212,0
-0.40706738211055843,0.46017125032986755,0
-0.4244024808108358,0.4792965454129046,0
-0.8068178529972295,0.9496119778351153,0
-0.7388696794386324,0.9087966823394417,0
-0.4235319389822381,0.5935730643164806,0
-0.42607651586611067,0.6226715529102956,0
0.34246528807798804,-0.16387757622173094,0
0.8940725841567386,-0.7292557547068257,1
1.0133042208012735,-0.8455012559654089,1
1.100794940316441,-0.9166947265845062,1
1.1704235339213096,-0.9603901780008539,1
1.1218238178401048,-0.8741728832594737,1
1.2791643587492827,-1.0193728085884948,1
1.2871377329919356,-1.0020680195900675,1
1.4022398400949923,-1.0821458481391144,1
2.1970254357309758,-1.9188701426223609,1
1.9820059854214251,-1.6565047421287706,1
0.5743112475250901,-0.11771821195113652,1
0.22969510915491906,0.28365552898335683,0
0.15605572167966106,0.39512786413642625,0
0.18382000897799003,0.39721264579340837,0
0.06283962420848148,0.5576184458531731,0
-0.38503128092950983,0.3368453482492657,0
-0.39809380893990787,0.3777375364384686,0
-0.5188666955098541,0.5367487711900114,0
-0.4562285836389488,0.4811394091292811,0
-0.5870431215869806,0.6739843124950692,0
-0.667839620096221,0.7914900354021782,0
-0.5085907264914376,0.6502917553893617,0
-0.1010814042910634,0.2456596247065712,0
0.6066760419886128,-0.46891479215336695,1
0.9798727308657831,-0.8448655746784114,1
1.0126374094033839,-0.8679739938736523,1
1.579763047847931,-1.4703390728063574,1
1.231143140336758,-1.0672976906509513,1
0.9782631528616699,-0.7608196983049443,1
1.667661739032836,-1.4782124315260905,1
1.7808350589905153,-1.570568271936442,1
2.10312241228133,-1.8904307124052209,1
1.8740166725531486,-1.6091167351666718,1
2.1260392080508272,-1.852183590309084,1
2.1975761543513013,-1.8918773964092273,1
2.1990557810582025,-1.8561701824912253,1
2.1016625802858098,-1.711257465685597,1
1.761029776606869,-1.3198277325171177,1
1.4300644968064324,-0.9428898042562391,1
0.6874425930266215,-0.8485974809712641,1
0.6918476289771689,-0.8241378148232669,1
0.45431935456785816,-0.5366994245264486,0
-0.4880546864670617,0.48298227284565765,0
-0.03065308522837246,0.03751099319281092,0
-0.140908020671793,0.18472852834896603,0
0.021099652876617612,0.05022999896456692,0
0.390333441512329,-0.3075004092493631,0
0.794274425420598,-0.7049776627825838,1
1.1258347406405629,-1.0282664109974198,1
1.1287259858448584,-1.0188738873271712,1
1.398154781954168,-1.3032023641460895,1
1.03028471818692,-0.9222301367543048,1
0.5872720520858947,-0.3896109239133279,1
0.8258307927636301,-0.6179128982354473,1
0.6518252215125976,-0.4040258361273997,1
0.4626958698451215,-0.16421737073328524,0
0.5767196170508226,-0.25387510583142364,1
0.3795827271013426,-0.010731357995482747,0
0.36465271529488213,0.042711917967716444,0
2.4785867574241873,-0.3950230291799505,1
1.996552038677116,-0.5194209422060203,1
0.5208366613844871,-0.4452555525249227,0
-0.6487085682041324,-0.16263938152894752,0
-0.7976146067869403,-0.4155885768727102,0
-1.451882032485255,-0.16557259660627627,0
-1.3132554511929515,-0.2730318538791553,0
-1.4235989940488205,-0.3526339711901221,0
-1.694319775838134,-0.1772783006948832,0
-1.07753741122068,-0.3573826849483165,0
-1.508156295405227,-0.4505813232441712,0
-1.4042144474231049,-0.6048898438988437,0
0.4499107408370844,-1.1369779276228538,0
2.1294074747533047,-1.441016892272977,1
2.0440481789586262,-1.1998156061265177,1
-0.3530743282328471,-0.9583205666975616,0
-2.841340095003124,-0.4229406253550184,0
-3.3843241906253274,-0.3447451874095908,0
-4.207252776986334,-0.4211776949209952,0
-4.703055124876426,-0.36650703509061666,0
-3.9943538281688005,-0.4936379046815137,0
-3.5071168559673187,-0.6239457335263932,0
-2.585716767772037,-0.9441486779096788,0
-0.41650010858478653,-1.3994288236990582,0
2.2393073167620785,-1.7932774703728869,1
2.3821474778226572,-2.1872638434947134,1
-0.5955343989559277,-1.6982590165992788,0
0.31745919291762975,-1.6858092404471547,0
1.562935294836138,-2.1974724908331167,1
1.028925951955145,-2.254943234183175,1
-1.7490958776230994,-1.5916300417167686,0
-2.4843118069841026,-1.4830217649197148,0
-3.32502695419805,-1.2990041998810509,0
-3.0919138645153583,-1.468561376607263,0
-3.5722162312688384,-1.119952009605522,0
-3.022826777252785,-1.6411485329013287,0
-2.476572074239108,-1.8951865732923912,0
-2.7339807550340782,-1.7046007284509552,0
-1.6519703015838139,-1.523918087264831,0
-0.07010772824162996,-1.8180931346317064,0
-0.08972405898752552,-1.8510059556319542,0
0.9342032276177028,-1.8929790637820805,1
1.061524252724151,-1.759490358410972,1
1.5434175583998304,-1.8679367311050155,1
1.0816752550000055,-1.9680504799202962,1
1.509014273078205,-1.9657614769311156,1
2.7239252299557184,-2.1855122143154975,1
2.1138123138902705,-2.1061230548077874,1
2.629293563198173,-2.1168711711342865,1
1.7994195761120604,-1.832421014949996,1
0.8670204572375712,-1.516621287938797,1
0.5183444458153419,-1.4600877805903154,0
0.3466284110091507,-1.6000858447876432,0
-0.4505976120859072,-1.2799883971645252,0
-2.5145469059151737,-0.5604642124620339,0
-2.6839161253595347,-0.909824065041546,0
-3.6215971415865353,-0.4346055143115189,0
-4.375473507722803,-0.3213533004848515,0
-4.461318573101634,-0.3981032329160314,0
-2.8944280052341167,-0.6085636953443475,0
-1.3185835193657989,-1.2288603861284246,0
-0.6218709360205086,-1.2508976589794074,0
-1.415801613279462,-1.1435907582217046,0
-1.992081717624661,-1.0322030960551463,0
-1.893762580397937,-0.9339216909401161,0
-1.8733609350711031,-0.9838459416009159,0
-2.306988864647589,-0.7647912264880096,0
-2.5198945707469216,-0.7992060591219662,0
-2.0719199547240845,-0.897944565295358,0
-1.391102834736312,-1.2758183896969655,0
0.3889648029977108,-1.525945436526447,0
0.21436446051451677,-1.6061098555918896,0
0.21756445603621688,-1.6318893333800115,0
-0.6908164710147249,-1.7645970603700312,0
-2.741505437856839,-1.4198249988333835,0
-2.5316259168066013,-1.2707598590666231,0
-3.141245752967711,-1.3862804686375463,0
-2.559660506443346,-1.720600914383625,0
-5.193961956095615,-1.0397178416856276,0
-4.953087825820954,-1.6041310683609473,0
-5.551915441311255,-0.9160180782086418,0
-5.208211753907833,-0.9698117631208805,0
-3.383485664428723,-1.6136351653781964,0
-2.9352649829056565,-1.8330759708863393,0
1.094075161623517,-2.3843980688199937,1
3.434967357344568,-2.4653026511181353,1
-0.1331270038512021,-2.0374309061719185,0
-1.5793539946718103,-1.5386603371293206,0
-1.3254167144713958,-1.641060337650008,0
-0.5053190950346241,-1.5366384763469532,0
-1.2011718825525495,-1.5052140418769413,0
-0.9435669969810538,-1.629349914149191,0
-0.6763017827890938,-1.5147134293741107,0
-0.013163894495023547,-1.6502467983150604,0
1.6308750196486892,-1.8268821926105034,1
1.4959175254111785,-1.9831378275275502,1
2.3780094215248666,-2.063695398346291,1
1.7220489906356666,-2.407616564324302,1
0.4337810878647785,-2.2295251292062366,1
-0.9943674160154146,-1.872925523325084,0
-1.5015402106045725,-1.8479213902367604,0
-1.0262983853681447,-2.0504644887136685,0
-2.1605891459851514,-1.8060976742955301,0
-2.9824337921714945,-1.6710533831030123,0
-4.251259000330124,-1.2538856810456809,0
-3.987843065769769,-1.2412970410822575,0
-3.7188562244442434,-1.321317556222827,0
-1.8902216749252179,-1.9386021779107756,0
0.04387375259936669,-2.3263452869841568,0
1.325546662763729,-2.6091571957277124,1
-0.003492394352589309,-2.0957488863554463,0
-0.7907265997510627,-1.551126043258748,0
-0.7841166230082284,-1.2864283636089064,0
-0.7624458511115265,-1.3033511083171996,0
-0.8563052970181881,-1.4680943659559955,0
-1.6047670028662018,-1.3643740116294887,0
-0.44388067812884885,-1.6248911081069164,0
0.22321895122657268,-1.6770440471189814,0
-0.03141229078251046,-1.9207411706962818,0
1.3123318488701277,-2.2790143122581332,1
1.7241463722114334,-2.2182086661144695,1
0.8862397379338424,-2.293430497824258,1
1.1753888379688264,-2.4616583012019486,1
-1.0280537299831103,-1.9709533573961362,0
-1.6188774176100316,-1.9250184103855128,0
-1.801119972805477,-1.825504356877527,0
-1.5004064355458526,-2.1842063495490596,0
-2.2513345773212228,-1.9583572533565965,0
-2.7218518134752387,-1.7917722000952963,0
-3.6151361558956276,-1.4468775146779742,0
-3.0617853380446305,-1.5823212111689031,0
-1.586885654628249,-2.148800007500271,0
1.3424002917434739,-2.793883584382127,1
1.5836842646999016,-2.6605044952732793,1
1.1956673530287418,-2.482158138283374,1
2.360314411527399,-2.517831911370078,1
2.574561031770551,-2.561385277223756,1
2.9274049694645683,-2.5900967580391745,1
3.778403872140376,-2.6658299815231685,1
1.7272295288874235,-1.8944493499582142,1
2.983400673065363,-1.8462169684256513,1
5.925148174637319,-2.3765202036972397,1
7.291583043468442,-3.0623740264676993,1
7.957758872325935,-3.0742730913244056,1
8.219918763240038,-3.4197146607123527,1
6.221219162256753,-3.2558162266413864,1
4.582728548527271,-2.829369153958826,1
3.827773075529915,-2.7899996725382605,1
3.3847009910437325,-2.8864688872018025,1
2.6058801521442723,-2.7230193631223285,1
1.776172896050337,-2.455130679782108,1
0.816820104312405,-1.744419568674413,1
0.6127577440846206,-2.1517785335793627,1
0.45330267813747593,-1.971103920821541,0
0.4677097859674952,-2.153928059948576,0
0.8279862665103158,-2.096506343012146,1
2.3704326988756517,-2.2165771930601075,1
4.052585134340143,-2.406112273147574,1
3.9438544104804474,-2.5089537838096336,1
3.812435234235476,-2.366302156794752,1
3.6044069690447587,-2.190529203341762,1
5.246520790844834,-2.16529677029844,1
5.198476520855982,-2.3420902439185163,1
3.762217539323992,-2.0994950902752465,1
4.793855541970438,-1.8854661791215306,1
4.735660715815262,-1.9692126998939625,1
4.596348349638946,-1.7723773906663807,1
0.919926376182185,-0.6006158966860028,1
0.9676686402859809,-0.6234220542237877,1
0.7236057494413751,-0.3341339720975948,1
0.6118983266010173,-0.17715447978388732,1
0.6404721722478246,-0.18892432590489272,1
3.2140230827216802,-1.9259069945469636,1
2.82478597342288,-1.8486870727000058,1
2.492680767976143,-1.7207405178527193,1
1.3231256190507679,-1.0006126077372426,1
1.405962364099079,-1.3986918913908943,1
0.53906636789407,-1.1932162795093224,0
0.46853536641857907,-1.0576958577534947,0
0.7369197983542556,-1.1328079221130714,1
0.779214800120832,-1.2410186616803587,1
0.9889588134127886,-1.2708375130559224,1
1.8910104196783601,-1.4102306124862618,1
1.78127614184501,-1.3356440011294815,1
2.610881356146826,-1.3878304374597752,1
4.1897051826253495,-1.720185171012525,1
2.850730115693049,-1.5490295727366525,1
1.5665252049881755,-1.1221304144402795,1
2.6433410510253026,-1.250111045983441,1
3.520069849258758,-1.5188291443832405,1
4.245498750333606,-1.5797083614471064,1
4.209120764134419,-1.499356597404193,1
5.210142454650784,-1.6300501212760377,1
2.891173669304895,-1.1590008895006725,1
3.0908590834655767,-0.9821965504669401,1
2.503433704750883,-0.9141387848157652,1
0.13839335336303288,-0.7138718031837932,0
-0.7361277239081951,-0.5103242737497228,0
-1.7950884037015133,-0.46301401775664947,0
-3.011918151011457,-0.48552285671070644,0
-3.7671676463150887,0.01881442549899825,0
-4.104894009534424,0.11859158844263618,0
-4.276803666204791,0.13485377450750224,0
-3.7506449502232635,-0.08421147360254255,0
-2.8107443388668893,-0.3435905807626643,0
-1.9901580252147963,-0.6677501248077773,0
-1.5842289292354086,-0.6512792522756206,0
-1.6714222890034396,-0.48846254919776716,0
-0.45120778564704456,-0.6457749158591151,0
-0.4438890614232816,-0.4601415904603356,0
-2.244157045633543,0.12824977592357256,0
-2.751629207697116,0.5140409901308088,0
-0.6316452431647898,-0.013129091958151649,0
0.2503337071556025,-0.46305187549514876,0
0.877216236527522,-0.5333233914853479,1
2.6133643542040943,-0.9053126918506194,1
2.5248883922204706,-1.0220966203073456,1
0.5182180766133695,-0.6777706111475184,0
-1.3474114031417652,-0.26747170065772313,0
-0.6840597259767839,-0.38733304167493415,0
0.0287543083015463,-0.8393003588894011,0
-1.53765573911315,-0.5936437197868131,0
-2.403600641065506,-0.37045316661009225,0
-2.972563310629302,-0.5999918451577569,0
-3.55263862668676,-0.035535790184093086,0
-4.131988912093385,0.0360456653834516,0
-3.4074816618109813,-0.11622698529578457,0
-2.1176168058097486,-0.4073255691350948,0
0.598238111854416,-0.8603372360742193,1
0.7827443593374946,-0.7413223382289257,1
0.2788534548417025,-0.5577909485231495,0
-0.43589092226420256,-0.4425645873153851,0
-0.5637723065953345,-0.3670163415386492,0
-0.8233332573240887,-0.22224926029452674,0
-1.171564416090426,0.03656949382648505,0
0.2779952018538992,-0.4513196732465105,0
1.2841174129061386,-0.5774502847869573,1
-0.048148235266160355,-0.34946148222492784,0
0.0028858306381411144,-0.19094689332445913,0
0.12817429713891484,-0.3611460122893824,0
0.18213832057984033,-0.41953117245002297,0
0.3059457716234596,-0.6377894330159638,0
-0.1835472438044752,-0.5833665065018722,0
-1.535886457064111,-0.4318201880190548,0
-1.8304240131350786,-0.5677060533884928,0
-2.1544848828920995,-0.6955308976381627,0
-2.239388895723926,-0.7912827079032965,0
-2.0628590385984484,-0.8897564848661126,0
-2.2859112926258236,-0.858642114295529,0
-3.492925543401097,-0.7916150307136303,0
-2.7097012595200933,-0.7979168706957565,0
-0.7115694505341007,-0.7304951461562539,0
1.679423532768479,-0.5454033094311407,1
3.179713159956742,-0.28913996365479855,1
1.5229375702374013,-0.42586764380274544,1
-0.1112090913658284,-0.4126736890345991,0
0.17876991492782762,-0.3384334404799684,0
1.1809116223920588,-0.12140191986929666,1
1.2327155467889113,-0.04703173348508078,1
0.3477147724186572,-0.16853795348373496,0
1.5587767526368965,-0.10801262112710824,1
1.4400797694011012,-0.19623094776086253,1
1.0091512124082318,-0.31371734175900035,1
0.7234341284889276,-0.3477942832073483,1
0.7881187205916195,-0.36478887590703524,1
1.4377707292902764,-0.35950506020853057,1
-0.22338686184671605,-0.6406358383031563,0
-1.3100350900646047,-0.8285297042082711,0
-2.1534960891890886,-0.9222028993703839,0
-2.1675451327666186,-0.9128744017757346,0
-2.2591072539240247,-0.8887343634562361,0
-2.446749339034564,-0.9054484553765738,0
-3.276178377297392,-0.9159092504205124,0
-3.008782725007528,-0.8992381674987089,0
-2.7185237322002065,-0.9045365153767471,0
-2.640011508713436,-0.8133507382420357,0
-1.8997607162309973,-0.7943095308619816,0
-2.2228349061629524,-0.9383703175406128,0
-2.1344756744168696,-0.8673458636672493,0
-2.0283211790214044,-0.7673298632521737,0
-1.7483657502042964,-0.713554475425715,0
-1.318478637507059,-0.639961469313014,0
-1.746632325523053,-0.7341111804558453,0
-1.962076278701442,-0.6859554841122419,0
-1.7674990720728507,-0.717949393505896,0
-1.5384198475898563,-0.7701680349318238,0
-0.34550434775651684,-0.6715546897881639,0
-0.32164294916303754,-0.6969772951317279,0
-0.7293869461691411,-0.739057998763607,0
-1.4708602041170387,-0.823957583310275,0
-2.0103014207838426,-0.8786559158481173,0
-2.3162646739504846,-0.9469163715760169,0
-3.244159417298646,-1.0735365758640822,0
-2.958285932813141,-1.0527150226863624,0
-3.449260099540534,-1.123207407076966,0
-3.6229471957163444,-1.1515684342615495,0
-3.8326994090501034,-1.2220865041833575,0
-3.746800869165278,-1.2259247264414401,0
-4.001250386968261,-1.2565861142284627,0
-3.555872530514829,-1.212656279657024,0
-1.4558808427083196,-1.1301188348303843,0
-1.491074431493922,-1.110574388885037,0
-2.0189164799277473,-0.9831585797353269,0
-2.35109752633341,-0.8915525503740837,0
-2.215110456231679,-0.8143820273898191,0
-2.2683268147753255,-0.8432700548684103,0
-2.3235796864781126,-0.9339610807821069,0
-2.5768528648014777,-0.8895884007516036,0
-1.7916068150664597,-0.8540531088206674,0
-2.0550887927404538,-1.054002276875567,0
-0.7876345933750304,-0.9903988326751397,0
-1.6240335075501278,-1.1153396621229237,0
-0.11028106018177007,-0.9313923911325156,0
-1.2947150223685755,-1.0939570018655376,0
-2.1432994617166186,-1.2191632630578766,0
-1.7402974544518608,-1.2120024654954296,0
-1.6298341673926997,-1.3092763454755476,0
-2.089365471949523,-1.3645675804901876,0
-2.8155084446072074,-1.3945634038276205,0
-3.8032634019119764,-1.3436568528905735,0
-4.601647374789618,-1.3829644974889357,0
-4.605217353474145,-1.408674358407848,0
-4.168138505104307,-1.301539091243755,0
-3.591808790142953,-1.2515953227019363,0
-3.2753026194834916,-1.1945580475194955,0
-2.4500860699693496,-1.1215365166447249,0
-1.4388457867936895,-1.0366270933550876,0
-2.026665285765992,-0.9919910529133859,0
-2.5154110027698566,-0.9230094221628388,0
-1.755062711259685,-0.8444132313328182,0
-1.7892478736992472,-0.8758153916690078,0
-2.363540420546914,-0.8503907382126706,0
-1.743681901645879,-0.7675164759008734,0
-1.1005663705944009,-0.9076490897820427,0
-1.5018254858388014,-1.094707239466462,0
-1.6752807202038817,-1.1854838430015031,0
-1.556157504087723,-1.1716497032993316,0
-1.4345056159320744,-1.248880738064407,0
-0.8813045344952193,-1.276079873784891,0
-1.2284833734816272,-1.4156114098862176,0
-1.7531902735335347,-2.2725858315674374,0
0.0282961970544077,-2.5709209467898635,0
-0.3969247526542958,-2.7333436241801032,0
-0.7601606931993418,-2.4889602608072856,0
-1.2683207958082194,-2.7576977305636565,0
-1.8406702040353675,-2.5051821369321843,0
-1.813578139991735,-2.4818479782712175,0
-2.051718012359818,-2.511751443925295,0
-2.57175337159283,-2.556907833857201,0
-2.6421577762283226,-2.328762911486899,0
-1.8421380617846341,-2.3349591333359387,0
-1.4046730963662675,-2.2764166699101738,0
-0.5400547982261977,-2.186414178893832,0
0.13874809084458525,-2.476156852379926,0
0.16692488637768313,-2.3372612821808953,0
-0.2265007843266218,-2.0736056973911468,0
-0.23321852804963947,-2.003510161342451,0
1.5985835926322467,-2.575071568433441,1
3.613835963783545,-3.3236711888011574,1
2.0471416751821585,-3.0967360509279875,1
0.6139254453325648,-2.7192990874275114,1
0.40537407393807795,-2.623633174721826,0
-0.16373034560199237,-2.5973508780325565,0
-0.7409460970331139,-2.4262788190939384,0
-1.367151512188903,-2.5737711552863796,0
-1.8344623803458295,-2.5037959798845386,0
-2.2299467258108825,-2.377149365783262,0
-1.8728407464471253,-2.5963756636546056,0
-2.5031564792178864,-2.370985035267493,0
-2.878207262262848,-2.271503612673168,0
-2.8835662707987857,-2.4423888368531115,0
-2.801612359602601,-2.346415263444628,0
-2.391614569608886,-2.516947670919062,0
-1.9494034739990576,-2.5681722001840104,0
-1.4273083048761315,-2.5407247647659683,0
-0.1600141171155589,-2.66533534427776,0
-0.1489717873743195,-2.621335967999675,0
0.9831269315478375,-2.6756476463142973,1
0.08186145508134254,-2.2313920350458276,0
-0.5112692833234929,-1.7899541695085333,0
1.5523404023963532,-2.209544799277155,1
1.0700749834104306,-2.536883066742752,1
1.2111675350790487,-2.7353499150432135,1
1.831933562663909,-2.7767812143943096,1
2.717730448200385,-2.9756778789741154,1
0.5044257786510159,-1.0823935956719661,1
0.6361041535674534,-1.1981547846646325,1
0.5818202482989748,-1.107389692781665,1
0.06818498127899189,-1.0669362977579568,0
0.19986335619542933,-1.1826974867506233,0
-0.0048456411871580654,-0.9307312205441989,0
-0.48156888046247126,-0.3818907220152414,0
-0.22848841951720808,-0.623654037153662,0
-0.5745570452843166,-0.21251833906161607,0
-0.3292561899717235,-0.44406457052133136,0
-0.039373117308507094,-0.7312440175161597,0
0.6237203738214594,-1.4232906850213864,1
0.6099944823128307,-1.3947675339977188,1
0.06176143604700725,-0.7607640582930635,0
-0.08803445660822226,-0.5665537753638178,0
-0.10593074655787227,-0.5184156847208143,0
-0.2003985380866188,-0.384750515685191,0
-0.17894093457425084,-0.37393424096195604,0
0.050759840573459156,-0.6015990381544619,0
0.22365959274797703,-0.7672331308408932,0
0.62652221675889,-1.1742902909232054,1
0.9141023747771476,-1.454405886072694,1
1.199794614549571,-1.730246759993287,1
1.0642925095125348,-1.5563796191172208,1
0.7600677556021945,-1.1993005206436054,1
0.27133320890387536,-0.645457098451908,0
0.25134150250882886,-0.5916497212717869,0
-0.5167350690641601,-0.469313226958679,0
-0.6105599315444477,-0.33155538730262074,0
-0.6412770872655821,-0.2645597452188899,0
-0.5133949832905842,-0.38004785829886484,0
-0.8493402198805204,0.0303596373593369,0
-0.81989551253592,0.029564263095644926,0
-0.5306553689211626,-0.2617078545196182,0
-0.24268064895355165,-0.552888946830651,0
0.5630378942080823,-1.4041960715257296,1
0.5314703112389263,-1.3398985347542118,1
0.47295470418011154,-1.2543476028872096,1
0.837728858376153,-1.6241739723539834,1
0.7956433242804716,-1.548082735987078,1
0.42810336541141547,-1.1188468746329132,1
0.3054629950454072,-0.947284552107374,0
0.5875460276261818,-1.2325232819685974,1
0.41542837462098336,-1.0229109410894457,1
0.7951596799334489,-1.4007114154438645,1
0.7017498138522864,-1.2657427064042497,1
0.7154073772822129,-1.25298571454741,1
0.9910170967770074,-1.511545652943958,1
0.7362287566063138,-1.2090693059141557,1
0.48417876192947595,-0.9081695748010359,1
0.19910199202635237,-0.5704031542893,0
-0.367847650045734,-0.6639616110476926,0
-0.7231345030871,-1.8971968378659674,0
-0.06186278093569396,-1.8893133292220134,0
0.10221061251219124,-1.9257942844719398,0
0.08922422025398477,-2.1281430940403183,0
-0.13499711449664217,-2.132575859973532,0
0.2535971162325288,-2.1803157605831864,0
1.4285553370470336,-2.4124020748045414,1
3.2406436214141854,-2.703194165920149,1
4.744955878517863,-2.81972033003429,1
4.463871348156202,-2.9511353857210247,1
5.612272065520596,-3.1412168564669773,1
6.509071536030816,-3.2133027010764126,1
6.022508536671016,-2.67566846976705,1
2.1484279445327013,-1.5710225848166854,1
1.9763935568324942,-1.3019649578613766,1
2.046333486973914,-1.4025856877291092,1
2.218915143685969,-1.5713316489042228,1
2.0452706146060615,-1.4335326943243862,1
2.38153793292564,-1.446336039623428,1
2.35294422209388,-1.3829648062070934,1
1.6366329243145945,-1.4505384493259879,1
0.9693592171195127,-1.4975428966178346,1
-0.35954362821351865,-1.303791091437856,0
-1.2395268609842394,-1.3427002096437917,0
-1.1471447507639534,-1.3973463575479335,0
-1.2546404922278052,-1.2983335651993848,0
-1.989426874386506,-1.2678722838988772,0
-2.79641229726789,-0.89842242659403,0
-2.316801876045403,-1.0526604250449143,0
-2.9648970655061784,-0.9569924550337323,0
-2.669651526561429,-0.8877523711063575,0
-1.5691481988989813,-1.4020373533890629,0
-0.6056125480726869,-1.4877906844229807,0
-0.6749871285802003,-1.2090038526268658,0
-0.5786081040404658,-0.9982170603146155,0
-0.4747537738585028,-1.090660329683337,0
0.3758937618137321,-1.1147679531486807,0
-0.4730079725933982,-0.9723499740857735,0
-0.5123116985423288,-0.7780955280918717,0
0.15785119003127288,-0.8903747609748047,0
0.23795989007247928,-1.1203563654235256,0
0.8942361082803426,-1.4929350101548347,1
2.158771228936178,-1.8047283521613262,1
1.8976661664089096,-1.743251742163383,1
0.9161236677609771,-1.7571456374263819,1
0.2504005538995797,-1.4707766516320147,0
-0.24856979062233248,-1.5181362744634168,0
-1.687251569584977,-1.5477015370645428,0
-2.0470891417230206,-1.4743187824998478,0
-2.248237039739026,-1.642534819574404,0
-2.374200061480154,-1.9011953614824948,0
-2.708711458541535,-1.7321330421789347,0
-3.577939286040022,-1.471888477885838,0
-3.226206660656365,-1.6476826515147507,0
-2.617432336019456,-1.7045242470872166,0
-0.6767190917379033,-2.0877918675484666,0
1.4466775887890433,-2.2135710069234285,1
0.2749333397741647,-2.2701146091870754,0
0.6056712792401621,-1.8141161741963907,1
1.117603654257426,-2.101426596737494,1
1.3894515560457665,-2.061489637236504,1
1.9870350820803648,-2.098959618302242,1
2.6327435653603537,-2.13457298501269,1
3.359435834252897,-2.208438744201376,1
3.1803666601689304,-2.294332647477294,1
4.336247192294613,-2.6921422297732054,1
4.28529828327508,-2.830412791958136,1
3.7070927026357894,-2.7880812697022375,1
3.227692315422665,-2.9966640860243605,1
2.481386183864037,-2.8774606316826055,1
1.429645109156062,-2.668048667202697,1
1.3123474238130344,-2.87291029671462,1
-0.8491986747394998,-2.418480098359886,0
-1.8970584407554036,-1.971262113552087,0
-1.9517785040142706,-2.0631900893675232,0
-2.2976725532776943,-1.8126192834202455,0
-2.164733622892934,-1.9403209961660226,0
-1.9745929175500712,-1.9270416951370974,0
-1.7211860532593104,-1.8530408821603686,0
0.42923689040441054,-2.3151672564003625,0
2.0083145952876946,-2.566792247625202,1
1.072639942660113,-2.2587465162846714,1
0.7879970329208107,-1.9837216036420453,1
1.1561682981300077,-1.7787080389066534,1
1.8416680550055873,-1.755958325339396,1
2.655191567609963,-2.0847950204757923,1
2.4028768496831976,-2.1932189397179416,1
4.07356105992189,-2.287637693698193,1
4.0401152326888825,-2.442336651140896,1
3.698700018159142,-2.4293429074022073,1
3.84281942403051,-2.3610665160118782,1
5.246843309082963,-2.51583133788153,1
2.640223103725925,-1.9516367587981367,1
1.0389780887097186,-1.6274658406806812,1
-0.39986690868275987,-1.1540680176925309,0
-0.8299130594698811,-1.2853876746975126,0
-1.0257069331993547,-1.3468613965201761,0
-1.048388368885316,-1.2669466529865756,0
-2.079910654600434,-1.117437494510274,0
-3.107127957080584,-0.5500972477992658,0
-3.4056085525156274,-0.4476164146027827,0
-3.3488793545463924,-0.583773209571759,0
-3.453666976840024,-0.5015755611722935,0
-2.9800041748155706,-0.6896369384313089,0
-3.027526884877981,-0.5986111036531238,0
-2.1251518259394655,-0.7098123787311201,0
-0.5196554095646552,-1.1819552000387423,0
0.3539330588975462,-1.1857577492883846,0
0.3293455857846744,-0.9485833049321268,0
1.244766075386085,-0.8536317087897997,1
2.544736129455092,-0.8040965575150072,1
0.390703992659136,-1.1018819095176935,0
0.7212316230481814,-1.3551575107677563,1
2.01379736052998,-1.2996621327509992,1
1.0789459468220899,-1.6113247683887804,1
1.5129608048314975,-1.4833955343577758,1
1.1336963641709128,-1.540612141889128,1
-0.20391363100210508,-1.2363631921609075,0
0.2802043734500555,-1.1878309223506203,0
-0.026269327684243365,-1.4410477039057141,0
-0.20009595208831385,-1.2042092365796662,0
-1.5151078298830565,-0.9874738268249168,0
-2.04210145856168,-1.2325932254549365,0
-2.966174539831819,-0.6830848594542631,0
-2.8233043286985957,-0.6625834976269606,0
-2.1977163153034414,-0.7114725079137423,0
-0.17250186456571678,-1.2732162400908908,0
3.816654913609234,-1.5605008580999766,1
4.018759476948457,-1.5349588485651686,1
2.9961849086530528,-1.681130999851701,1
3.2715187756007946,-1.8931186216017732,1
2.4556309910316023,-1.4698917994293548,1
3.8273525472343475,-1.4871194543521458,1
3.6165108170174145,-1.4800968137233341,1
3.5789607944960404,-1.3842601251685778,1
3.1961900446304674,-1.3868703277041865,1
2.9224632440718215,-1.2461092321230345,1
2.8081312763042234,-1.1634420261086593,1
2.6615823476036065,-1.1126643546466595,1
2.9842741636794443,-1.2644045797812853,1
2.6390381873877264,-1.4730644236297132,1
1.9113850125808527,-1.4021974315794428,1
0.44782120410118625,-1.2695315003939995,1
-0.012732765187954258,-1.4586900900648927,0
-0.9288770130289103,-1.2560086663441783,0
-1.6034052260251221,-1.1248787598516723,0
-2.159339161168764,-1.2696052020577038,0
-2.255908176062326,-0.9820733508411584,0
-2.2589645349206813,-0.9856493420136231,0
-1.8911425806323023,-1.0160312459158942,0
-0.8170785666562356,-1.3955739563649587,0
3.261707044719586,-1.7367777959944646,1
4.712242475937193,-1.7096715714282897,1
2.6100894452550873,-1.8600003476759346,1
2.837797802411393,-1.9198419644807516,1
2.8810816245866193,-1.8386859664818451,1
2.6642095774854457,-1.7331301957401526,1
3.220495522298492,-1.6286553398050525,1
3.043862648173452,-1.6030790261859782,1
3.7627686031503687,-1.8085964782384425,1
3.1986564569071914,-1.769067234594621,1
3.4749288690593483,-1.6008633658463138,1
3.521029158438462,-1.6357302638604694,1
4.720626788421047,-1.7603717393162321,1
3.674073993015654,-1.92329327123796,1
3.2694803020770062,-1.9128528681248331,1
3.4681774411928883,-2.0809448930151024,1
0.667659031862352,-1.8070159692803036,1
1.1030785213853351,-1.7757857319069486,1
0.40593255059698485,-1.8026165637602225,0
-1.3912543113141094,-1.4779482155607144,0
-1.6219846193062037,-1.3328701679915693,0
-1.5147621358722172,-1.4035173890890853,0
-0.34412073407660293,-1.8153120174893573,0
0.5021969005742575,-2.0541764903366695,1
3.5159753461675067,-2.6615680696151056,1
4.0289169196029055,-2.5134062259861008,1
4.314877631180384,-2.838625819212837,1
3.6099525493773585,-2.736175919760683,1
3.702865268805488,-2.5815627501506833,1
3.3400038075045013,-2.116946193942585,1
2.1520731963692032,-1.543593051035709,1
3.003329931853179,-1.6068518061355814,1
2.7225930381456975,-1.5116918271712587,1
2.994328379996556,-1.7546037257937939,1
4.7193767156461846,-1.6982378740586732,1
5.478273539482169,-1.8111574801414612,1
5.321927390015267,-1.8055351997735385,1
4.859476436390516,-2.262893589831773,1
2.8904528291514917,-2.2480240910529323,1
1.4238757646580846,-1.9282414432407113,1
0.8359506757541917,-2.00878384128596,1
0.49851198989136786,-2.1731258212444575,0
-1.0007541703435534,-1.9556932252516868,0
-1.1974201046546498,-1.9832784064435534,0
-2.2233112117200653,-1.9548157228330718,0
-2.532054822209127,-1.773491397877595,0
-2.252870598514748,-1.9212011675530987,0
-0.4047787917755887,-2.0408747225784696,0
2.321791402143745,-2.3475159812051154,1
4.187341940423848,-2.291840487907025,1
2.8291113403070396,-2.6595961133435817,1
3.247305280276686,-2.52557778506184,1
2.29426057192186,-2.3663552567507202,1
0.990556887089287,-1.458360938705585,1
1.4512301289351044,-1.3881638368633067,1
1.7579439075280838,-1.4494880948803548,1
2.1006351982781357,-1.4171986917267876,1
3.615934754175195,-1.9143117598441022,1
5.083319911393042,-2.071150534234167,1
3.3197720233488863,-1.9244097976275887,1
1.6661346193497266,-1.7746382857685798,1
1.9193903820154272,-2.0850421769489254,1
0.01554727181811626,-1.8291513203584602,0
0.009089983571247493,-1.837551796598808,0
-0.16182608779029425,-2.1811998338006906,0
-1.106986697229933,-2.045333356678615,0
-1.7729918530016122,-1.9632396094881361,0
-2.169814508884584,-2.124308055565613,0
-2.388959989482223,-1.8137346711723805,0
-0.6696509629304653,-2.6190265197382994,0
-1.352990221000415,-2.4901259503684354,0
-0.5688533235030488,-2.449925867206659,0
4.09545966524579,-2.795472931245886,1
2.6600979388157113,-2.813672726755951,1
3.0805895854174774,-2.8053609569693085,1
3.097119703401312,-2.908713567591019,1
2.1446092076042023,-2.464882835083628,1
2.5841733021938227,-2.108327652274623,1
1.7373581254149701,-1.8337507372208992,1
1.5986174739086088,-1.6587128777927336,1
2.432858094105655,-1.7840825945905872,1
4.7593686643067405,-2.610762521385294,1
5.239425380016855,-2.972033693701501,1
5.125184703044818,-2.863651351585131,1
4.969347157451073,-2.737294834848865,1
3.5853528919757043,-2.953237804535186,1
-0.5996740184353152,-2.068025876380136,0
-0.532992902083341,-2.0821587374430774,0
-0.6440855533108129,-2.4563170256512143,0
-0.6288339494816579,-2.7019174257430008,0
-1.1336541329007064,-2.6094221578750885,0
-1.8374977078917532,-2.5492736103235023,0
-1.7560230045337768,-2.8479180324005715,0
-2.6518887052600983,-2.4112271619999763,0
-2.937636230816624,-2.097009537349727,0
-2.2473331594685586,-2.2978011042832116,0
-0.20051795369999442,-2.7244653892119413,0
0.4871093691181543,-2.9387319921638992,0
0.6793350273404959,-3.0648870328813422,1
0.5154433675928164,-2.870590259155469,1
1.3070858327119617,-2.8774302534938823,1
2.3127442571688377,-2.6948316820539704,1
3.43074003007471,-2.8962259888211594,1
1.610829440655902,-2.3998617844973924,1
1.3012341975680797,-2.2322369034852043,1
2.413388695050324,-2.487900356244155,1
3.2216582302717685,-2.826649962255508,1
4.328164855084437,-3.226699725244512,1
1.8471501066551987,-2.8098896174716677,1
2.33339069614213,-2.97298953377511,1
0.45075670355484376,-2.8193502947945195,1
1.3782390024538251,-2.9954580409500706,1
1.474890654847947,-3.205999094009489,1
0.40075433341441236,-3.2440435679097543,0
-0.7702697880703568,-2.691507031562138,0
-1.4868517870737397,-2.531984464734837,0
-1.5347763168638742,-2.634782017916654,0
-2.1490127662450837,-2.5856986474804744,0
-2.1312933763265063,-2.394946186058429,0
-1.4492074110090705,-2.697917894716218,0
-1.4944245031824868,-2.8631116724417676,0
-1.4951295255853483,-2.4378430247984015,0
-2.974519904671594,-2.0839697823906955,0
-3.180488399609489,-1.7439779655859897,0
-3.469174049609533,-1.6313866257014156,0
-3.0131744303674886,-1.6421387631014943,0
-3.605146800085786,-1.5694788144679672,0
-3.600471687380643,-1.508544144450463,0
-2.7952450154031654,-1.8596431070412005,0
-2.520144301643795,-1.9909406474592644,0
-2.2728699556743197,-2.2732865662930477,0
-0.6976344472249277,-2.644254387030403,0
-0.46401396894086167,-2.774529643985392,0
-1.6335823842826689,-2.64569441558411,0
-2.0703063560935107,-2.393351427681422,0
-1.339929132258883,-2.5889548850632322,0
-2.300175399513794,-2.5804591477243193,0
-2.6632355709587707,-2.3786741653477104,0
-2.76369577808394,-2.4771367983691355,0
-3.344418826724567,-2.66380285239656,0
-3.7753080403738477,-2.3409383861697903,0
-3.9313734427200453,-2.4229315052136577,0
-3.3644376579713726,-2.4857962701003595,0
-2.5953358545254486,-2.4518207726529173,0
1.9850257934133295,-3.4720182728450206,1
2.5775188188812654,-3.726807085073835,1
1.9459234171831092,-3.3798223914738537,1
2.5975423441955336,-3.54199659386537,1
1.5998075812427137,-2.729866629893145,1
1.9308199996316087,-2.7206900035034876,1
1.9350158395371966,-2.6989102014220787,1
2.2863124850474383,-2.580926574758797,1
1.9729888056788307,-2.6524426761271833,1
3.637437367221144,-2.9566199338573513,1
8.867693042317102,-3.971531138070922,1
7.85041679522529,-3.9363151943949948,1
2.8245393328243935,-3.186994827897236,1
1.9350374205276337,-3.1308479501249664,1
0.5029167694664027,-2.9634907535381383,1
0.12616924343769895,-2.984577294344952,0
-0.763368280532237,-3.1365161630168656,0
-1.4618441291003454,-3.0008283734390044,0
-2.366575787027138,-2.688032981684434,0
-2.6596825558799018,-2.7558719986871507,0
-3.0904321146387055,-2.324418063586176,0
-2.849399723022824,-2.4995257359644953,0
-2.108960824033866,-2.6169783813858762,0
-0.5659974128909844,-3.1050809861619992,0
2.261689303634627,-3.298813705070063,1
3.58813000504903,-3.7361108588142824,1
5.357313017967905,-4.250795813927986,1
3.369830061759339,-3.7909316719016752,1
4.851365509930093,-4.1287408859325065,1
5.756737313411976,-4.165631937745312,1
6.312237043485521,-4.100576944458901,1
6.047501572383937,-4.276430701432854,1
5.87811186051451,-4.219618227324952,1
5.947208654198913,-4.293735447822023,1
6.03756388089892,-3.7606490814001883,1
5.615130837947443,-3.629616526164182,1
4.464458575265151,-3.1521107117763933,1
0.22847531057262022,-2.0778522505786894,0
-1.4889970002323112,-1.2442703259375956,0
-0.7825906171236869,-1.411256279793674,0
-0.5010755274015978,-1.7456481606012915,0
-0.45413782961315585,-1.7859714062855214,0
-1.3851757508304439,-1.5640358117088542,0
-2.9297659332626345,-2.1457128743552625,0
-3.816926892109017,-2.00840103495003,0
-4.123311323296522,-1.8006372741609316,0
-3.9559746867053063,-1.8277815360784877,0
-2.832304054331125,-2.080403808503005,0
-0.5442457058549242,-2.2543066951206443,0
-0.4600056822346025,-2.511245625104941,0
-2.0651659742744246,-2.3102618801963533,0
-2.606110740920968,-2.381481383373616,0
-2.5137596587508004,-2.1780950676203,0
-1.7903873108140542,-1.8211173981341298,0
-0.8235981159557885,-1.9283305438447977,0
-1.9875688246137007,-1.830464003427689,0
-1.9720050654969496,-1.8085295481834869,0
-2.000008120959833,-1.8784019465556323,0
-0.650908546112478,-2.0019530861454773,0
-0.7029613409395977,-2.139599665169744,0
-0.034603624965523966,-2.0986284885614124,0
-0.3007329749345752,-2.232314544881295,0
-2.7595336005347346,-1.7626925797684956,0
-2.021903599401111,-1.7554517214425238,0
-2.3146633225656315,-2.029472933618177,0
-3.377132595013571,-1.6331780067782993,0
-4.061155135207459,-1.5479227583908655,0
-3.7327113503410763,-2.0894232753047723,0
-4.649934820195203,-1.4129446921796,0
-4.4214478531375265,-1.5292987710409758,0
-2.7530657042115396,-2.0824304514169016,0
-2.635090226800005,-2.1183797568444924,0
1.7982075000775433,-3.0234644332667266,1
2.6213034322334376,-3.039701294242305,1
3.213392329974827,-3.42433040969553,1
1.3823777977488887,-2.749650088382449,1
1.1532935066628076,-2.303351743545787,1
0.9945968545509892,-2.0995897393961465,1
1.1910425290460864,-2.0829095725639535,1
-0.11961846308877652,-2.034829877741433,0
1.4103250061910342,-2.2270023758297772,1
3.685613677719366,-2.8065204806390818,1
5.333748598659047,-2.9849815216853854,1
3.7000020358672754,-2.7614516473896944,1
2.314810438431018,-2.6036065664657784,1
1.618644049618945,-2.565645470702058,1
-0.03195050505414085,-2.4343168082489988,0
-0.389551397586541,-2.3508230031500585,0
-1.1448816616816042,-2.3032297009819525,0
-1.364832810781436,-2.282161306193794,0
-1.9504010919783348,-2.126641274818578,0
-1.7099597575319416,-2.3764031918734636,0
-1.1505476398749348,-2.4164204328839274,0
-0.48975961914828037,-2.6606941966171265,0
0.4592311785312685,-2.7154396347827636,0
1.3530616074168735,-2.8381386727466853,1
4.219340258944513,-3.161363626335796,1
5.621852967222559,-3.1031238749791052,1
3.8744971346612256,-3.209712066933646,1
4.198033073651499,-3.198996796783014,1
4.789280570274027,-3.1567776517453496,1
5.139273679272342,-3.056711835175036,1
2.0976892916413648,-2.069832120668071,1
2.8603493532398874,-1.938057915180078,1
3.683331552011281,-1.536251681899777,1
3.110438190117368,-2.039754967969137,1
3.761977307182522,-2.6860679994304464,1
4.258720638681617,-2.52527223422461,1
8.27611625612849,-3.0772027051011452,1
8.212760327524505,-3.5768347516546792,1
5.5479993396915335,-3.6742809748142267,1
4.303587632847661,-3.336287473982736,1
4.286686124281746,-3.840280684595432,1
2.813993170379638,-3.6762788167290394,1
2.7085044487512824,-3.4295835072474543,1
0.8139492953977964,-1.997029270366315,1
0.8598907049072444,-2.406811603707947,1
1.574465434538171,-2.8486376835292617,1
1.5887925707780586,-3.416421020925275,1
2.0424665256690377,-3.3717617965783337,1
2.7544870167015905,-3.27461529096525,1
3.280774370062918,-3.3448589951512244,1
3.8924225717683982,-3.148482840878206,1
3.7425357337977743,-3.1157158743247453,1
3.1253633921034734,-2.4614745258914397,1
2.796479153842524,-2.0657234315374,1
3.0060753172409638,-1.9115625090609816,1
-0.631090759910789,-1.5583467889250868,0
-1.290988919141058,-1.570253646088232,0
-0.9799671759071308,-1.8847278690616502,0
-0.38233204165799545,-2.0965983484330755,0
0.8425439155413846,-2.385691446925442,1
0.8873116406384617,-2.631516838813804,1
3.791973203047807,-3.489194834178692,1
2.9575781579010205,-3.536420556926874,1
2.368713519509236,-3.2566544268277218,1
0.5329695671904888,-3.3528453895455925,1
-0.5641179965335759,-3.118617724608092,0
-0.9007159588656944,-2.8408023743023776,0
-1.7845633319247793,-2.564752573708173,0
-1.6458074824324607,-2.8697268890271284,0
-3.5547941454647316,-2.2074002831522175,0
-3.6065632503900593,-2.379984144071106,0
-3.7364585910927026,-2.3840292582686895,0
-3.244827196880023,-2.645377112897233,0
-2.001212412661977,-2.7666871964363553,0
-0.7895641726110709,-3.0295019956391127,0
-0.4082763379671227,-3.109873990722069,0
0.3950262797230355,-3.27088149725455,0
0.5019672199477764,-3.0297167361686035,1
0.02200748676354781,-2.820832004687167,0
0.38518105215682485,-2.7591076659196125,0
-0.27863988814973856,-2.5980470682971717,0
-1.7313292609543725,-2.1877564002320113,0
-1.3519772965329009,-2.3864762734476983,0
-0.45544672908561495,-2.4650612441000423,0
0.19728139727902302,-2.5614630889734262,0
-1.237225173135339,-2.113799910742122,0
-1.7278160503756566,-2.122606852570724,0
-0.7651390345290078,-2.3613586586154756,0
-1.7558603635945105,-2.225892815827602,0
-1.1150203559679015,-2.4615504132952664,0
-0.5195177300935029,-2.721839828168772,0
-3.023832140372323,-2.4225847417771655,0
-4.300441772452633,-1.7496315481910514,0
-4.835790708285683,-1.623621569777661,0
-4.1040651608310315,-1.8554284992098755,0
-2.6837453063330683,-2.2634664810361627,0
0.6422778676739341,-2.7366399757440463,1
0.543630373238246,-3.079227986127697,1
-0.7017854741213784,-2.816124365425927,0
-1.280603825031288,-2.3360225527814444,0
-1.4303424817584103,-2.040675573464301,0
-1.370669281656516,-1.986166469810979,0
-1.5889262925888294,-1.8559673380066293,0
-0.5369104174417334,-2.236687804745582,0
-0.5020081790306259,-2.511827594137729,0
-0.44706790239933125,-2.5619316546086797,0
0.35229403915391855,-2.7542819637237077,1
-0.17082724531334945,-2.7091335055944157,0
-0.7836306525377285,-2.5827756907262427,0
-2.362546107756939,-2.215275880825796,0
-3.555995464492901,-1.972228549253993,0
-3.8686019274413113,-1.8236279163131408,0
-4.686825540044727,-1.9280672297358126,0
-5.174897345334418,-1.8317961839508607,0
-5.575921023851377,-1.704808578812387,0
-4.904731456819441,-2.5672197969395114,0
-5.789818854634856,-1.697902689908994,0
-5.900313442948186,-1.7409948898057837,0
-5.678447059785157,-1.902329655584925,0
-5.092781373439885,-2.107853417438668,0
-3.01051540164399,-2.555564032933817,0
-1.5690299932343281,-2.924094616209747,0
-1.5715253131908216,-2.9054957857423633,0
-1.6527278956991545,-3.200773873179889,0
-2.2763213733549383,-2.5920384440148694,0
-2.517202826415478,-2.4770581561211085,0
-2.1719409522021516,-2.5725372590160993,0
-2.543780683197023,-2.4125989895336644,0
-2.2660594331643367,-2.5398235429859737,0
-2.114804816357938,-2.497600571356636,0
-1.5476214715192547,-2.6559472676062863,0
-1.1682768362131697,-2.700647570865043,0
-1.0799651015407343,-2.594240679855996,0
-2.5598311933690905,-2.466431148402659,0
-3.033594913157693,-2.228771912862152,0
-3.748386101603029,-2.099489750287738,0
-4.721038069956049,-2.0789161889372565,0
-4.905435897778491,-2.006844409581896,0
-5.488812713113723,-1.8405547553539865,0
-4.914151260405513,-2.7202488338982023,0
-6.001861771357418,-1.8043150989991306,0
-6.203857842512973,-1.8435287128262716,0
-5.481661484466217,-1.976898487603875,0
-4.467210923840141,-2.235560228068907,0
-2.6642456638904166,-2.878208180207911,0
-1.8938955547892764,-3.111519727129877,0
-2.6219057601146054,-2.8599292728721095,0
-2.5276046042248796,-2.7487950125257563,0
-2.7830557259499793,-2.693939677119712,0
-2.5622127800746037,-2.589604681088927,0
-2.0355475051058702,-2.597079495523118,0
-2.46523037718113,-2.587855135679985,0
-2.049684267448745,-2.5786325093500286,0
-1.9933197942149226,-2.5804030828359,0
-0.23629009801273457,-3.0225613955572963,0
0.06786741460352523,-3.040044236959325,0
-0.445868119233531,-2.8996822614776554,0
-0.8239484106003998,-2.7708118037003753,0
-2.3070000921019598,-2.438888012254241,0
-2.6529888420091035,-2.2765183003601366,0
-3.4196457906774653,-2.3428203042428875,0
-3.701171438899536,-2.3067493350512245,0
-3.5566982550581265,-2.2538694960627463,0
-4.175077482446516,-2.642919376616914,0
-5.443135598163614,-1.808811565298393,0
-5.474067819932348,-1.7936857951187528,0
-4.635077059354395,-2.1184802953623807,0
-3.910398525650442,-2.3924062557237806,0
-0.8003188181564242,-3.294419621846642,0
-0.15428232326516014,-3.359571083957374,0
-1.0596176632473684,-3.173883544110921,0
-2.3637835471224222,-2.4663805705848354,0
-2.832551929309477,-2.276832421513288,0
-2.2834075609712596,-2.361565907358828,0
-2.0043709247365515,-2.39007691080492,0
-2.0892410098349914,-2.4012272790350235,0
-1.9658637186259942,-2.597592210521333,0
-1.8130025866441242,-2.6542361653491313,0
-0.7527939314445463,-2.9672532615951703,0
0.23587550585451553,-3.229221899216687,0
0.6686693565477687,-3.324729679683623,1
-1.0395004509925319,-3.0455258471232853,0
-2.2133193949927206,-2.698170743971354,0
-2.0866444961203396,-2.5799135735446592,0
-2.996393367290053,-2.668165105240282,0
-3.526597156495287,-2.5598453362101994,0
-3.832626243216306,-2.3934362381697922,0
-3.710187896161961,-2.726163108261587,0
-4.3116262359825495,-2.095683091712848,0
-4.629880104962796,-2.0206119032704564,0
-3.808786702592462,-2.2951622535901652,0
-3.6513907596600963,-2.4207404181699386,0
-1.1069467950256255,-3.0784571985728957,0
-0.18077046581409315,-3.428243714509928,0
-0.9733492285396604,-3.239735889638513,0
-1.0735006887114231,-3.118299023238124,0
-1.0152955458457802,-3.3302643451755736,0
-1.7101387304143991,-2.8300939273017263,0
-0.8223120219921174,-3.0294735427640913,0
-1.6335774911814056,-3.0181794825743933,0
-2.3093562006575246,-2.844087120648321,0
0.1380027836344186,-0.9161240366382214,0
0.3674756261327944,-1.1506706350676057,0
0.45770469114181733,-1.223440721603386,1
0.10725816873412504,-0.7912955185837824,0
0.11145570648511004,-0.7654412871275635,0
-0.23604497222916435,-0.33626726533286466,0
-0.3723566356146786,-0.14854549667881123,0
-0.8343546990708443,-0.3669227506279613,0
-0.9752926261960481,-0.17334964482832915,0
-4.843033342006336,-2.3495133586026746,0
-4.541243234163276,-2.884201726313108,0
-5.36690693189085,-2.1473341637524306,0
-5.443047563230222,-2.14991106204971,0
-5.2887650847989285,-2.166348251789125,0
-4.692074422555459,-2.3433923658894864,0
-3.7553678939744026,-2.650256351294062,0
-3.0904581072878172,-2.774167876851289,0
-3.157932433824167,-2.620939279772829,0
-3.1041897163487464,-2.5582837963931624,0
-3.243666039912276,-2.525112028649815,0
-3.2196938718143575,-2.5042559474815738,0
-2.9133038414947845,-2.5367980366348837,0
-3.4140700691310597,-2.36735964854799,0
-3.2751566991887615,-2.280916893075155,0
-2.6486275556519305,-2.5738361326469628,0
-2.663360410640623,-2.669174962270962,0
-2.483403539422916,-2.8483043020417176,0
-2.390449354926032,-2.7775279515578046,0
-2.3614743715994786,-2.901114125568488,0
-3.489997743142967,-2.3762305986433607,0
-3.6268671617058112,-2.282078450479369,0
-3.680891550391451,-2.533480732102072,0
-3.4238477480387792,-2.613604779902251,0
-4.024120860404338,-2.408868250802699,0
-3.4496871690323196,-2.7211285573715105,0
-3.8625502335299275,-2.431840671213972,0
-4.942208958143706,-2.1450251710954444,0
-5.071967795228236,-2.090070505936965,0
-5.170461022631115,-2.152260255418098,0
-4.79334965770636,-2.2755669902032434,0
-4.084857508607947,-2.44421793560642,0
-3.9492316864571104,-2.2964343175480644,0
-3.7927373654141876,-2.1379607547042756,0
-3.5234463234983586,-2.1399608094963214,0
-3.6807533200480065,-2.1855548856694846,0
-3.6793897952020864,-2.102284808569723,0
-3.9710747799649457,-1.9728687259817332,0
-3.7234209681091652,-2.146536993411662,0
-3.0108861828006748,-2.353186395555743,0
-3.2966703315454478,-2.5545847991616966,0
-2.768122553103991,-2.787477943951049,0
-2.0363009935478114,-3.0435828852669182,0
-1.9111602647184966,-3.0800663582832803,0
-3.010673494976825,-2.6473052555628693,0
-2.289984666534327,-2.759418601385256,0
-2.0279942921515133,-3.143581399500966,0
-2.9367073448503525,-2.89844681310447,0
-4.668098245506374,-2.2416404566323305,0
-4.544741728992957,-2.771794261803103,0
-5.317970237354307,-2.041202410389098,0
-5.321713285659498,-2.0675822615746533,0
-4.886876738766365,-2.163793845194314,0
-3.6577793754288135,-2.73393029198847,0
-0.5332088436069047,-3.5934167368516916,0
0.6739848392381876,-2.5203936815106003,1
2.8732988899647633,-4.254957574583247,1
1.5410524659874798,-3.631072398999632,1
1.787333287639219,-3.6714811454812644,1
0.675776093150608,-2.8098438946072846,1
0.6659994591721272,-2.8094446852330397,1
1.709112186718232,-2.910305671195875,1
2.0333550365913977,-2.8444851692354445,1
3.6572821772403374,-3.195450716065749,1
5.55229886877933,-3.9314641959505345,1
6.526102316568681,-4.241415753112321,1
6.508504783729067,-4.420974162884709,1
2.9761431068202704,-3.9093727940229033,1
0.7043033837858117,-3.606190902090811,1
-0.3025796506541126,-3.0735096743324335,0
-1.1597009875599882,-2.899596814175422,0
-1.7501899729604304,-2.6707781269889144,0
-1.9089815464286009,-2.524128364503612,0
-1.8465442816155198,-2.6092979921676656,0
-1.5172804464700507,-2.806543209882054,0
-1.4099459419322882,-2.8827312290915277,0
-1.311996036086231,-2.9437477123328337,0
0.21616357554908136,-3.3121026337925144,0
4.183678326681274,-3.9182785802356976,1
4.991761460301736,-4.042567546458028,1
4.046986578974747,-3.979757794980813,1
5.0604652770965535,-4.054013217406178,1
4.935769255330809,-4.06853388531007,1
3.8811845677510997,-2.9306224723314793,1
3.8566835495848024,-2.5391816395760145,1
3.041051708636329,-2.0145611798521683,1
2.6588564561146963,-2.0006313296010543,1
3.327527357039082,-2.2232032759018345,1
2.3247098210051407,-2.561111974904202,1
2.6081256656834024,-2.7586139212790792,1
2.1880972675493546,-2.808013062658349,1
0.8401381023697437,-2.7291651324639146,1
-0.2684163950734738,-2.5860560760749047,0
-0.5911267643875298,-2.4339877332153836,0
-1.355194486397136,-2.472874517007849,0
-1.347923274477807,-2.335691094719675,0
-0.5886805844689069,-2.516970885674361,0
-0.6712074862070467,-2.484014038470248,0
-1.225038475281997,-2.709335893531376,0
-1.6961430609455381,-2.6369617381476043,0
-1.2221473808895078,-2.9127616718320866,0
-1.0600758269001882,-2.9262203891976646,0
2.1509673762946635,-3.417224853963678,1
5.465349638250104,-3.9609551308267603,1
4.078389529854296,-3.8467460414665404,1
2.925253483323879,-3.2642550754432347,1
2.7395234204082666,-3.0409765388510595,1
0.01010042811777073,-2.0801704052214496,0
-0.15779561007575632,-1.9694947543056356,0
-0.6129986629392716,-1.9320486076496977,0
-0.40799200616960535,-1.8537814628521943,0
1.2584706416986189,-2.337073063711969,1
2.981116522332272,-2.708703141947372,1
4.932350476954138,-2.989786212118914,1
5.722814448241592,-2.9853108057700948,1
3.0202038357481333,-3.5400506004279158,1
0.3991963015449831,-3.209221092279441,1
0.36647905008528986,-2.981223399417044,1
-1.0293247051269725,-2.9864252642788713,0
-0.9237394092079209,-2.9883922462926606,0
-1.817266750386712,-2.779439883380196,0
-2.4005219494893963,-2.6387913841579764,0
-2.5929141447153286,-2.60863658901934,0
-2.394500127643277,-2.753044341790019,0
-2.1530939828420452,-2.9273193439718157,0
-1.5747686327792352,-3.015710419189879,0
3.4903394913977945,-4.524228127998735,1
6.392184840937961,-4.731330169667935,1
5.044879431668416,-4.767011735533881,1
3.7952961737768227,-4.459463920000474,1
1.7809315016725773,-3.2407249747449294,1
2.836659500141445,-3.141720880234492,1
2.4187635087553425,-2.6661443623522527,1
1.7513704076934016,-2.082457292351745,1
1.3442353374159919,-1.7844535063332576,1
2.4663260768337034,-1.9343469409235736,1
7.078827180676617,-2.8248233738338477,1
6.799023363544977,-3.375030859791431,1
4.070787028511201,-3.179473150936434,1
2.5335458979485295,-3.011496960924074,1
3.166623279447594,-3.2233302549863914,1
1.3565341156225275,-3.0368326975167084,1
-0.5901818573601341,-2.689059593136336,0
-1.0856068592117694,-2.6699879803459483,0
-2.14284108488646,-2.3720336286941377,0
-1.4421014870511508,-2.542479311957861,0
-2.173623351097839,-2.379330089300116,0
-2.8630697693416858,-2.1436766714106272,0
-1.7507718574855424,-2.8029351227782007,0
-0.03140111350898062,-3.530913650210991,0
4.418327399434911,-4.747885318489306,1
3.9432705263543,-4.176188972085688,1
3.166009131860039,-3.6111430879064903,1
2.846602789645977,-3.181028092451011,1
-0.24752655599000697,-1.9987457496872907,0
-0.9906443168515053,-1.6692600841248073,0
-0.09101732996718755,-1.9428373988766674,0
-0.7750553351858968,-2.1391094483839037,0
-1.0688374946194186,-2.088005964872875,0
0.129451334777855,-2.401509237875097,0
0.5388225838103964,-2.697670006423863,1
1.2537154929787033,-2.825721803929702,1
1.0712120739248634,-2.8488255699134077,1
1.0401413939571635,-3.142697389128463,1
-0.5522370141659949,-2.8012652476451976,0
-0.8959764770032012,-2.6319278166510487,0
-1.2759452857174916,-2.8864425868655412,0
-1.2362416469280293,-2.9493796274585704,0
-1.466728277650862,-2.886374165633575,0
-1.1459820991645522,-2.6823440164230594,0
-0.5490168419580552,-3.2548813727650683,0
-1.5548295559719945,-3.172748807442458,0
-1.0339159715867763,-3.248320709434475,0
0.040786514973272195,-3.762343740270664,0
2.37513511435117,-4.57180709902512,1
2.1925370127523522,-4.664065868136951,1
-1.1356008781230267,-2.991031701362134,0
-2.0711027891349194,-2.3242429167656233,0
-2.434872253988266,-2.0997343833746775,0
-2.2280521305848002,-1.9675588226448877,0
-2.323973170021766,-2.0743900673045554,0
-2.735004037926874,-1.8627230069269094,0
-2.468833961709763,-2.036328525406092,0
-2.602125744979564,-2.07421724955127,0
-1.9779669771884023,-2.3890465874768694,0
-0.8878655608818359,-2.784365428776793,0
-1.0878456623521036,-2.7420765237546134,0
-0.7203471419830717,-2.9024366060110802,0
-1.7010031235366718,-2.750835875748855,0
-1.1480857271215719,-2.876148654302784,0
-1.8761554445124777,-3.123947009807746,0
-1.7687953146128004,-3.1756273310208973,0
-1.5179998749739176,-3.1847829969266206,0
-2.694201950562372,-2.7004171590653323,0
-2.920608182715039,-2.7883756817551895,0
-3.4870694307047185,-2.5583871464419117,0
-3.756516815072227,-2.5565228502623154,0
-3.6794245944039035,-2.6000580278913406,0
-3.714917567683179,-2.6518100515596212,0
-3.183987097850405,-2.8911634993711655,0
-1.8271104051065516,-2.682463441321831,0
-0.2240530487369465,-3.0834880476697064,0
-1.6062068061803614,-2.4722916392778647,0
-2.536351197102794,-2.0597245929664774,0
-3.410057428290234,-1.7448727865855473,0
-3.71514727771382,-1.5329381284092611,0
-3.1064913716380524,-1.7397274073319438,0
-2.112012676549909,-2.3066495451572053,0
-2.4555463332747007,-2.4092406313251087,0
-1.5174948555472976,-2.7143195529832305,0
-1.0940377410728128,-2.872399954653235,0
-1.9786348495336046,-2.6201639686012386,0
-2.6557779196325764,-2.4200959372099144,0
-2.7025567774039265,-2.3962975682986634,0
-3.2327934990587566,-2.431001152369949,0
-3.5528543464297324,-2.2885896046817105,0
-3.8713616860520377,-2.176254240111298,0
-3.6249616108559155,-2.593760078680033,0
-4.187445801057455,-2.127192633818346,0
-3.824668833840238,-2.255773008764023,0
-3.419857193948743,-2.3376912795496425,0
-2.2647625953039934,-2.8307620897490855,0
0.995195083037926,-3.9806764401124415,1
1.6282873885518705,-4.002070571411911,1
0.36624734758057426,-3.274733287263513,1
-0.5989432659462747,-2.593268658502685,0
-1.3632446615329732,-2.14741584921929,0
-1.026105376595927,-2.336368585167797,0
-1.5119125900566277,-2.109755000578775,0
-1.4441957770639582,-2.172006871259221,0
-1.3973907324750285,-2.1753644773014353,0
-0.38574880634513237,-2.579522008439133,0
-0.018257942698814367,-2.7521281741810455,0
0.38162508038013376,-2.895043095743549,1
-0.016170497398191083,-2.6457210746263904,0
-1.148236349225558,-2.5322449541514107,0
-2.249066545579249,-2.179080630123128,0
-2.6187149095721014,-1.9717761657715065,0
-3.397859737421724,-2.011651764469911,0
-3.9025050225946627,-1.855377772909626,0
-4.5541676965019295,-1.6053014254672224,0
-4.230621139578341,-2.250974616769592,0
-4.180091771915749,-1.7481951240327578,0
-3.6436124173873328,-1.8732611445316576,0
-3.176224983470075,-2.1398491571194476,0
-1.8641297897299536,-2.712233824766244,0
1.2356956436454618,-3.4628286329896425,1
2.5940699903140274,-3.540541702528548,1
0.6535813168027479,-3.210948584056464,1
-0.18883834787089004,-2.5222881163860515,0
0.012990823685121241,-2.6588611020133985,0
-0.6649762957139397,-2.086871473576853,0
0.05171464863829315,-2.3683020410494104,0
-1.2655862739715567,-2.211988831946926,0
-1.713457182422538,-2.169587437310624,0
0.35100303387956894,-0.8658391724103042,0
0.5369311500251338,-1.0517253818456844,1
0.7123617494939447,-1.2175415251405766,1
0.5122994503008181,-0.9631502295346307,1
0.5625725616989072,-0.9861384376808767,1
0.02006457351990052,-0.34013002602760806,0
-0.11350874437175848,-0.15398487329023744,0
-0.7597682335167969,-0.16043963573932726,0
-0.7269626860796533,-0.16699532184436752,0
-0.9297428963168636,0.09724895622336166,0
-0.5391195123782909,-0.31168708143308904,0
-0.8094466293645528,0.019499799499223973,0
-0.6998620821487502,-0.07397753030665793,0
-0.6111059389864365,-0.14526202622998585,0
-0.12204515841746623,-0.6688908027027196,0
0.6389889951446864,-1.5059465445881868,1
0.7923257669128623,-1.6494788286962943,1
0.5923247710690507,-1.3702584334550476,1
0.11919030453561465,-0.82029644553056,0
0.15388377021859206,-0.8311268528644961,0
0.013568337692075638,-0.6417374429895294,0
0.07435940021669012,-0.6765193507311633,0
0.0007200127414321146,-0.5650470155780938,0
0.05918772617131606,-0.6010414380194885,0
0.315588158309579,-0.865117798089458,0
0.6849681417955383,-1.249071871246911,1
0.9861787239337586,-1.5618996456151146,1
0.8090402452395171,-1.3353704704288405,1
0.4733025068491432,-0.9263575400788605,1
0.27579148940008136,-0.6638719285362751,0
-0.013870675343188582,-0.3037014377887598,0
-0.5665265297970814,-0.4176030366003321,0
-0.7207207535426664,-0.21065961528862934,0
-0.7861451045363578,-0.10391712788560836,0
-0.570945615206404,-0.3098442177167125,0
-0.8065655369201088,-0.018404182103689555,0
-0.7663953802494203,-0.032387821270991275,0
-0.3501302647678786,-0.4790389618088968,0
-0.13916247722826075,-0.6901802116559664,0
0.8490962026764313,-1.7670824050206315,1
1.1997227641045272,-2.1427892973777487,1
1.079882042581689,-1.9479744911335914,1
1.055719937745621,-1.8745521743341345,1
0.4569925522925665,-1.1872494871896577,1
0.0015331479196387015,-0.6551145866145979,0
-0.12594098438562168,-0.47630636163525797,0
-0.017601426367194178,-0.5614162995918093,0
0.05559550552977978,-0.612266628157727,0
0.1809467622104847,-0.7275726906292409,0
0.9167950495283365,-1.5131497271594962,1
1.3732849201696895,-1.9861482117598568,1
2.100584912405936,-2.7311008037432183,1
1.1902410244990325,-1.7247602361384193,1
0.6419671093336657,-1.107309493523965,1
0.35018909369522794,-0.7497460827844323,0
-0.3905244573889775,-0.6514521141832528,0
-0.4708855250493214,-0.528459155347487,0
-0.6294985143350335,-0.3170589621984271,0
-0.6027717180345169,-0.308001354000336,0
-0.7963198352421197,-0.0637361167688647,0
-0.8102123560507677,-0.0172656673467746,0
-0.44168279981282993,-0.4039178458164408,0
-0.1806561039348777,-0.673845543031989,0
1.082127230707061,-2.056080385872748,1
1.4462584558546434,-2.429999425959957,1
1.5087503728753011,-2.4593851230771646,1
1.4395501853899417,-2.3440931932163522,1
1.2399233170457118,-2.084214661681749,1
1.3007143795703264,-2.118996569423383,1
1.6903207069608583,-2.5126834139936247,1
2.2078228679159686,-3.0507748096291953,1
2.643919765352729,-3.496093224418345,1
2.5955479819208582,-3.4029941284400858,1
2.1186376788957544,-2.844482698057807,1
2.193515030839,-2.898213182544399,1
1.1266877341311314,-1.706781779767911,1
3.9491733515175356,-3.015851084426996,1
3.2569315024486007,-3.2734063629390566,1
2.921241657712039,-3.0339484690864196,1
2.8779277310278775,-3.519703159853032,1
2.8011497421376594,-3.822976027171694,1
1.6509176880504812,-3.637707082073698,1
-0.6077421750356323,-2.4569728842295744,0
-0.49339764280004655,-2.735996786486781,0
-0.3273897022987487,-2.718926359024791,0
0.15362297408626086,-2.898417741298583,0
0.7828074092963567,-3.0394519592134905,1
2.103079611715756,-3.430949657610392,1
2.0042648280577553,-3.0675684210963317,1
2.4178408766075217,-3.209408495397374,1
3.589840064689255,-3.2683010262843837,1
3.669639233436528,-2.833166613163707,1
3.8745221288326146,-2.7446726876113465,1
4.068918565025437,-2.8634003175835305,1
3.7539471748987117,-2.971136755233172,1
4.024847643904564,-2.9427866783144028,1
4.260747983340589,-3.0549574765734824,1
5.973593832282126,-3.3299608779076664,1
6.471751741022758,-3.4217901699179056,1
7.175414442094294,-3.517461883828864,1
6.485696115051149,-3.5398233070875853,1
6.1018451936099485,-3.4240570373396917,1
5.806899028299084,-3.308831626305819,1
4.6821777760530185,-3.325915951040307,1
4.69889967140683,-3.206238262947624,1
2.7728728563707903,-2.5419681585959255,1
1.2086241290534727,-1.504907190485826,1
1.9061206076223864,-2.0444479636696555,1
1.8434974138633968,-2.270436539578428,1
1.4901730219176976,-2.2040959538093605,1
1.4172241532160705,-2.1926284378500234,1
1.878887301918246,-2.1981774315324607,1
2.561500688309209,-2.2476563229791124,1
2.7175024008034048,-2.0749608194073494,1
2.509334749997485,-1.904109141276808,1
0.04360010805878039,-1.0404133916463336,0
-0.6237920686348548,-0.3668102072088831,0
-0.728156741261051,-0.1808316884590203,0
-0.4006296697925111,-0.2850359110389458,0
-1.7603521423259405,-0.3883624488824774,0
-1.6737397816818929,-0.7476177777880328,0
0.7572974142500158,-0.9890242171985195,1
0.9000760312563952,-2.0151184817963728,1
0.36635278997739246,-1.8683299375970748,0
-1.788131213403866,-1.243524394996904,0
-0.48232679464786066,-1.6690526286128773,0
-0.28028465706425554,-1.672970402220765,0
-0.9024299971400092,-1.7954135617349118,0
-0.6301458400111499,-1.884253462694967,0
-1.6523544978617066,-1.6190325286981428,0
-2.104060268373603,-1.837307809325605,0
-3.071449906206555,-1.3582379105135338,0
-3.3976463714499388,-1.2862810433062055,0
-2.2552355762899654,-1.7515358044487936,0
-2.969301029449731,-1.9461802185034842,0
1.2190392591080548,-2.5257231949025063,1
0.7850134563942217,-2.5692208952360516,1
0.4489180713574446,-2.193180556342998,1
3.132396344901262,-1.7271971999856917,1
-1.4427160734629756,-1.6026696493603503,0
-1.2601140160804607,-1.595296419950847,0
-1.2760985332939656,-1.5513521572917237,0
-1.6555009345639455,-1.616208792660845,0
-1.8119029988236028,-1.6665526862225046,0
-1.2864479579000156,-1.8608137411601786,0
0.5510503677789091,-2.4092023310628767,1
2.111970880938618,-2.934516538698033,1
1.230206998242051,-2.8401618631222134,1
0.3560285560116583,-2.9097971595095937,1
-0.6670620353898536,-2.6331885407202447,0
-0.7960539120785247,-2.259017599614197,0
-3.0791076367335717,-1.9975226286970387,0
-3.8151728156213336,-1.7705752179369452,0
-4.460125357974286,-1.625404420116399,0
-3.9551942863478917,-2.2423307220979463,0
-5.103823134195189,-1.4706095832465405,0
-5.217749261625157,-1.4395639449445057,0
-4.169990436053048,-1.7582537214229164,0
-3.047834332983883,-2.1357895913521494,0
-0.4136586560393399,-3.1804362709753686,0
0.15878576727760346,-3.3545762795165848,0
-1.251188345236768,-2.572629861594998,0
-2.6289917457427365,-2.094185886972553,0
-2.2196045371392192,-2.0076494065917143,0
-1.8419144222305297,-2.0534679303653065,0
-2.133198901786994,-2.064006483460988,0
-2.8378462186720093,-1.8608449993552842,0
-1.940552910146424,-1.955540151311495,0
-1.012111847984806,-2.2835809962744906,0
0.7891009181865497,-2.5438993881868517,1
1.4830993527210312,-2.6845704005654114,1
1.663299437398054,-2.817424581881476,1
1.4467636235148782,-3.101101861005022,1
0.24383456828698893,-2.8872168664698394,0
0.8787769169712825,-3.0657038346744963,1
0.08200893358494195,-3.143303284296228,0
0.8031688833593209,-3.319348437007608,1
0.03814264116032677,-3.215431133791992,0
-1.0724737882287148,-2.6258993031826274,0
-1.1681847267192764,-3.0390611700273262,0
-1.366556423419185,-3.0244220852496198,0
-0.8469896147771717,-3.005328203092413,0
0.9778565254178765,-3.694748203800107,1
3.6658474319162715,-4.538157596725825,1
2.5898359948617,-3.95243759262277,1
0.3437931886867047,-3.0755560075986472,0
-1.822511191919025,-2.004950995445151,0
-1.8178540776483174,-2.27138319531293,0
-1.1492228815802819,-2.212933324577523,0
-1.282243967016685,-2.2469724619753335,0
-1.0107521364991119,-2.4004417149435873,0
-0.904645862088467,-2.416183622578759,0
-0.45063541334585266,-2.3882898456102146,0
0.43450535455961786,-2.5214584326213596,1
2.2563978892098957,-2.733924210184845,1
4.648653366835121,-3.253655901654902,1
3.3958390969851786,-3.764656831967923,1
1.4116815835152474,-3.398313218051843,1
0.530868081830605,-3.190388079368017,1
0.7074196769240877,-3.22864694719626,1
-0.2617560815063123,-3.1848508066816077,0
-0.23900851648648874,-3.0265350198046512,0
-2.1232742485596487,-2.425703720703162,0
-3.4970234156921123,-1.8998493468893172,0
-4.157217620979408,-1.5952311218641144,0
-4.01253529090639,-1.6637950817629876,0
-1.84188336590415,-2.3842526572067873,0
1.4644961453058976,-3.734680616081783,1
1.1416410932547916,-3.140962824945055,1
-0.9022938617394781,-2.4821136200301686,0
-1.768872825851204,-2.259864203779217,0
-1.4276228011713306,-2.35632111555583,0
-1.3388263869383068,-2.128236467800098,0
-0.6273282897068538,-2.1633400242756573,0
-1.335237928893666,-2.181032075841725,0
-1.40615665596353,-2.09697377981346,0
-1.2590223009353423,-2.137601118365755,0
0.5575983344039211,-2.465416767148868,1
1.053760606748384,-2.737659167359475,1
1.6301587081182716,-2.821586167507161,1
0.21688707040337285,-2.816889988277222,0
-0.35847148451606453,-2.658191821139462,0
-2.3863380457613306,-2.0030678300576654,0
-2.776363059742173,-2.077599130143315,0
-2.5520119899976854,-2.347185308732398,0
-3.475978317310983,-1.9232596082552957,0
-3.12631735231304,-2.3216340184471576,0
-4.431942046835565,-1.6071202357219734,0
-4.611933896186244,-1.4581140720335344,0
-3.8454978303361385,-1.7255666433199741,0
-3.1468479182824196,-2.0182027261092093,0
0.5170370273713878,-3.2094451491927223,1
0.9471950562431792,-2.9896320753550234,1
-0.40940957859346944,-2.312718397920145,0
-1.183120871450034,-2.235541863805105,0
-1.4834551709070762,-2.0588900860970547,0
-1.4305780676231712,-2.003695099576219,0
-1.1512905796610988,-2.046879031160121,0
-0.9926682598610569,-2.0155451043092323,0
-0.25131941688332227,-2.1860209357541494,0
0.3698832858597489,-2.198674509221131,0
1.475500228327155,-2.7540355551085716,1
2.250030221804248,-2.8683267774500742,1
3.250055026490967,-3.4485392423731076,1
1.073925656428448,-3.0226275344504923,1
0.9099254619168669,-2.933874012515865,1
2.044056490616977,-3.6274464859475106,1
0.6631672437427529,-4.005612534211134,1
-0.06854990094578702,-3.755925885210884,0
-1.5496776764695352,-3.1051214417332003,0
-2.1649193861001237,-2.757142105360429,0
-2.7736681720892657,-2.595675865331744,0
-2.903680980109431,-2.5434167930586358,0
-2.7772330562538894,-2.6778161045623823,0
-1.5091096216297692,-3.2205606402872475,0
0.09865748305063521,-3.6389895214759553,0
0.7345665840302952,-3.838068467374341,1
-0.28625314314868616,-3.548474391348489,0
0.46529612398142717,-3.6492508499317875,1
0.21436557299391085,-3.2830973246573274,0
-1.9605275290895094,-1.9187903278954155,0
-1.9649428374595115,-1.5239535032939737,0
-2.392625417852091,-1.597632895833808,0
-2.2089300286964244,-1.595289064142999,0
-1.2267411852186272,-1.7705378798373013,0
-0.14240690584680857,-2.207456615502356,0
1.1712172264640774,-2.6744212525078597,1
1.9648667001710955,-2.8326548549952686,1
2.250773021971668,-3.203887902886081,1
1.8678635119279248,-3.1137770781348735,1
0.757962934837338,-2.6540793853696822,1
0.021678330474628606,-2.583676037434463,0
-0.6080121781274881,-2.6172364262123606,0
0.32025023113357165,-2.734324071679633,0
-1.2496605482082421,-2.1594129590652082,0
-1.4414746805005865,-2.2186660067156647,0
-3.3335510454394766,-1.5987419551622852,0
-4.166234089671354,-1.2993979662522654,0
-3.9404584265370666,-1.4448721702749665,0
-3.411538123830008,-1.6722647598071747,0
-3.2978247288425613,-1.5905073581517541,0
-2.8088259730362553,-1.5192774314079591,0
-2.68083401557198,-1.5159108563584112,0
-2.53859381446889,-1.6319747364195603,0
-2.2278767448568337,-1.8463555463571704,0
-2.4591115435427437,-1.757050157784705,0
-2.031708381753808,-1.749843192070703,0
-1.9899300910455668,-1.8253512567677215,0
-2.2005658341496965,-1.8571824348613413,0
-1.7676756669774099,-2.0301207041471807,0
-2.0573135036259838,-2.027482869261707,0
-1.0418526900769256,-2.323165495381382,0
-1.4570579451870609,-2.2078244522797115,0
-2.1664873171782806,-1.8466935014437749,0
-1.861779007969112,-1.963965379806352,0
-2.328188264225106,-2.0918680791470394,0
-3.2413739626968887,-1.80944473200723,0
-3.857850016504956,-1.6923020442485253,0
-3.7751528404370363,-2.3648923816113916,0
-4.537201903963961,-1.682191854361133,0
-3.9179346008113463,-1.7870851096210092,0
-3.204800709355706,-1.959242574704336,0
-1.3404755681915208,-2.367147000752661,0
0.6015433456149306,-2.580428940903114,1
1.7542343403307545,-3.125846197285098,1
1.4527327988684118,-3.806587295096595,1
0.5158215780947153,-3.0937071152890083,1
0.4164516675387643,-2.89833492330827,1
1.1262335565684307,-2.7112216712354478,1
0.22349997986269846,-2.340912959887076,0
-0.19389977664131994,-2.3465221728090073,0
0.6445647007677222,-2.523815771893389,1
1.1028397642337264,-2.646163225914462,1
0.7012451227772285,-2.7270582256600258,1
4.14651334237315,-3.2329889462145873,1
4.43734253017256,-3.6278994149492263,1
0.5951140938560183,-3.0219732491734295,1
-0.9446424671287988,-2.4113011314521304,0
-1.6363739332013958,-2.149420596842159,0
-2.9786521404649373,-1.8989378264629144,0
-2.978747079716179,-2.049564795973751,0
-3.752133924603981,-1.9612077924093787,0
-3.9845697871645616,-2.619854486165394,0
-4.570690366383902,-1.8339817015016509,0
-3.8318742539110335,-1.9673971774509946,0
-2.2877606925993903,-2.5173498661411178,0
-0.1606363760394457,-3.093141786492524,0
3.661691416653396,-4.155150665586875,1
4.880412574799797,-3.55621081940641,1
2.7513434018588168,-3.4858927736365355,1
-0.016166958485807736,-2.5860701891619304,0
0.7135339980078141,-2.4005769620508977,1
1.0702155844328953,-2.6685109978188075,1
1.819003750469409,-3.0905787925034773,1
0.4969479969394596,-2.7249289092641416,1
1.2601662585464681,-2.804296432352474,1
0.31259854642437584,-2.9940922121070557,0
0.7975324392969838,-2.859585916535151,1
1.9039398349585028,-3.2624164692807005,1
-0.10508446016689732,-2.9014555128210318,0
0.7020135726547387,-3.222460023220193,1
-1.6460528049831638,-2.583179886398938,0
-2.28218581100319,-2.2275620317003826,0
-1.7998309649873554,-2.6418552529765433,0
-2.415868953547494,-2.4500320611332396,0
-3.3716552953578227,-2.169643619483893,0
-3.4076179930998576,-2.4829210061061233,0
-3.688433625416005,-2.0926449125796522,0
-4.166548579905926,-1.9974264331382152,0
-4.075215593711516,-1.9325652925183252,0
-2.843783017756413,-2.3466950590610898,0
0.05596672658103773,-3.0859317364266,0
-0.4000207139506438,-3.2052087799007722,0
-1.6759903481720013,-2.9924284469071165,0
-1.5516322452340336,-3.203426785951034,0
-1.4611994461725568,-2.9718513078255975,0
0.2810138525317975,-3.059271817220352,0
1.1314367651910668,-3.222023144863177,1
0.9679222034855068,-3.110278279791226,1
0.9235050504407145,-3.1968577083170273,1
1.288205675080459,-3.3704989350974506,1
1.6221326636314464,-3.451628013276815,1
1.6084139980709211,-3.1978224684012218,1
2.0592536721333934,-3.439327572457379,1
1.8229729181586614,-3.5456064861970598,1
1.227049974581504,-3.392181672778652,1
-0.7086290535576902,-2.865750317739273,0
-1.3332665215505068,-3.1047409459406436,0
-2.5805134751130376,-2.3685864162616284,0
-2.6246394099897397,-2.260305663446796,0
-3.069571042195566,-2.4287032850430985,0
-3.544819171868809,-2.2832731341822075,0
-3.5738348094231562,-2.178622329366312,0
-2.1026436668255455,-2.631093563459684,0
-0.6943584847821009,-2.974966320199937,0
2.4683210938583517,-3.94877565709971,1
2.9117496711637894,-3.997934696067115,1
1.2970901577963152,-3.8516905255325593,1
0.24810102195523032,-3.519584461707077,0
-0.4378462049089416,-2.9941419906410176,0
0.1853769227964771,-2.7606862766278595,0
0.16921708664404647,-2.5044118799283104,0
1.3736866757529773,-2.7302094437480595,1
2.670214935404978,-3.401456607845696,1
2.8302475195658503,-3.4469265930922726,1
3.9545602155928745,-3.576208022790045,1
3.833709763786059,-3.5087411967284443,1
3.7634952175936074,-3.4999814422525968,1
3.063685988854749,-3.574246140432427,1
1.1591119492368627,-3.2430646787993678,1
0.6570281387982925,-2.8930790963786457,1
0.2892017776853468,-3.117319097801241,0
-0.08699441981323891,-3.0158383960302904,0
-1.0389669100918197,-2.6728338119829798,0
-1.9963930045846034,-2.316935211374674,0
-2.1948581314616855,-2.1108404316228415,0
-2.74792164239381,-2.138604225234797,0
-1.5314028869670613,-2.560457648143215,0
-0.49999229567140946,-2.8355135565995493,0
2.039425672731424,-1.7898225280695261,1
3.7558297380311925,-1.4408704179464176,1
3.039277830900948,-2.668508318615549,1
1.5597113667300118,-2.531078956139347,1
-0.6927229208562572,-1.9187262730166508,0
-0.1955346716638914,-2.1998656660609996,0
-0.6270414544649372,-1.917537415969937,0
-0.9136015857592433,-1.7944589994112574,0
-0.43989624534843047,-1.8910865772292034,0
-0.16406959003268395,-1.9340839281684068,0
1.037391828929003,-2.338998482697195,1
1.3452867866201477,-2.6697781297531167,1
1.7507635993071655,-2.792937891309601,1
0.21711455923200984,-2.7750873501123885,0
1.5735636739233554,-3.050716428753548,1
1.2450163592244223,-3.0869806694457487,1
0.16830222407417855,-3.1390688783834757,0
-0.7103693625141616,-3.017682979872701,0
-1.0221627318667414,-2.915601834071197,0
-1.1548300248760421,-2.6019746353750848,0
-1.4325680309246178,-2.8718448555027205,0
-2.2734210386547486,-2.5487844004677473,0
-2.888366973931626,-2.3380426748424306,0
-3.356740252122835,-2.2692606368356474,0
-2.4143367738378503,-2.3378029390340203,0
-2.0950379361374547,-2.4249029554076458,0
-2.2357666893382264,-2.1251110661355437,0
-2.3618866444148336,-1.9392565166492994,0
-2.1627242107613176,-1.8597650442169347,0
-1.9597155791062781,-1.8530022864703444,0
-2.0176367788905494,-1.862429325758618,0
-2.638780585718129,-1.7814510245197999,0
-2.6860088117427203,-1.7303616717362644,0
-2.08649070001637,-2.0392401483747116,0
-1.7814625535855602,-2.2484243740510745,0
-1.245216197049842,-2.383270661589781,0
0.37257613087278435,-2.365180518338482,0
-0.05694017429713256,-2.485851998975167,0
0.4328308529851156,-2.6957509561612305,0
1.053317666705682,-2.7168885706559127,1
1.1484277384829944,-3.1640389466501877,1
0.31771649601175594,-3.161725498580922,0
-1.3261377297827044,-2.8187528816862892,0
-1.540110752895818,-2.5384520824133263,0
-1.8975424254448656,-2.699632884179868,0
-3.0426579501046156,-2.269016263311148,0
-2.9472912564715146,-2.390937879801742,0
-2.3193456849047798,-2.8256606085890215,0
-2.1525800993334414,-2.7872117687235463,0
-2.006764342155719,-2.678668918996533,0
-0.7533346232357155,-2.4270118468627686,0
-1.5430657626462552,-1.9142386153959543,0
-2.2711361979475315,-1.737880848960198,0
-2.2071250102162394,-2.069700160297807,0
-2.996303915034183,-1.9369663787684293,0
-3.44210528284529,-1.69906610786899,0
-3.1880860093763133,-1.9259916230535739,0
-3.0985762994082697,-2.091414520506339,0
-2.636990817898058,-2.3896293358036536,0
-1.564808824067258,-2.720416440444985,0
-0.5774977986567263,-3.031665647752568,0
-2.2305472943530433,-2.8475505513214885,0
-3.1731978955032294,-2.320698310291402,0
-2.254252436141764,-2.4562290403761824,0
-2.20225419220722,-2.9324379723702383,0
-3.738154258727282,-2.371299220828026,0
-4.566562221294083,-2.024232762303205,0
-4.522071337315512,-2.636304405486163,0
-5.58524570406197,-1.845304585717811,0
-5.6968414019374976,-1.828167931125749,0
-5.634194198373908,-1.950659898560061,0
-4.64744093338391,-2.29094043332308,0
-2.944343516606542,-2.7118629690619205,0
-2.6232513063871785,-2.802752427408877,0
-3.113346989859629,-2.6952307401793005,0
-3.265960699336673,-2.800151860628467,0
-3.4669813418818474,-2.658999048837774,0
-2.8961071566390544,-2.682892203518108,0
-3.172593049821939,-2.568070510314614,0
-3.5485729086538784,-2.6408047135637864,0
-3.334482547734585,-2.6504429924419877,0
-3.182717121893714,-2.708911725704417,0
-1.4278190732522928,-3.010357051449179,0
-0.9246173071643723,-3.115162991775125,0
-1.048095862172857,-3.1403946863013164,0
-2.547459333485255,-3.016496485935858,0
-3.679370835009017,-2.6386534240918733,0
-4.112678097344627,-2.544985343790267,0
-4.797453258821461,-2.336732488445455,0
-4.981637750262495,-2.2787117219986337,0
-5.52195026123955,-2.121817091496445,0
-5.494090973493184,-2.889813912944103,0
-6.222733226418478,-2.074132283194863,0
-5.9994417198993855,-2.1115170816340996,0
-5.854200835473759,-2.1543891544334186,0
-4.5404248778599685,-2.6294590843482846,0
-1.831162414720933,-3.2708130744465342,0
-1.500232181154965,-3.18883629345664,0
-2.588871144637525,-2.8179401180651933,0
-3.3911493051698773,-2.6090361474941997,0
-3.7823877071168486,-2.4138085853370352,0
-3.4905071709692153,-2.3601963480669403,0
-3.113038489561749,-2.4222468901759022,0
-3.168058837544709,-2.4772739325018116,0
-2.9496500030306625,-2.461398583928196,0
-3.0197781526700305,-2.431311698196831,0
-2.1545813543461874,-2.58961337437809,0
-0.809940404020929,-3.0035404095765044,0
-0.15972103532623114,-3.1117359838026903,0
-1.336230007752547,-3.249746878748627,0
-3.093502101064091,-2.7714471480699414,0
-3.1318196777281493,-2.721120404746442,0
-4.016083791707758,-2.7468720539699594,0
-4.424477175214179,-2.686901793293025,0
-4.808545628562828,-2.4176437915117677,0
-4.270286037776968,-2.9798291290563226,0
-4.515404911975529,-2.6313068069718977,0
-4.269096487974136,-2.6022535934399604,0
-3.589166944562641,-2.8476250721767737,0
-2.6526296620348515,-2.927046525846037,0
0.29436450923594826,-3.4762043007051653,0
0.8549076175327643,-3.588131870526573,1
-0.019593116628329594,-3.2864510304701593,0
0.13601502156441192,-3.0818301449714744,0
-1.7338743257769678,-2.4092674292866794,0
-2.123410861933396,-2.166119454522671,0
-0.6611251236796446,-2.425025152172364,0
-1.6946659490027014,-2.22025256001214,0
-0.49862720670458277,-2.5006078845333026,0
-0.31969895455048997,-2.5829469315550457,0
2.3383550041652783,-3.098467922135849,1
4.416026043910977,-3.729489628103657,1
3.878593153921144,-3.7670453270680535,1
1.652414063017879,-3.372456811397102,1
0.0838642040231285,-3.020781420989395,0
-0.5271036406675222,-2.7823903429485295,0
-1.160732819442729,-2.8049724330012933,0
-1.4139401925488735,-2.765807159809606,0
-1.9170265489275227,-2.57519719188935,0
-1.943061907194235,-2.582886546535031,0
-1.1528184946475435,-2.6836995910984625,0
-1.1238618814277854,-2.557044233071327,0
-0.5274981036930093,-2.709916731151472,0
0.121569649888207,-2.833537022370635,0
3.1132478061474114,-3.330379885310696,1
3.299714426746415,-3.434072440587128,1
0.533817802034852,-2.8989533602908693,1
0.36443533379422294,-3.164415360238672,0
-0.49030539301718246,-2.7114940247797805,0
-0.6830209867729391,-2.533806878067505,0
-0.6873743429197517,-2.350681623546583,0
-0.546127016297919,-2.40756796245453,0
-0.41407116702291025,-2.3566590527907887,0
0.5689615388929808,-2.49904929922508,1
3.3751258166839824,-3.0487657210618906,1
4.27580714384467,-3.711883196483781,1
3.1074271246940848,-3.1767797687283585,1
2.048067970590764,-3.201126384278438,1
0.998598695242292,-2.7207435622993152,1
0.5824019973233315,-2.6664034785763704,1
0.16066494316904695,-2.805882711421138,0
-0.18667567063013496,-2.8095852225765316,0
-1.0192141833893518,-2.6098077287154573,0
-2.1554391870222114,-2.340925105468392,0
-3.3986537635252327,-2.0606037757655815,0
-2.3634055634710305,-2.2589265780501604,0
-1.6276359787778392,-2.4415358558368037,0
0.019609929278887547,-2.8688167015396124,0
2.988403292822641,-3.2195878050376896,1
5.751604615003999,-3.3842013502239516,1
3.1824880999589023,-3.3784273072024575,1
2.66795081956657,-2.8104665429668376,1
2.751710730883256,-2.756204700385241,1
3.0906903680130835,-2.3504117819202377,1
2.8593849462137206,-2.1920052093866738,1
2.756813199203727,-2.17036513641131,1
3.09790149699844,-2.5649927890788726,1
2.650682792948217,-2.180416205983008,1
2.0646544406800578,-2.3159327897235586,1
2.280611713435118,-2.4529492745518784,1
3.507491385700731,-2.852652588372046,1
0.41366101601604227,-2.4805133341877985,0
-0.7187135556175704,-2.3086793983025866,0
-0.044466741218584696,-2.396901468952571,0
-0.580126280722447,-2.762902305061814,0
-0.23585881611385626,-2.77851995779183,0
-1.5103874324481878,-2.6473846503970484,0
-1.6020863263848883,-2.2761551585529913,0
-1.6445352534459172,-2.551207597333062,0
-2.306841286428635,-2.263728182909449,0
-1.6256154958926752,-2.6059231996620236,0
-2.9799323391231543,-2.447734438183848,0
-1.1074504683468045,-2.604418200702906,0
0.15240837673855184,-2.796299173946363,0
-2.606259038903209,-1.8103444340880908,0
-1.9719955204830235,-1.4255484478835019,0
-1.747099419162392,-1.5299331380301158,0
-1.2471910623621956,-1.5760818457083474,0
-0.5106962843121985,-1.8418443789323098,0
-1.5536725803909133,-1.5046519707366217,0
-0.6899097423642944,-1.871156279543015,0
-0.21375849104774708,-1.8275665488562323,0
-0.0601933554067432,-2.0496481462815397,0
0.63538903733779,-2.3299107003325195,1
1.290365741204207,-2.4552089044193424,1
1.3866238786017937,-2.7640121127138966,1
0.3524818346330282,-2.398804721978603,0
0.13131244942124456,-2.2700763862011,0
0.3858584295647052,-2.580438592077085,0
-1.4415828637621835,-2.51665516723065,0
-3.6004436899167414,-1.8762270590942114,0
-3.740070041160004,-2.0421489969721804,0
-4.336358879261882,-1.4899739190993913,0
-4.602853995545362,-1.4836798900958494,0
-5.047484978653733,-1.3665163487563396,0
-4.21907819599814,-1.7378502395812665,0
-4.026043624616267,-1.8572313117768444,0
-3.8240441925832656,-1.6370784059177572,0
-3.8275091680344024,-1.565768398029114,0
-3.5274341770386983,-1.3873686616757117,0
-3.328724926769093,-1.4198027866356453,0
-3.169554546130239,-1.2182594127716329,0
-1.709806488347492,-1.3374997754584714,0
0.54116681927519,-1.6685423088518825,1
-2.0838796327391322,-1.8997389563429403,0
-1.2935997245602837,-2.137300397436638,0
-0.3951469291041953,-2.0786452576146326,0
-0.45223404025715924,-2.7125538273322007,0
-0.8561440158168339,-2.6162601851362193,0
-1.5444961243490445,-2.3477221456980066,0
-1.7209268970617115,-2.4063024292978987,0
-1.461865903263954,-2.4913893061367847,0
-2.463330788532034,-2.5310718940610277,0
-2.750673794339358,-2.266022913148318,0
-3.6905159773986966,-2.012722859167677,0
-4.154002555244933,-2.345045009280232,0
-5.0928375929946155,-1.5462884707229783,0
-4.6740718631594484,-1.703672857011538,0
-4.440255469222598,-1.7701600330919676,0
-3.3377035248097013,-2.07382635046748,0
-1.1642223611553335,-2.738618383492841,0
-0.6738779591463483,-2.689960077925386,0
-1.1009773378733785,-2.606898014153518,0
-1.656605479366078,-2.563366480022067,0
-1.7946831665580647,-2.388129277468183,0
-2.190575351971965,-2.1238521479629067,0
-2.2803381745950793,-1.9745757998591578,0
-1.780732923854188,-2.4064949871488253,0
-1.4598661319793809,-2.5227746465107157,0
-0.7171900812681479,-2.643132012377485,0
0.3764874171306797,-2.9431632506630434,1
1.8361742554615936,-3.0346705230104383,1
2.163059184942745,-3.292115273755959,1
0.6312841631096248,-3.2960137742884306,1
-0.8301004123819852,-2.995039840034893,0
-0.09327804602347634,-3.129851217099875,0
-1.585980403881915,-3.027744559683186,0
-1.1212030983593684,-3.1021497711790826,0
-2.0133601968944106,-3.0764778230423437,0
-2.898094835497078,-2.8351738466233565,0
-3.140504181987847,-2.7274334222294927,0
-2.838071798839924,-2.7818708366205525,0
-2.176975367612861,-3.07203047398712,0
-1.1713132128087647,-3.2348396464474707,0
2.8387938484380957,-3.6695846854138128,1
4.99859282545314,-3.73286514305178,1
2.832177731831915,-3.398571272701826,1
1.597037582088418,-3.111117136860933,1
-0.3684152274794017,-2.6144279640249404,0
-0.7290041580073988,-2.1197452727929003,0
0.014933296134414476,-2.0563507989137335,0
-0.15531797941572037,-2.148279806051981,0
-0.04816496607737754,-2.0277292616907743,0
0.004663539092184781,-2.002807082985974,0
2.415941727540333,-2.5355381519726055,1
4.8191545227359045,-3.1524132214676976,1
5.078766866193064,-3.2789881703961994,1
2.4286459592168805,-3.0652955207544665,1
1.2563774899772036,-3.1730051047338845,1
-0.1804657140235735,-2.72798217949245,0
-1.0798045287404023,-2.678809463594109,0
-1.461098691346658,-2.6041989257690425,0
-2.1406577889750946,-2.464776893241437,0
-2.607308087037685,-2.4095073439655006,0
-2.747927274892239,-2.231276335203716,0
-2.238783418078336,-2.6464635042385964,0
-1.667052805251467,-2.796732781834094,0
-0.23996149338920966,-3.089768247586847,0
4.084974475206839,-3.7202817286076337,1
5.491571698091728,-3.525800304155409,1
3.722057126797386,-3.3352512976932522,1
3.0450840540948594,-3.333779917776178,1
1.7213842344767258,-2.320397753804506,1
1.575370822589712,-1.6416785171567694,1
0.9420578121285189,-1.158160527364139,1
0.45743582469010363,-1.0589469460031127,1
-0.15484523935074135,-0.7424607266333059,0
0.7781306187414175,-0.8201777871827313,1
3.3794240402825206,-1.72114023081689,1
5.531483605310714,-2.3166238308139264,1
5.401134237736152,-2.3908503049416696,1
4.57960303775631,-2.5223568388006656,1
0.7177054141980953,-2.072005345730415,1
0.4951488082779445,-2.1166605474117413,1
-0.6691243316615852,-2.0446604352661604,0
-1.3186742497256316,-1.9366742239884607,0
-1.7110983883058017,-1.9337250010547369,0
-1.5539097909209234,-2.2567393065327206,0
-2.0069533882032355,-2.204267605342793,0
-2.0806466183218757,-2.1944274823754917,0
-1.8352122365226422,-2.1941704702278457,0
-0.8159711932265503,-2.2409276186483127,0
3.8284081385752997,-3.111747758665689,1
3.9784036555060065,-2.656885989310876,1
2.9510821470242363,-2.740412744750547,1
2.0911119590890492,-2.0164815361456125,1
1.5040494779256512,-1.6363589763574566,1
0.32861760222274894,-0.8244259636129202,0
-0.08775033262617658,-1.383491294309007,0
-0.19571219152505984,-1.4965831658405075,0
-1.285070303756694,-1.3084289888247111,0
-0.29231330121340476,-1.3067281876730812,0
1.2445259169326064,-1.7758472978159716,1
3.142376342357826,-2.6338048524858992,1
4.534670095435083,-3.0486621698050884,1
3.1377956834271354,-3.151083587033523,1
0.65142483610334,-2.830543255008155,1
-0.6212570435690288,-2.451549649458239,0
-1.282797462845482,-2.3732589334193905,0
-1.3690483728626117,-2.4701316357065664,0
-2.2814984939871197,-2.3062706462271816,0
-2.796746268551931,-2.094604333207924,0
-2.475586111858283,-2.2015838927246167,0
-2.9363863021489216,-2.145030539702071,0
-2.6789852981309634,-2.1733105286538663,0
-1.6289189797528,-2.557594932649426,0
1.5041310557962924,-2.793295140284455,1
4.152603934920247,-2.934413944851561,1
3.9722872120875214,-3.110553732188232,1
1.2991157912841442,-2.0600096935445924,1
0.7836479603864397,-1.6075630138611423,1
1.4261771287528542,-1.4089822131717384,1
2.3121782058294746,-1.4781715636737494,1
1.6371729842101654,-1.4044040027164948,1
0.7229212630433822,-1.0913298316724074,1
0.6516326073810146,-1.3529837748285194,1
1.8151589839975564,-1.5890399401044748,1
4.639018587491684,-2.241481070666424,1
4.727498153915865,-2.458331626776017,1
2.596836947632125,-2.4861772337546717,1
0.008737768413116725,-1.797554880245384,0
-0.02415497927863125,-1.8318552296100992,0
-0.17627013034058575,-2.2835227165059524,0
-1.3637251263602443,-1.9480235519083262,0
-0.7543944264975234,-2.0069898607364456,0
-0.9817000667830382,-1.8114973075167145,0
-2.5883790601180983,-1.2697400657751632,0
-3.26743640889766,-0.9436026421013994,0
-3.272120547376363,-1.0776197043163838,0
-2.7434839737494534,-1.239171882165969,0
-2.1017277041287685,-1.091442637454052,0
-0.9371115719829722,-1.074162542421083,0
-0.6858082111208521,-1.0701660536371458,0
-0.36905878365520456,-1.2291881767974107,0
-0.6173597050882708,-1.2294549946710158,0
-1.040062745058211,-0.8637586370988528,0
-0.5799887018950485,-0.8481608602753193,0
-1.7937026138815158,-0.7086637267658866,0
-1.1211178228622392,-0.7614923371495718,0
-0.25625091451828147,-1.1377266868557814,0
0.15859033214380452,-1.3397641765494601,0
0.1176278861462848,-1.4273727193861876,0
2.6803706122762843,-2.1590769301515573,1
2.7631842816476246,-2.700350904610614,1
-0.23312003750902846,-1.8394963668602646,0
-1.4617116740568552,-1.2528771031388095,0
-2.582971496908662,-1.1835274694786506,0
-2.28830403662216,-1.262374899221832,0
-2.120936955732798,-1.3282570808307579,0
-3.290609408320699,-0.8290805215691126,0
-3.1425000570557486,-0.703986058587364,0
-3.2401731150601925,-0.7494790646202647,0
-4.236856025107677,-0.5518679892355144,0
-3.4704974038532854,-0.8628919278524579,0
-2.4878163581839243,-1.3236602431416324,0
-2.1070928867234935,-1.2133183695058285,0
-0.5937910595625274,-1.550150814891848,0
0.6985501435394388,-1.7713596028420682,1
1.6601465250220515,-1.7872228423480054,1
1.1462414578386795,-1.5091261658980042,1
-1.774955607088368,-0.642300635488494,0
-2.0342519255077005,-0.13571690359553754,0
-1.1685101882134248,-0.34250336090020345,0
-0.6588884391999151,-0.6692430760322716,0
0.06299540911898774,-1.0561420351109412,0
3.7548243502186307,-2.071567146135987,1
2.861594147940634,-2.164310838141763,1
0.5414102382949202,-1.6341176500632866,1
0.8829060707042913,-1.645779172565633,1
0.6712991659068775,-1.7381009780921157,1
-1.4411595126968655,-1.4331928985990567,0
-0.948607547238988,-1.422976555779627,0
-0.7266053825910966,-1.6667872787589995,0
-1.284435386153669,-1.550325621132645,0
-1.889874588871843,-1.5117555553205804,0
-1.924404209002647,-1.494280142990629,0
-1.0258859943788614,-1.639289061608797,0
0.21106703009925273,-1.8122468252016637,0
3.0702514711604016,-2.2624253213604577,1
4.568847406279401,-1.9455178536011544,1
1.6966932422353969,-1.9418003667301675,1
-0.23888455148889134,-1.282271022868468,0
-0.3067342297805085,-0.8627337929190735,0
-0.30570810304555013,-0.6862624663546172,0
0.01745654081756845,-0.6107843925864136,0
0.010330491232600087,-0.6946335004028006,0
1.3598806973071,-1.096654396076113,1
2.5009702281484625,-1.4002821885791512,1
5.518182748985736,-1.8632308723565107,1
6.566203027566234,-2.015119788925328,1
6.380383406709458,-1.9703573036609185,1
3.1027685568536425,-1.7712302249952285,1
1.24489908890851,-1.539377183393177,1
0.7302567881058496,-1.4479926396454732,1
-0.7639752519357318,-1.553163324125893,0
-2.737572884718037,-0.8368704792297752,0
-2.819694850309508,-0.9675093815173198,0
-2.6811541555766762,-1.146378576911791,0
-3.322245080441393,-0.8771323473589488,0
-3.2679411242220167,-1.0701987168986018,0
-2.1716214252023565,-1.4577320800008795,0
-1.3771699397851136,-1.5769671420337268,0
2.2583706538606236,-2.063837593181894,1
3.4400879020652946,-1.6460570132650023,1
3.551806812038181,-2.05190724975398,1
2.5138964564618367,-1.5869451044857412,1
1.021104702756549,-1.0069332634513404,1
0.6190393317177977,-0.7266404746767353,1
0.49805857461471875,-0.7390066849913821,1
0.716485716724628,-0.647301465572986,1
1.3837687526881137,-0.9202442177969461,1
1.9954983720590431,-1.0040185771794994,1
3.971914375109543,-1.3407074384085815,1
6.569361918929281,-2.008653893136174,1
7.502555681461452,-2.1870105755510116,1
4.97895325350288,-2.4813836397471123,1
1.2855662836604675,-1.8647401594053594,1
0.3254323130056997,-1.6247527423191084,0
-0.6143522234455083,-1.68284171367637,0
-1.343539921099543,-1.6045436661558927,0
-1.816135385667135,-1.519574921824873,0
-2.388471556671406,-1.4089770052337753,0
-2.54175634741351,-1.6196516871397098,0
-2.749565799352174,-1.6209730200007646,0
-1.8914438630524584,-1.8178199773122174,0
-1.7721440170170033,-1.8156375972857157,0
0.7856049123785216,-2.0539054508498826,1
4.555932868249091,-1.8114563062723938,1
3.6526101985579387,-2.3262141372660947,1
2.7613187665109002,-1.8183930077458481,1
2.279290663615212,-1.3405458755103936,1
1.307187514285806,-0.7973894897709278,1
0.9398567157018559,-0.7821210006313033,1
2.4688779137187384,-0.7758093228966538,1
1.774486376921361,-1.227395834793239,1
3.0000636895068453,-1.262508912343599,1
2.966576247607947,-1.2620493069758683,1
5.3100936244498,-1.6776241951055852,1
4.92963251977666,-1.6671650210573299,1
5.191552270603697,-1.9144157685032308,1
2.786641710032331,-1.858891405987346,1
1.9514922198539024,-1.7357748382345712,1
-0.24499961047750338,-1.497653139251978,0
-1.310794853104955,-1.275951806776821,0
-1.8592354477467836,-1.2613586018085057,0
-2.5492743560952276,-1.2473749448600933,0
-2.642073531201782,-1.3162227878665282,0
-3.139969616655022,-1.2328275453211366,0
-2.4930505384454866,-1.4667214198655874,0
-0.45829724129461047,-2.0660187005280437,0
3.772924397793982,-2.4767443348870466,1
5.372694870426281,-2.1644214475951986,1
3.7492232486983617,-2.2352931229967057,1
2.1336457278890935,-1.7361771689919547,1
1.672492194336847,-1.1139688169498776,1
1.1949629197640557,-0.6469190624331911,1
1.2840134773055158,-0.41261027166517383,1
1.0504108306428435,-0.395476994778874,1
1.0285105964511023,-0.3944230798960456,1
0.139435414373305,-0.5129928884847977,0
1.976280622046591,-0.8703231559139935,1
3.843072999662725,-1.5769309180930513,1
5.128545125378219,-1.9988729965071128,1
4.123212514999658,-2.370280554533219,1
1.3338688304787931,-1.8778832869932054,1
1.026196590177312,-1.8335136639111904,1
-0.5737275343300583,-1.7721762134484649,0
-1.002061626731462,-1.6718835782554156,0
-1.2069825088616866,-1.8047294120669348,0
-1.877987971366222,-1.8144661910875217,0
-2.1522851373770333,-1.7723125739476369,0
-2.605675524599376,-1.7811368669777239,0
-2.0111043624473863,-1.9280538856068739,0
-1.055729742159781,-2.016593248553578,0
2.1999158228522724,-2.2267659624084026,1
5.012832175805604,-2.091149295295892,1
3.3386666027118177,-1.926387105187965,1
2.543409237770205,-1.5686707598161864,1
1.2354708011102402,-1.0688563558704778,1
1.4601512337735192,-0.6129312960056387,1
0.5219768142048854,-0.596188826588733,1
1.3918643480854151,-0.6108305108862299,1
2.443197410654904,-1.2169936874773937,1
2.688555853386617,-1.251150917350057,1
3.610184804397334,-1.5468925391763428,1
5.280168699641382,-1.960038550024715,1
5.0817604563405,-1.7926619937219306,1
4.350459853452604,-2.303006921062533,1
0.5936658363370992,-1.5151656352440788,1
0.5473541522798548,-1.50098917622755,1
0.030789688533327784,-1.824094503492425,0
-0.06975208341555794,-1.7565003585104746,0
-1.9606182995369439,-1.345026924671791,0
-2.1186354215738885,-1.0122462535785028,0
-2.6042066464205407,-0.8633093853702847,0
-2.500882035956742,-0.8830968521155412,0
-2.80543829410399,-0.9065552487982678,0
-1.7396639388548305,-1.0756109565367407,0
0.9945237954601892,-1.434943088270731,1
1.4813400718159626,-1.55423686651949,1
1.2387270025681894,-1.5300587853750802,1
1.1216952578046697,-1.4322621701941785,1
0.7915398007537037,-1.2788236663514738,1
0.593838465557901,-1.0620157620374813,1
-0.23726370331663504,-0.6924261251318128,0
-0.8899224405443453,-0.32347784337931507,0
0.4967746023597781,-0.5763746698725932,1
-0.4324706748797909,-0.576734621812437,0
0.459592376416729,-0.9009704671293729,1
2.335449476260234,-1.3628959810729153,1
2.994930947009072,-1.5072554951010666,1
2.100305491771146,-1.9051828130161916,1
0.7623231237073372,-1.5334618038526884,1
0.9694757959597141,-1.3245052330879417,1
-0.05790551971861593,-1.418639454396647,0
-0.4169904195017893,-1.4237199155696414,0
-1.2578482204835744,-1.200703518209463,0
-2.0614606247258376,-0.8300233452760611,0
-2.676107531879544,-0.5872093293689253,0
-2.676093659810879,-0.6857341344839879,0
-3.2394475108334664,-0.5257491836477012,0
-2.446959892089175,-0.7977648996966512,0
-2.5317506081461643,-0.7563327845339073,0
-1.683043974180736,-0.770883726627824,0
-0.4308076928527336,-0.9143058814796471,0
0.6861864113688894,-1.2046549440821523,1
-1.2913732466172214,-0.6972698408785086,0
-1.7689843451195828,-0.23836397635973605,0
-2.6316312463556892,-0.010991283229569151,0
-2.108503207657489,0.28941206138396564,0
-1.690298774798308,0.019719308240630264,0
-0.8428847725641762,-0.2060905804506944,0
-0.2528374737005823,-0.5916551643865495,0
1.9313720360397983,-1.0950514886592593,1
2.9520397726375562,-1.5560270056764642,1
2.5282978708152806,-1.6971432834489137,1
-0.12689925836065566,-1.009790664503972,0
-0.6660943882249721,-0.8719212605143618,0
-1.0107510191090854,-1.0019492846582567,0
-1.1164492288076484,-0.9889978686091188,0
-1.8243186551451271,-0.8543665791180873,0
-2.221303454016635,-0.714704685712074,0
-2.6873873815909373,-0.7056656463923161,0
-2.7304124667680045,-0.8195737670795098,0
-2.0560803001270225,-0.711041034936712,0
-0.2917881976379743,-1.1864279859553308,0
3.162035278628618,-1.374637729999873,1
6.240038308767851,-1.3800137926678266,1
3.229068126899989,-1.6661663364505672,1
1.6033170074481655,-1.049831437797356,1
0.6355984791021928,-0.6823492265969787,1
0.12963547944712156,-0.31629928258944123,0
0.8780652787818357,-0.08444874689361244,1
0.4113051203316422,-0.1901264999990176,1
0.667492585332354,-0.19103434612816184,1
1.7171246753053726,-0.42362077196853903,1
4.693489173335995,-0.8896537464318636,1
6.393646014571336,-1.4437479464394585,1
5.6341129804522865,-1.588651917818931,1
2.835849878007532,-1.4231347486050194,1
0.8611641081123488,-1.1513868943444903,1
-0.6546964295396205,-0.9217841993227027,0
-1.0659975471710978,-0.9488240333654339,0
-0.7985170310414013,-1.2316324519982822,0
-2.240279298394291,-0.9096769307950836,0
-2.995732247924157,-0.6924331290270839,0
-3.2287686453626714,-0.8812014023035867,0
-2.979121299409836,-1.0051708266484565,0
-2.2611232175782483,-1.2125837568680615,0
-1.6261759465857588,-1.36367240373281,0
1.6411546492960234,-1.3985863930269335,1
5.0268324531470885,-1.227850328002367,1
3.6231046590255542,-1.4255365503782536,1
3.0359786529781974,-0.9986713960911762,1
2.7412741494413506,-0.6409543364038787,1
1.6798436465926838,-0.31239609764453924,1
1.5739544916570765,-0.17909592094498858,1
0.5211523516153389,-0.10384851360320731,1
0.06603250463058229,-0.13649417885532422,0
-0.05577016493482695,-0.23637964220154453,0
3.675629726527886,-0.7450317912182811,1
4.63743809577526,-1.2490894478879233,1
4.161349835820969,-1.131117117149056,1
1.6553122587042326,-0.9517791888475091,1
-0.0513482023321398,-0.48407303859875045,0
-0.1364989799854941,-0.4422842854310796,0
-0.4522122894298861,-0.7615330813497725,0
-1.6088397071077842,-0.7025237088251957,0
-1.7568648706682062,-0.5171713094558403,0
-2.3325402298252635,-0.31624182742883966,0
-2.3575932405679425,-0.39116460208566156,0
-2.590153730856391,-0.3058488565781487,0
-1.6364361892459482,-0.4835413534040452,0
-0.22037056222085147,-0.9377970958289317,0
4.5896837280625125,-1.1787902932746808,1
5.25252629444628,-0.8772951674596329,1
4.143177735428412,-1.0763802250305077,1
3.3604374929724634,-1.2492251912156556,1
0.8717651303684529,-0.6928964404995027,1
0.855965597451096,-0.3861848238702687,1
1.0588602025234461,-0.5923170118243497,1
1.1757807215146503,-0.937634660098535,1
1.4069884077774581,-0.8318752389869767,1
1.7934658057550632,-1.0824053581754995,1
4.375065503259284,-1.1255341262032046,1
6.764942709076877,-1.7103450508139675,1
7.098337549031714,-1.9657487473936197,1
4.036575293937858,-1.6580097953566288,1
2.2514327646296164,-1.4849151620476382,1
2.5056059368508734,-1.3731955250696368,1
0.9059794170627539,-1.414080676657059,1
0.41895122963109055,-1.376478544933696,0
-1.3640574217720445,-1.0697414058768229,0
-1.8301216474297726,-1.133031179340304,0
-2.5457579655120415,-0.8972922542107495,0
-2.4141618552839046,-1.0296179889571329,0
-2.46835701542623,-0.937594022131218,0
-1.2858960028994366,-1.0996104034134475,0
3.238442712656958,-1.3133934738318729,1
2.612963201947669,-1.3212056554625133,1
3.4301794877680356,-1.2645153600754346,1
3.332532330257854,-1.5999779907932818,1
4.062495225492147,-1.2996308624311756,1
4.002703942271974,-1.1064537589096288,1
2.9775329841520697,-0.9206500911578517,1
1.1578086803865086,-0.13989140046765736,1
1.5375278600863955,-0.4461601563451159,1
1.211724305329151,-0.46746090658615175,1
2.3155474482373997,-0.5867987270439678,1
6.507197548336926,-1.0545705448641205,1
7.894586114105119,-1.5585251347390094,1
5.700408248011275,-1.471603342762155,1
4.260251745524675,-1.329512476240222,1
2.5937925769644745,-1.2054355334331808,1
1.0608766700625585,-0.921127724122064,1
-0.044921709390822906,-0.8237776025751571,0
-1.1182927869020685,-0.6233944496071894,0
-1.161499123205541,-0.6517630333557479,0
-1.2118028052293313,-0.5918975199545355,0
-1.6365234154129313,-0.5106286919753095,0
-2.2290617658159544,-0.5204765582498381,0
-0.71815074368672,-0.7004265993201304,0
3.3592007691432872,-1.1526828068381656,1
4.422426527346158,-0.8963649751688225,1
1.5797992083045265,-0.6021143096547762,1
0.8112830933140658,-0.1747100594649487,1
2.1908566494766224,-0.3247494894758607,1
3.3986501396262274,-0.7397653254116349,1
3.037018974366914,-0.5846915525175136,1
2.405607469279817,-0.2670473410968298,1
3.2293577693369984,-0.29537845905632804,1
3.5177246489176603,-0.5227784209483632,1
4.946514146006501,-0.5312385588472979,1
5.874059777382148,-0.8674498469151792,1
5.113747026423647,-0.9062640628807079,1
3.470740174862689,-0.7327327224243504,1
2.721533999703792,-0.599657257765666,1
1.4290501565449025,-0.35660866141423525,1
1.6413109232708807,-0.6447566123702668,1
1.2186714315136837,-0.6128958059456711,1
0.12133568944317188,-0.5126429961396426,0
-0.3525452485507822,-0.3362493229067274,0
-0.5629029594207258,-0.31096967917615786,0
-0.8030159183011474,-0.21683688228620915,0
-0.84469114024675,-0.28370104154290693,0
-0.6327983669418376,-0.2559196578626966,0
0.5713748278007235,-0.35250137158654626,1
1.3862756168701496,-0.3847574789081473,1
1.568123481273698,-0.4769822857791489,1
1.3139837096450726,-0.5059346508217302,1
0.6929777083870536,-0.14673241574009624,1
-0.04563442362594689,0.10759464520036659,0
-0.9999217231237946,0.42742003491854974,0
0.01077486146993598,0.37424826746665396,0
0.2147887952828521,0.515808080036012,0
1.073872202785184,0.27837012809339134,1
0.99809756118515,-0.01606786874025625,1
1.0675875478104015,-0.13599128472000235,1
0.5404745244651822,-0.3361714533841257,1
1.176902620280067,-0.4937016260489785,1
1.3631136906774548,-0.5394363728227417,1
0.2414713080758138,-0.43303181405667657,0
-0.47064866677328154,-0.4970585938678051,0
-1.2603726794288093,-0.4024328352208486,0
-1.9169481889387985,-0.19558843543242027,0
-1.6487977866183108,-0.2025532128067781,0
-1.9492662178290197,-0.1519151895250371,0
-2.301605942232604,-0.20740738283439017,0
-2.3416891897830854,-0.13305622880344906,0
-1.2753567297143573,-0.2746058879673499,0
-1.4078233725618667,-0.32417984143765954,0
-1.056443319371799,-0.2928551930545937,0
-0.693799108839896,-0.3075128933335031,0
-0.745157076074824,-0.2156896112127576,0
-0.4876902627849614,-0.18184172246761604,0
-1.2341855468710505,-0.026289682666732535,0
-2.167710078960127,0.392642971686275,0
-2.1665806019803773,0.10071096650076548,0
-1.34693626281204,-0.4356581714494573,0
-0.384977140080178,-0.8059914716087976,0
-0.5174728565327412,-0.8272340555221126,0
0.005088932633811837,-0.8068302939823649,0
0.30300384837108746,-0.8274549617128346,0
-0.010311022460139114,-0.6628656324586332,0
0.05345101605483304,-0.6669731153572783,0
0.02563609603098736,-0.7398019797807187,0
-0.9622618918537754,-0.7505518904627732,0
-1.653198230354004,-0.6272875606839595,0
-1.8568267569044876,-0.5515935116926236,0
-2.046472378276626,-0.46630603191735087,0
-2.568459129997452,-0.27028786644571967,0
-2.6999009945350942,-0.30526192060719803,0
-2.601381727744529,-0.3026260349798508,0
-1.6398729727306796,-0.5228010347740143,0
-1.4767428773785842,-0.4535694497871235,0
-0.7891531998449973,-0.37165477056219604,0
-0.4686708163053762,-0.3691798972089231,0
-0.3917358519472146,-0.0894087791524316,0
-0.9565268559279015,0.12033501247545435,0
-1.5083817811436773,0.32782614936460935,0
-1.1384956405289495,0.5135285878159217,0
-1.3413994837673728,0.48355329368892747,0
-1.2993216409105652,0.2927624052921545,0
-0.2507398551370318,0.2196334584392409,0
1.3867412444040323,-0.40390345291450497,1
2.2623774944298307,-1.1179327075111418,1
1.1834056494944434,-1.0206243875183827,1
0.18051860988514246,-0.7613968600426805,0
0.09310926835887645,-0.7912924980208895,0
-0.012012032087205722,-0.8022651212366956,0
-0.9933135789867138,-0.790221026877434,0
-2.0869443915211954,-0.5702633316812016,0
-2.5626906494118877,-0.6251579541807553,0
-3.556285345876115,-0.351730586153784,0
-3.2550179205459764,-0.35579807177754097,0
-2.7989294357343484,-0.46300380816967013,0
-1.2676825432814876,-0.8384764946643847,0
2.4828841268435924,-1.286919651767803,1
4.756437399633837,-1.0628107432548783,1
3.4835609230901534,-1.286329951694578,1
2.511796139344768,-0.9956971609498961,1
1.1440231717521199,-0.667143373314246,1
1.3322168144791093,-0.42908584227122953,1
1.3516975906771838,-0.5175776433380982,1
1.5448458387485673,-0.5148114646778179,1
1.829674941075477,-0.6326844929544061,1
1.8049408916069432,-0.7242743009543139,1
2.887174304037298,-0.656174068887631,1
2.9594060393581074,-0.9987159615536807,1
2.061200941584996,-0.6928870030972891,1
2.3591590848389217,-1.0073756410461454,1
1.0303861635060456,-1.1418250038271054,1
-0.5983013099715905,-0.9254454012027016,0
-0.7105899968245987,-0.8175259548653633,0
-1.2918969319198597,-0.9764051826058067,0
-2.2024740800777147,-0.7759474523383756,0
-2.6451655161793406,-0.8577643336447638,0
-3.543797779893666,-0.729815936240819,0
-3.2587681631155228,-0.7904363918344658,0
-2.691100454260867,-1.0818563630701659,0
-1.9425609955571927,-1.0414339037014155,0
1.17080801725628,-1.4507888672489917,1
1.6730406422967559,-1.2575287756414206,1
2.347233260830067,-1.2617968021748456,1
1.6591297446152904,-0.9958184055634909,1
0.21071496113995777,-0.5176613927457517,0
0.5221324186641857,-0.18005359411597308,1
-0.04727818949478259,0.012032692986776651,0
-0.012663522294365586,0.06335019027503223,0
-0.18473993125522348,0.03655449083363474,0
0.24268923013912116,-0.11238722712343437,0
2.5221275176089293,-0.6051362528250667,1
2.9918533770270237,-0.8239393410113184,1
3.693965134343373,-1.0841243244769647,1
3.178198341603058,-1.2514121031629823,1
1.013042042501401,-0.8775044314423062,1
-0.2210543601842013,-0.6306781576077263,0
-0.013591229782072079,-0.6223388892375351,0
-1.362541464596019,-0.7069132497495634,0
-1.5829060851827794,-0.6862885585671169,0
-2.5594787196556426,-0.45380788640786135,0
-2.8693461287238895,-0.532832030514682,0
-3.0414508248639445,-0.49251237802146036,0
-2.4387214769506103,-0.6676279011427023,0
-0.9178921755540661,-0.8551646698304792,0
4.305633051888798,-1.4844091275465827,1
1.576348014772751,-1.5682733866155185,1
-0.29391920926241416,-0.745546225217464,0
-1.274558108293973,-0.508696029652359,0
-1.6165267763873843,-0.44301171809150525,0
-1.7163960792731383,-0.15511874987695637,0
-1.8815220431603306,0.021483955203385398,0
-2.3384083259708786,-0.020504114676651274,0
-2.0775367609800237,-0.0050284471072507214,0
-1.9173230465288573,-0.24388679948867154,0
-0.7799563272742691,-0.22173434677851064,0
-0.41190271409226925,-0.4899149186212557,0
0.04305859613187095,-0.727699591704983,0
-1.4586822974203295,-0.8135683211635863,0
-2.4964824494233446,-0.6510018976540421,0
-2.9432913797618996,-0.512108521710668,0
-2.8265750787657566,-0.5326481528411116,0
-3.829243181203313,-0.42978680230944366,0
-4.326652929243148,-0.4327046133317766,0
-4.25145307467534,-0.31070405331333556,0
-4.451839932556869,-0.3094711108846266,0
-4.456598367456062,-0.3830059174859044,0
-3.726966128930626,-0.6113370270404895,0
-2.993368443611454,-0.8482474852390058,0
-0.5636135113921906,-1.4380549967843537,0
-0.5917388602137309,-1.2618412828006578,0
-1.6534078048729677,-0.9559620770617159,0
-1.9939225993116276,-0.8470943411474516,0
-2.0168899647305296,-0.7100283954186354,0
-2.086614353871207,-0.6591787920434553,0
-1.8850682979037714,-0.6922676107969685,0
-2.453439243833568,-0.676536904466562,0
-2.2727090401865735,-0.7601333289458619,0
-1.8103214080053098,-0.9616810050209006,0
-1.4830320086844535,-1.0262080614740905,0
-1.3321144437599592,-1.318780544648381,0
-0.7020920841793918,-1.501101194288561,0
-2.1360753246481594,-1.449981023433204,0
-3.0815938725768524,-1.3298527843699046,0
-3.0889166155884196,-1.1978501820443015,0
-2.1643242763773864,-1.4194042474193833,0
-1.2502060891851612,-2.0217990573904054,0
-3.298914017826363,-1.6069014888819193,0
-3.9487550717333715,-1.197100578116237,0
-4.102778272836659,-1.111864758783512,0
-4.556493441326698,-0.9914716014192606,0
-4.225756220073534,-0.8968818581225766,0
-3.0270213888993096,-1.5381609110305754,0
-2.134148041066474,-1.8055591866612068,0
-2.5853304633348517,-1.2871555608458838,0
-2.8043626931901757,-0.9681705335331225,0
-2.845138239357499,-0.9461020618180113,0
-3.0358922569121916,-0.8523141352965592,0
-3.1556134638681907,-0.6622622018384803,0
-2.9663055871109614,-0.5502959473694751,0
-3.1494592515970554,-0.26107802165675087,0
-3.0303056094570118,-0.2715737383807037,0
-2.6287983696402453,-0.5191387793683918,0
-2.198438214064776,-0.5771963414729633,0
-1.941275279772688,-0.7662759324613719,0
-1.9750332616612092,-1.0832102670643642,0
-2.1716073784236025,-1.1631192828281605,0
-3.0183242560762498,-0.9303326877646971,0
-3.065999625120407,-0.8738792307025494,0
-2.7637981635931195,-0.9880096200166864,0
-3.010579503668618,-1.1851500993834216,0
-2.8148319755160838,-1.0803051992144586,0
-2.8754227495544504,-1.0515082634989639,0
-2.6459546829042395,-1.3057926087637617,0
-3.4168579139551407,-1.0874557365358521,0
-4.1752774983608765,-0.9795793534423749,0
-3.803229381981929,-1.1013290232827218,0
-3.104812875479046,-1.4175073134062497,0
-2.6090841455738825,-1.032885242156212,0
-1.6043624217532062,-0.9229997628845239,0
-2.2010472693706973,-0.6084453533839601,0
-1.6262319848773135,-0.3436005660609897,0
-1.5464991612034098,-0.24810768876017852,0
-2.554720514882287,0.2182924953420024,0
-2.447401181074958,0.15921462631017202,0
-1.9850875148026261,0.09997847500582022,0
-1.5471799168634175,-0.29659494040754336,0
-1.3330702356235544,-0.6251415622376375,0
-1.483848867293211,-0.6004294925826058,0
1.4125672210456501,-1.104921788761514,1
1.0343150106202434,-1.4666860375131294,1
-0.07139643030264603,-1.0606509853413404,0
-0.0858660071024407,-1.1227184257374043,0
-0.5012153195948811,-0.9942883571934489,0
-1.933922504474045,-0.8109416447641429,0
-3.0068758148724264,-0.544864863915365,0
-3.2226570408945454,-0.6872596712108728,0
-3.5308538427654472,-0.7459812003345795,0
-3.8383171703770187,-0.6216518477401577,0
-3.4238398768461815,-0.8757162840369984,0
-1.4096210512243565,-1.3651368739851808,0
3.0006597015861245,-2.0480251259950926,1
4.222676202286378,-1.6392594895540122,1
2.5524899165842125,-1.6334238714879894,1
2.672717437875537,-1.3024255663250126,1
1.3461793107889386,-0.8502807969454581,1
1.1458843594009926,-0.554949936012859,1
-0.22295491375069523,-0.4526246186151291,0
0.48305984720503403,-0.49593021467837745,1
